{"name": "UNET", "rmse": 167.9295411909269, "Absolute Error": 11340485.28420515, "r2 score": -0.0966749134677396, "mape score": 2673489447111414.5, "erro_per_mean score": 4.18475965760982, "alloc_erro": 5839146.218785382, "spain_alloc_erro": 0.0, "alloc_erro_comp_bool": 57207.0, "alloc_erro_comp_value": 94389.0}