{"loss": [125.3111343383789, 122.139404296875, 121.6355209350586, 121.28917694091797, 120.99593353271484, 120.74622344970703, 120.55525207519531, 120.4090805053711, 120.2911605834961, 120.13961791992188, 120.03945922851562, 119.88493347167969, 119.79740142822266, 119.69080352783203, 119.5932388305664], "root_mean_squared_error": [194.48497009277344, 189.99339294433594, 189.1980743408203, 188.6165771484375, 188.09521484375, 187.65855407714844, 187.31996154785156, 187.03082275390625, 186.84210205078125, 186.5740203857422, 186.37677001953125, 186.1652374267578, 186.01300048828125, 185.88206481933594, 185.68907165527344]}