name,rmse,abs erro,erro comp,r2 score,mape score,alloc missing,alloc surplus,optimal percentage,better allocation,beter percentage,epoca
StackedCNN Adagrad10epc,2412.4366918441433,20339031.24758301,False,-169.79643887455217,374.06147581145393,50132.1,20288899.147583008,0.28617216117216115,0.27472527472527475,3.514194139194139,10
StackedCNN Adagrad20epc,2332.297620215895,19679057.690454103,False,-158.63749311876384,361.95188823964656,50132.1,19628925.5904541,0.28617216117216115,0.27472527472527475,3.514194139194139,20
StackedCNN Adagrad30epc,2281.0990196524435,19250481.97475586,False,-151.7056959519266,354.3274160732942,50132.1,19200349.87475586,0.28617216117216115,0.27472527472527475,3.514194139194139,30
