{"name": "StackedCNN_Adagrad10epc", "rmse": 2412.4366918441433, "abs erro": 20339031.24758301, "erro comp": "False", "r2 score": -169.79643887455217, "mape score": 374.06147581145393, "alloc missing": 50132.1, "alloc surplus": 20288899.147583008, "optimal percentage": 0.28617216117216115, "better allocation": 0.27472527472527475, "beter percentage": 3.514194139194139, "epoca": "10"}