{"name": "StackedCNN_Adagrad20epc", "rmse": 2332.297620215895, "abs erro": 19679057.690454103, "erro comp": "False", "r2 score": -158.63749311876384, "mape score": 361.95188823964656, "alloc missing": 50132.1, "alloc surplus": 19628925.5904541, "optimal percentage": 0.28617216117216115, "better allocation": 0.27472527472527475, "beter percentage": 3.514194139194139, "epoca": "20"}