{"loss": [13.511913299560547, 13.507437705993652, 13.507452964782715, 13.507424354553223, 13.507439613342285, 13.507433891296387, 13.50743579864502, 13.507431030273438, 13.507438659667969, 13.507428169250488, 13.507439613342285, 13.507429122924805, 13.5074462890625, 13.50743579864502, 13.507417678833008, 13.507429122924805, 13.50744342803955, 13.507438659667969, 13.50743293762207, 13.50743579864502, 13.507431030273438, 13.507428169250488, 13.50744342803955, 13.507439613342285, 13.507428169250488, 13.507437705993652, 13.507433891296387, 13.507434844970703, 13.507441520690918, 13.50743293762207], "root_mean_squared_error": [236.7146759033203, 236.71377563476562, 236.7137451171875, 236.7139129638672, 236.7137451171875, 236.7137451171875, 236.71389770507812, 236.71372985839844, 236.7136993408203, 236.71377563476562, 236.7137451171875, 236.71385192871094, 236.7136993408203, 236.7137451171875, 236.71389770507812, 236.71371459960938, 236.71383666992188, 236.71377563476562, 236.71397399902344, 236.7138214111328, 236.7139129638672, 236.71365356445312, 236.7139434814453, 236.7137451171875, 236.71388244628906, 236.71383666992188, 236.7138671875, 236.7138214111328, 236.7140655517578, 236.71376037597656]}