name,rmse,abs erro,erro comp,r2 score,mape score,alloc missing,alloc surplus,optimal percentage,better allocation,beter percentage,epoca
StackedCNN elu linear10epc,442.0052118323641,3602570.041253662,True,-4.733525408842123,80.90915443734167,61316.12966308594,3541253.9115905766,46.348443223443226,45.95924908424908,49.175824175824175,10
StackedCNN elu linear20epc,359.69268986531546,2903512.9304626463,True,-2.7969089610823272,66.87594478729851,104765.89689941406,2798747.033563232,88.2554945054945,88.2554945054945,91.00274725274726,20
StackedCNN elu linear30epc,405.5541749703421,3298376.812969971,True,-3.8268601280655448,74.86912021995765,74518.04271240234,3223858.7702575685,49.13003663003663,48.878205128205124,52.541208791208796,30
