{"name": "StackedCNN_elu_linear20epc", "rmse": 359.69268986531546, "abs erro": 2903512.9304626463, "erro comp": "True", "r2 score": -2.7969089610823272, "mape score": 66.87594478729851, "alloc missing": 104765.89689941406, "alloc surplus": 2798747.033563232, "optimal percentage": 88.2554945054945, "better allocation": 88.2554945054945, "beter percentage": 91.00274725274726, "epoca": "20"}