{"name": "StackedCNN_elu_linear10epc", "rmse": 442.0052118323641, "abs erro": 3602570.041253662, "erro comp": "True", "r2 score": -4.733525408842123, "mape score": 80.90915443734167, "alloc missing": 61316.12966308594, "alloc surplus": 3541253.9115905766, "optimal percentage": 46.348443223443226, "better allocation": 45.95924908424908, "beter percentage": 49.175824175824175, "epoca": "10"}