{"loss": [15.033175468444824, 2.440540313720703, 1.938511848449707, 1.8535863161087036, 1.8342299461364746, 1.8281971216201782, 1.8255993127822876, 1.8238027095794678, 1.8223382234573364, 1.8208714723587036, 1.8198171854019165, 1.8186336755752563, 1.8175472021102905, 1.8166652917861938, 1.8157557249069214, 1.814624309539795, 1.8139320611953735, 1.813157081604004, 1.8126364946365356, 1.8117130994796753, 1.8112190961837769, 1.8103903532028198, 1.809769630432129, 1.8094267845153809, 1.8088454008102417, 1.8082529306411743, 1.8076951503753662, 1.8073267936706543, 1.8067560195922852, 1.806431770324707], "root_mean_squared_error": [724.4256591796875, 545.3206787109375, 446.39031982421875, 408.0697021484375, 392.7356872558594, 385.10662841796875, 380.4979248046875, 376.9402770996094, 374.02392578125, 371.1265563964844, 369.0751647949219, 366.6136779785156, 364.2724914550781, 362.64874267578125, 360.55767822265625, 358.0420837402344, 356.30889892578125, 354.8075256347656, 353.5041809082031, 351.1346130371094, 350.0943603515625, 347.67962646484375, 346.3251953125, 345.2532958984375, 343.5691833496094, 341.7470703125, 340.3336486816406, 338.89990234375, 337.31829833984375, 336.322509765625]}