{"name": "StackedCNN_Ftrl", "rmse": 1715.5663375908327, "abs erro": 158042216.53442383, "erro comp": "False", "r2 score": -109.47784772679574, "mape score": 0.5102898785125934, "alloc missing": 158042216.53442383, "alloc surplus": 0.0, "optimal percentage": 0.0, "better allocation": 0.0, "beter percentage": 0.0}