{"loss": [8.990516662597656, 8.104487419128418, 8.046243667602539, 8.007691383361816, 7.979848861694336, 7.955211639404297, 7.937196254730225, 7.920051097869873, 7.906074047088623, 7.892116069793701, 7.878176689147949, 7.8674845695495605, 7.860707759857178, 7.850049018859863, 7.842415809631348, 7.8356733322143555, 7.824121475219727, 7.817433834075928, 7.808700084686279, 7.804896831512451, 7.7951788902282715, 7.794008255004883, 7.7880449295043945, 7.781035423278809, 7.778744220733643, 7.769421100616455, 7.763988494873047, 7.7610039710998535, 7.754046440124512, 7.751152992248535], "reshape_loss": [4.000797271728516, 3.2817440032958984, 3.2545151710510254, 3.236844062805176, 3.224120616912842, 3.212597131729126, 3.204349994659424, 3.1959104537963867, 3.189321517944336, 3.182511806488037, 3.176065683364868, 3.170215129852295, 3.1669397354125977, 3.162029504776001, 3.1582162380218506, 3.155068874359131, 3.149738311767578, 3.146339178085327, 3.142244338989258, 3.1403510570526123, 3.1359236240386963, 3.135456085205078, 3.131985664367676, 3.128859043121338, 3.1277096271514893, 3.1229193210601807, 3.12019944190979, 3.118863344192505, 3.1152470111846924, 3.1143226623535156], "reshape_1_loss": [1.5647602081298828, 1.541319489479065, 1.5371910333633423, 1.5343915224075317, 1.5321991443634033, 1.5309869050979614, 1.5295310020446777, 1.5289289951324463, 1.5280431509017944, 1.5275042057037354, 1.5266066789627075, 1.5261962413787842, 1.5264472961425781, 1.5255663394927979, 1.5252234935760498, 1.5250455141067505, 1.5245400667190552, 1.5241596698760986, 1.5238317251205444, 1.5240883827209473, 1.5233391523361206, 1.5234034061431885, 1.5231884717941284, 1.5228307247161865, 1.5226331949234009, 1.5222325325012207, 1.5218831300735474, 1.5218825340270996, 1.5219212770462036, 1.5217666625976562], "reshape_2_loss": [3.424952983856201, 3.281428813934326, 3.2545342445373535, 3.236457586288452, 3.223526954650879, 3.211623191833496, 3.2033090591430664, 3.1952152252197266, 3.1887145042419434, 3.1820900440216064, 3.1754953861236572, 3.171082019805908, 3.167323350906372, 3.162442684173584, 3.1589770317077637, 3.1555612087249756, 3.1498491764068604, 3.146934986114502, 3.142625331878662, 3.140458106994629, 3.135913848876953, 3.1351468563079834, 3.132866859436035, 3.129342555999756, 3.128408193588257, 3.1242706775665283, 3.121906280517578, 3.120266914367676, 3.1168782711029053, 3.1150476932525635], "reshape_root_mean_squared_error": [204.7487335205078, 199.30848693847656, 198.4207000732422, 197.93019104003906, 197.51321411132812, 197.2032928466797, 196.94692993164062, 196.7250213623047, 196.54373168945312, 196.34420776367188, 196.2294464111328, 196.08984375, 196.04698181152344, 195.89442443847656, 195.83470153808594, 195.71742248535156, 195.61801147460938, 195.56533813476562, 195.51907348632812, 195.51744079589844, 195.33578491210938, 195.38372802734375, 195.37692260742188, 195.2775421142578, 195.26821899414062, 195.2303466796875, 195.0982666015625, 195.16600036621094, 195.03382873535156, 195.02064514160156], "reshape_1_categorical_accuracy": [0.31279242038726807, 0.32499319314956665, 0.32764965295791626, 0.32849928736686707, 0.32990139722824097, 0.3307064175605774, 0.33121708035469055, 0.3314211368560791, 0.33218154311180115, 0.3324669897556305, 0.3328550159931183, 0.3326297700405121, 0.33262142539024353, 0.3331582844257355, 0.33354294300079346, 0.33349835872650146, 0.33380162715911865, 0.33379605412483215, 0.3336934745311737, 0.33399173617362976, 0.333791583776474, 0.3340614140033722, 0.334075927734375, 0.3340998888015747, 0.33471089601516724, 0.3345637321472168, 0.3347984254360199, 0.3347426950931549, 0.3349483907222748, 0.3349127173423767], "reshape_2_root_mean_squared_error": [203.2992706298828, 199.2330322265625, 198.407958984375, 197.88648986816406, 197.4730987548828, 197.1808624267578, 196.92193603515625, 196.7074432373047, 196.5240478515625, 196.3492431640625, 196.25050354003906, 196.08859252929688, 196.0137176513672, 195.91732788085938, 195.82275390625, 195.7266082763672, 195.60116577148438, 195.5740509033203, 195.53192138671875, 195.4595489501953, 195.3414306640625, 195.33705139160156, 195.33828735351562, 195.2354736328125, 195.22654724121094, 195.1504364013672, 195.11643981933594, 195.13748168945312, 195.03880310058594, 195.0292205810547]}