{"loss": [4.760133266448975, 4.484830856323242, 4.455138683319092, 4.435349464416504, 4.421684741973877, 4.411320686340332, 4.401080131530762, 4.3930230140686035, 4.382134914398193, 4.377222061157227, 4.3701171875, 4.366276264190674, 4.359338283538818, 4.355618476867676, 4.348749160766602, 4.346222400665283, 4.344945907592773, 4.3403449058532715, 4.33806848526001, 4.331900596618652, 4.329466819763184, 4.327538013458252, 4.3249359130859375, 4.323852062225342, 4.320610046386719, 4.318359851837158, 4.314321994781494, 4.312231063842773, 4.312430381774902, 4.311010837554932], "reshape_loss": [3.5293893814086914, 3.2726194858551025, 3.246584892272949, 3.2289862632751465, 3.2171413898468018, 3.2079086303710938, 3.1986093521118164, 3.1912927627563477, 3.1813347339630127, 3.176582098007202, 3.170064926147461, 3.1665408611297607, 3.1600053310394287, 3.1563801765441895, 3.149900436401367, 3.1474804878234863, 3.1460635662078857, 3.1416330337524414, 3.1393613815307617, 3.1334803104400635, 3.1314213275909424, 3.1293795108795166, 3.127082109451294, 3.1259446144104004, 3.1228601932525635, 3.1207220554351807, 3.116913318634033, 3.1149096488952637, 3.1149563789367676, 3.1137609481811523], "reshape_1_loss": [1.230737566947937, 1.2122138738632202, 1.2085521221160889, 1.2063595056533813, 1.2045434713363647, 1.203418493270874, 1.2024694681167603, 1.2017238140106201, 1.2008074522018433, 1.2006491422653198, 1.2000499963760376, 1.1997385025024414, 1.199326753616333, 1.1992346048355103, 1.198847770690918, 1.1987392902374268, 1.1988838911056519, 1.1987110376358032, 1.1987123489379883, 1.198423981666565, 1.1980464458465576, 1.1981550455093384, 1.1978564262390137, 1.1979035139083862, 1.1977511644363403, 1.197638988494873, 1.1974096298217773, 1.1973202228546143, 1.1974750757217407, 1.1972559690475464], "reshape_root_mean_squared_error": [203.5556640625, 199.26107788085938, 198.33981323242188, 197.8041229248047, 197.38697814941406, 197.1907196044922, 196.92257690429688, 196.6615447998047, 196.42298889160156, 196.31932067871094, 196.15798950195312, 196.07626342773438, 195.94163513183594, 195.8710479736328, 195.72738647460938, 195.68740844726562, 195.6514129638672, 195.56419372558594, 195.5247802734375, 195.40817260742188, 195.38925170898438, 195.4156951904297, 195.37716674804688, 195.3059844970703, 195.2643585205078, 195.22738647460938, 195.1630096435547, 195.1062774658203, 195.14878845214844, 195.12538146972656], "reshape_1_categorical_accuracy": [0.3957226574420929, 0.411212682723999, 0.4142186939716339, 0.4162268042564392, 0.417538583278656, 0.4188336431980133, 0.41951826214790344, 0.42015883326530457, 0.42065107822418213, 0.4207291305065155, 0.4207536578178406, 0.4216863512992859, 0.4216958284378052, 0.4216824471950531, 0.4219784736633301, 0.42224496603012085, 0.42195841670036316, 0.4217616319656372, 0.42153581976890564, 0.4218803644180298, 0.4221736192703247, 0.4222087264060974, 0.42206043004989624, 0.4224807918071747, 0.4226045608520508, 0.4226056635379791, 0.4223793148994446, 0.42291396856307983, 0.42323732376098633, 0.4231230318546295]}