{"loss": 0.04257561266422272, "root_mean_squared_error": 174.960205078125}