{"name": "UNETmsle", "rmse": 175.71209225947422, "abs erro": 10463285.858873751, "erro comp": "True", "r2 score": -0.20067925292745814, "mape score": 2.3692848033846827, "alloc missing": 8447801.615487767, "alloc surplus": 2015484.2433859827, "optimal percentage": 42.942198491397576, "better allocation": 42.942198491397576, "beter percentage": 99.9756335282651}