{"loss": [3.649655342102051, 3.372014045715332, 3.349385976791382, 3.32574725151062, 3.3092477321624756, 3.2983412742614746, 3.289079189300537, 3.280205726623535, 3.272393226623535, 3.266880512237549, 3.259787082672119, 3.2531604766845703, 3.2473249435424805, 3.2429394721984863, 3.2363643646240234, 3.232808828353882, 3.229452610015869, 3.2245216369628906, 3.219792127609253, 3.2178211212158203, 3.2133398056030273, 3.2077343463897705, 3.2064807415008545, 3.2011449337005615, 3.1982100009918213, 3.195871353149414, 3.191495895385742, 3.1899585723876953, 3.1865808963775635, 3.1841962337493896, 3.179999589920044, 3.1792476177215576, 3.174082040786743, 3.173691749572754, 3.1730575561523438, 3.1705715656280518, 3.1666159629821777, 3.170480966567993, 3.1660890579223633, 3.163239002227783, 3.168844699859619, 3.1623804569244385, 3.157280921936035, 3.1527037620544434, 3.150686025619507, 3.146815299987793, 3.14681339263916, 3.145054340362549, 3.1413967609405518, 3.1403801441192627, 3.138805866241455, 3.1362760066986084, 3.1399126052856445, 3.1344120502471924, 3.132758140563965, 3.1302402019500732, 3.129742383956909, 3.1274867057800293, 3.128459930419922, 3.1274728775024414, 3.1267330646514893, 3.125459671020508, 3.124093770980835, 3.12322998046875, 3.1202197074890137, 3.119673490524292, 3.1220293045043945, 3.121044397354126, 3.1177122592926025, 3.118814706802368], "root_mean_squared_error": [208.39691162109375, 202.36277770996094, 201.65467834472656, 201.0620574951172, 200.63864135742188, 200.28082275390625, 200.01007080078125, 199.79421997070312, 199.51072692871094, 199.35621643066406, 199.11965942382812, 198.84486389160156, 198.66392517089844, 198.54290771484375, 198.3485107421875, 198.16575622558594, 198.0360565185547, 197.94776916503906, 197.80694580078125, 197.6967315673828, 197.55459594726562, 197.3983612060547, 197.29925537109375, 197.18795776367188, 197.04345703125, 196.9773712158203, 196.8416290283203, 196.7389373779297, 196.67422485351562, 196.5464630126953, 196.39830017089844, 196.4080810546875, 196.15194702148438, 196.15267944335938, 196.14515686035156, 196.09658813476562, 195.9507598876953, 196.1336212158203, 195.95433044433594, 195.89132690429688, 196.00958251953125, 195.88902282714844, 195.73316955566406, 195.5811004638672, 195.5462188720703, 195.4341583251953, 195.4489288330078, 195.37486267089844, 195.35214233398438, 195.27786254882812, 195.28477478027344, 195.2016143798828, 195.30548095703125, 195.17698669433594, 195.10606384277344, 195.05911254882812, 195.04078674316406, 195.01556396484375, 195.0858612060547, 194.91905212402344, 194.97315979003906, 194.93991088867188, 194.99583435058594, 194.9202423095703, 194.9335174560547, 194.85049438476562, 194.8765869140625, 194.88668823242188, 194.82276916503906, 194.82958984375]}