{"name": "StackedCNN_relu_softsign", "rmse": 3277.843536339491, "abs erro": 309018385.9971641, "erro comp": "False", "r2 score": -402.3077906994392, "mape score": 0.9997195092310315, "alloc missing": 309018385.9971641, "alloc surplus": 0.0, "optimal percentage": 0.0, "better allocation": 0.0, "beter percentage": 0.0}