{"loss": [33.75883865356445, 33.73527526855469, 33.73488235473633, 33.73469161987305, 33.73463821411133, 33.734642028808594, 33.734642028808594, 33.734649658203125, 33.734622955322266, 33.734596252441406, 33.73462677001953, 33.734619140625, 33.7346076965332, 33.734642028808594, 33.734561920166016, 33.73463821411133, 33.734622955322266, 33.73463439941406, 33.734619140625, 33.7346076965332, 33.73459243774414, 33.734580993652344, 33.734596252441406, 33.73463439941406, 33.73460388183594, 33.7346305847168, 33.73458480834961, 33.73458480834961, 33.73456954956055, 33.73461151123047], "root_mean_squared_error": [779.2992553710938, 779.296142578125, 779.2968139648438, 779.2965698242188, 779.2965698242188, 779.2957763671875, 779.2958984375, 779.2966918945312, 779.2963256835938, 779.2970581054688, 779.2970581054688, 779.29638671875, 779.2963256835938, 779.2962646484375, 779.2966918945312, 779.2965698242188, 779.2959594726562, 779.296630859375, 779.296142578125, 779.2962036132812, 779.29638671875, 779.2962646484375, 779.2962646484375, 779.2963256835938, 779.2967529296875, 779.2965698242188, 779.2965087890625, 779.2960815429688, 779.2962646484375, 779.296630859375]}