name,rmse,abs erro,erro comp,r2 score,mape score,alloc missing,alloc surplus,optimal percentage,better allocation,beter percentage,epoca
StackedCNN AdamW10epc,209.42846915161175,1125042.0041397808,True,-0.28717737447481806,3.999345141458734,1041082.8898789168,83959.11426086427,38.71336996336996,38.71336996336996,82.20009157509158,10
StackedCNN AdamW20epc,207.86498873760686,1114995.7880162715,True,-0.26803036367952493,4.015975971924959,1027720.4374708772,87275.35054539441,39.1941391941392,39.1941391941392,82.257326007326,20
StackedCNN AdamW30epc,208.25783852118846,1114855.5542636036,True,-0.27282786408015336,3.8203551879749913,1033146.6302709818,81708.92399262192,38.5989010989011,38.5989010989011,82.3374542124542,30
