{"name": "StackedCNN_AdamW20epc", "rmse": 207.86498873760686, "abs erro": 1114995.7880162715, "erro comp": "True", "r2 score": -0.26803036367952493, "mape score": 4.015975971924959, "alloc missing": 1027720.4374708772, "alloc surplus": 87275.35054539441, "optimal percentage": 39.1941391941392, "better allocation": 39.1941391941392, "beter percentage": 82.257326007326, "epoca": "20"}