{"name": "StackedCNN_AdamW10epc", "rmse": 209.42846915161175, "abs erro": 1125042.0041397808, "erro comp": "True", "r2 score": -0.28717737447481806, "mape score": 3.999345141458734, "alloc missing": 1041082.8898789168, "alloc surplus": 83959.11426086427, "optimal percentage": 38.71336996336996, "better allocation": 38.71336996336996, "beter percentage": 82.20009157509158, "epoca": "10"}