{"name": "StackedCNN_exponential_relu", "rmse": 520.74196746786, "abs erro": 4312838.047094727, "erro comp": "False", "r2 score": -6.958149988578836, "mape score": 93.46519199620778, "alloc missing": 31690.984313964844, "alloc surplus": 4281147.062780761, "optimal percentage": 20.87912087912088, "better allocation": 19.963369963369964, "beter percentage": 23.214285714285715}