{"name": "VanillaCNN", "rmse": 161.64704711182696, "abs erro": 11409880.8073766, "erro comp": "True", "r2 score": -0.01615335945510621, "mape score": 4.5962014897505785, "alloc missing": 4771207.259471822, "alloc surplus": 6638673.547904777, "spain alloc missing": 0.0, "spain alloc surplus": 294440672.50000006, "optimal percentage": 0.6639863547758285, "beter percentage": 1.059411814560556e-05}