{"loss": [0.29323190450668335, 0.04712923616170883, 0.03603948652744293, 0.031753815710544586, 0.029109014198184013, 0.027231592684984207, 0.02598467469215393, 0.024897204712033272, 0.024108298122882843, 0.023271948099136353, 0.022906677797436714, 0.022537870332598686, 0.021858317777514458, 0.021398460492491722, 0.02111082896590233, 0.0206713005900383, 0.020350107923150063, 0.020060786977410316, 0.01973673328757286, 0.01962123066186905, 0.019136367365717888, 0.01900210790336132, 0.018722428008913994, 0.018579591065645218, 0.018243398517370224, 0.018080608919262886, 0.01783968135714531, 0.017497587949037552, 0.017395365983247757, 0.017161399126052856], "root_mean_squared_error": [270.69342041015625, 181.4556427001953, 161.091064453125, 154.41668701171875, 153.03207397460938, 150.2760009765625, 150.39044189453125, 145.63299560546875, 144.19371032714844, 140.77256774902344, 141.90455627441406, 141.45425415039062, 138.7513427734375, 137.6029052734375, 137.18849182128906, 134.38182067871094, 134.4993896484375, 133.265625, 133.07171630859375, 132.4928741455078, 128.47259521484375, 130.091552734375, 128.642578125, 129.348388671875, 124.01310729980469, 123.3249282836914, 120.65692138671875, 115.12226104736328, 114.90129852294922, 112.67823028564453]}