{"name": "StackedCNN_Nadam", "rmse": 1596.5674190121417, "abs erro": 148405889.5336914, "erro comp": "False", "r2 score": -94.6829810971223, "mape score": 0.4790208872533788, "alloc missing": 148405889.5336914, "alloc surplus": 0.0, "optimal percentage": 0.0, "better allocation": 0.0, "beter percentage": 0.0}