{"loss": [3.785680055618286, 3.5280580520629883, 3.521002769470215, 2.4557135105133057, 1.7715482711791992, 1.7697474956512451, 1.768042802810669, 1.7668105363845825, 1.7660082578659058, 1.7653998136520386, 1.7648558616638184, 1.7644450664520264, 1.7640430927276611, 1.7637627124786377, 1.7634037733078003, 1.7631007432937622, 1.762826919555664, 1.7625958919525146, 1.7624150514602661, 1.762110710144043, 1.7619202136993408, 1.7618317604064941, 1.7615077495574951, 1.7614128589630127, 1.761252522468567, 1.7610634565353394, 1.760945200920105, 1.7607358694076538, 0.5874071717262268, 0.01749058999121189], "root_mean_squared_error": [344.77264404296875, 281.6175231933594, 271.5643310546875, 241.40728759765625, 217.1585693359375, 214.84600830078125, 211.97166442871094, 210.26556396484375, 209.12936401367188, 207.11825561523438, 205.8705291748047, 205.22409057617188, 204.44805908203125, 203.9909210205078, 204.0384979248047, 202.7406463623047, 201.63424682617188, 201.03448486328125, 201.29263305664062, 199.78854370117188, 198.26243591308594, 198.65487670898438, 195.99440002441406, 195.16510009765625, 194.84915161132812, 192.85960388183594, 191.6598663330078, 189.98190307617188, 147.73731994628906, 106.19718170166016]}