name,rmse,abs erro,erro comp,r2 score,mape score,alloc missing,alloc surplus,optimal percentage,better allocation,beter percentage,epoca
StackedCNN tanh elu10epc,205.35922806441673,1110494.1055161473,True,-0.2376430495784958,5.116856629353459,997117.5769332887,113376.52858285906,41.83836996336996,41.83836996336996,82.44047619047619,10
StackedCNN tanh elu20epc,205.20432893853766,1106477.9214701771,True,-0.23577668568012955,4.77381597329541,998509.1381124497,107968.78335772755,41.277472527472526,41.277472527472526,82.54349816849816,20
StackedCNN tanh elu30epc,203.30484825920493,1095690.9422453106,True,-0.21300455545009678,4.820108379487955,982200.5742428957,113490.3680024147,41.63232600732601,41.63232600732601,82.72664835164835,30
