{"name": "StackedCNN_tanh_elu10epc", "rmse": 205.35922806441673, "abs erro": 1110494.1055161473, "erro comp": "True", "r2 score": -0.2376430495784958, "mape score": 5.116856629353459, "alloc missing": 997117.5769332887, "alloc surplus": 113376.52858285906, "optimal percentage": 41.83836996336996, "better allocation": 41.83836996336996, "beter percentage": 82.44047619047619, "epoca": "10"}