{"name": "StackedCNN_tanh_elu20epc", "rmse": 205.20432893853766, "abs erro": 1106477.9214701771, "erro comp": "True", "r2 score": -0.23577668568012955, "mape score": 4.77381597329541, "alloc missing": 998509.1381124497, "alloc surplus": 107968.78335772755, "optimal percentage": 41.277472527472526, "better allocation": 41.277472527472526, "beter percentage": 82.54349816849816, "epoca": "20"}