name,rmse,abs erro,erro comp,r2 score,mape score,alloc missing,alloc surplus,optimal percentage,better allocation,beter percentage,epoca
VanillaCNNmsde10epc,190.99459590101026,1062716.410391736,True,-0.07055533341825115,6.369579235686198,880673.1220105708,182043.28838116527,37.362637362637365,37.362637362637365,84.2032967032967,10
VanillaCNNmsde15epc,189.60973444465256,1045891.7808048606,True,-0.055086875713276084,5.678991440814992,872890.640572083,173001.1402327776,34.94734432234432,34.94734432234432,84.22619047619048,15
VanillaCNNmsde20epc,187.37281342667018,1029848.7439062119,True,-0.030338946999673322,5.432628896184559,863738.4208246709,166110.32308154108,33.092948717948715,33.092948717948715,84.35210622710623,20
VanillaCNNmsde25epc,186.6696311747093,1022543.1643560051,True,-0.02262004106669724,4.787729401394773,874357.4387199521,148185.72563605307,29.20100732600733,29.20100732600733,84.375,25
VanillaCNNmsde30epc,186.44724606710736,1018404.0426880299,True,-0.02018493683449507,4.2318608231272865,883704.276339692,134699.76634833813,27.35805860805861,27.346611721611723,84.4551282051282,30
VanillaCNNmsde5epc,192.44853558954645,1076247.6944383457,True,-0.0869165018451652,6.897332155496955,884039.8498745962,192207.84456374944,39.96108058608059,39.96108058608059,84.18040293040293,5
