{"name": "VanillaCNNmsde15epc", "rmse": 189.60973444465256, "abs erro": 1045891.7808048606, "erro comp": "True", "r2 score": -0.055086875713276084, "mape score": 5.678991440814992, "alloc missing": 872890.640572083, "alloc surplus": 173001.1402327776, "optimal percentage": 34.94734432234432, "better allocation": 34.94734432234432, "beter percentage": 84.22619047619048, "epoca": "15"}