{"name": "VanillaCNNmsde25epc", "rmse": 186.6696311747093, "abs erro": 1022543.1643560051, "erro comp": "True", "r2 score": -0.02262004106669724, "mape score": 4.787729401394773, "alloc missing": 874357.4387199521, "alloc surplus": 148185.72563605307, "optimal percentage": 29.20100732600733, "better allocation": 29.20100732600733, "beter percentage": 84.375, "epoca": "25"}