{"name": "VanillaCNNmsde30epc", "rmse": 186.44724606710736, "abs erro": 1018404.0426880299, "erro comp": "True", "r2 score": -0.02018493683449507, "mape score": 4.2318608231272865, "alloc missing": 883704.276339692, "alloc surplus": 134699.76634833813, "optimal percentage": 27.35805860805861, "better allocation": 27.346611721611723, "beter percentage": 84.4551282051282, "epoca": "30"}