{"name": "VanillaCNNmsde5epc", "rmse": 192.44853558954645, "abs erro": 1076247.6944383457, "erro comp": "True", "r2 score": -0.0869165018451652, "mape score": 6.897332155496955, "alloc missing": 884039.8498745962, "alloc surplus": 192207.84456374944, "optimal percentage": 39.96108058608059, "better allocation": 39.96108058608059, "beter percentage": 84.18040293040293, "epoca": "5"}