{"name": "VanillaCNNmsde20epc", "rmse": 187.37281342667018, "abs erro": 1029848.7439062119, "erro comp": "True", "r2 score": -0.030338946999673322, "mape score": 5.432628896184559, "alloc missing": 863738.4208246709, "alloc surplus": 166110.32308154108, "optimal percentage": 33.092948717948715, "better allocation": 33.092948717948715, "beter percentage": 84.35210622710623, "epoca": "20"}