{"name": "VanillaCNNmsde10epc", "rmse": 190.99459590101026, "abs erro": 1062716.410391736, "erro comp": "True", "r2 score": -0.07055533341825115, "mape score": 6.369579235686198, "alloc missing": 880673.1220105708, "alloc surplus": 182043.28838116527, "optimal percentage": 37.362637362637365, "better allocation": 37.362637362637365, "beter percentage": 84.2032967032967, "epoca": "10"}