{"loss": [2.027662754058838, 1.7885905504226685, 1.7781745195388794, 1.7734276056289673, 1.7709110975265503, 1.7694296836853027, 1.7682738304138184, 1.7675596475601196, 1.7667893171310425, 1.7663564682006836, 1.7657755613327026, 1.7652696371078491, 1.7646344900131226, 1.7643280029296875, 1.7637323141098022, 1.7633167505264282, 1.763005256652832, 1.7625744342803955, 1.7621278762817383, 1.7619174718856812, 1.7617061138153076, 1.761433720588684, 1.7610794305801392, 1.7608797550201416, 1.4337685108184814, 0.018326882272958755, 0.01759679615497589, 0.017225494608283043, 0.016866566613316536, 0.016705965623259544], "root_mean_squared_error": [328.5907287597656, 268.3291015625, 252.66053771972656, 247.68145751953125, 248.50347900390625, 246.94918823242188, 245.00706481933594, 244.12005615234375, 240.92910766601562, 239.5788116455078, 238.84848022460938, 236.0712432861328, 232.2611083984375, 230.937744140625, 227.19078063964844, 225.4729461669922, 225.3134307861328, 222.0214080810547, 219.18763732910156, 219.57461547851562, 219.43748474121094, 217.86074829101562, 215.6578369140625, 214.71609497070312, 201.9879913330078, 129.06658935546875, 124.29151916503906, 121.91942596435547, 118.63697814941406, 118.5007095336914]}