name,rmse,abs erro,erro comp,r2 score,mape score,alloc missing,alloc surplus,optimal percentage,better allocation,beter percentage,epoca
StackedCNN selu elu10epc,363.0080741280867,2929487.6176757817,True,-2.867225801217721,67.42532308335463,103772.42417602538,2825715.193499756,85.03891941391942,84.99313186813187,87.74038461538461,10
StackedCNN selu elu20epc,345.80069909917563,2781317.9905090337,True,-2.509285442196885,64.3431970267689,119839.34412841796,2661478.6463806154,86.88186813186813,86.87042124542124,90.00686813186813,20
StackedCNN selu elu30epc,399.1573410268566,3239088.3499999996,True,-3.675792206443181,73.55319702070089,79762.3126159668,3159326.037384033,66.7124542124542,66.62087912087912,69.68864468864469,30
