{"name": "StackedCNN_selu_elu10epc", "rmse": 363.0080741280867, "abs erro": 2929487.6176757817, "erro comp": "True", "r2 score": -2.867225801217721, "mape score": 67.42532308335463, "alloc missing": 103772.42417602538, "alloc surplus": 2825715.193499756, "optimal percentage": 85.03891941391942, "better allocation": 84.99313186813187, "beter percentage": 87.74038461538461, "epoca": "10"}