{"name": "StackedCNN_selu_elu30epc", "rmse": 399.1573410268566, "abs erro": 3239088.3499999996, "erro comp": "True", "r2 score": -3.675792206443181, "mape score": 73.55319702070089, "alloc missing": 79762.3126159668, "alloc surplus": 3159326.037384033, "optimal percentage": 66.7124542124542, "better allocation": 66.62087912087912, "beter percentage": 69.68864468864469, "epoca": "30"}