{"name": "StackedCNN_selu_elu20epc", "rmse": 345.80069909917563, "abs erro": 2781317.9905090337, "erro comp": "True", "r2 score": -2.509285442196885, "mape score": 64.3431970267689, "alloc missing": 119839.34412841796, "alloc surplus": 2661478.6463806154, "optimal percentage": 86.88186813186813, "better allocation": 86.87042124542124, "beter percentage": 90.00686813186813, "epoca": "20"}