{"name": "StackedCNN_98X_24Y", "rmse": 1599.2570588518913, "abs erro": 150167920.38598633, "erro comp": "False", "r2 score": -95.02590959269725, "mape score": 0.48442213969573517, "alloc missing": 150167920.38598633, "alloc surplus": 0.0, "optimal percentage": 0.0, "better allocation": 0.0, "beter percentage": 0.0}