{"loss": [0.31742268800735474, 0.04796711727976799, 0.03764774650335312, 0.03449792042374611, 0.03266163915395737, 0.03137252479791641, 0.030333956703543663, 0.029393533244729042, 0.02846434898674488, 0.027806831523776054, 0.027210142463445663, 0.02689988724887371, 0.02653372474014759, 0.026002395898103714, 0.025776509195566177, 0.02541644684970379, 0.02525620348751545, 0.02496289648115635, 0.02466159500181675, 0.02433370053768158, 0.023971548303961754, 0.02384440042078495, 0.023352622985839844, 0.02308758534491062, 0.022753562778234482, 0.022619137540459633, 0.022351358085870743, 0.022369151934981346, 0.022109445184469223, 0.022023480385541916], "root_mean_squared_error": [265.8119812011719, 182.64793395996094, 161.12095642089844, 158.576904296875, 159.92677307128906, 157.7883758544922, 156.730712890625, 151.58033752441406, 149.1337127685547, 147.50717163085938, 145.5691680908203, 146.6817626953125, 143.38157653808594, 138.4722137451172, 136.9993438720703, 134.2255859375, 134.58621215820312, 132.36083984375, 132.247314453125, 130.45571899414062, 128.6204071044922, 130.0802001953125, 126.89688873291016, 128.60487365722656, 127.21820831298828, 130.50621032714844, 129.14865112304688, 131.03271484375, 129.68753051757812, 129.6229705810547]}