name,rmse,abs erro,erro comp,r2 score,mape score,alloc missing,alloc surplus,optimal percentage,better allocation,beter percentage,epoca
StackedCNN 24X 12Y10epc,464.13044415985115,3839900.166796875,True,-5.334511141736445,83.43656859694966,51464.73146972656,3788435.4353271485,39.56081081081081,38.85135135135135,42.11711711711711,10
StackedCNN 24X 12Y20epc,445.91426577661554,3716220.740344238,True,-4.847035419489624,81.57013645663751,55296.465234375,3660924.2751098634,34.97747747747748,34.45945945945946,38.44594594594595,20
StackedCNN 24X 12Y30epc,450.2720967906331,3753076.8657714846,True,-4.961877673471431,82.29115593514048,53778.380609130865,3699298.4851623536,34.86486486486486,34.346846846846844,38.2545045045045,30
