{"name": "StackedCNN_24X_12Y10epc", "rmse": 464.13044415985115, "abs erro": 3839900.166796875, "erro comp": "True", "r2 score": -5.334511141736445, "mape score": 83.43656859694966, "alloc missing": 51464.73146972656, "alloc surplus": 3788435.4353271485, "optimal percentage": 39.56081081081081, "better allocation": 38.85135135135135, "beter percentage": 42.11711711711711, "epoca": "10"}