{"name": "StackedCNN_24X_12Y20epc", "rmse": 445.91426577661554, "abs erro": 3716220.740344238, "erro comp": "True", "r2 score": -4.847035419489624, "mape score": 81.57013645663751, "alloc missing": 55296.465234375, "alloc surplus": 3660924.2751098634, "optimal percentage": 34.97747747747748, "better allocation": 34.45945945945946, "beter percentage": 38.44594594594595, "epoca": "20"}