{"loss": [5.802734375, 1.838205337524414, 0.7800419926643372, 0.3055013418197632, 0.13164383172988892, 0.09729243069887161, 0.09184810519218445, 0.07858906686306, 0.06665923446416855, 0.05453302338719368, 0.04800322651863098, 0.04357186332345009, 0.039347898215055466, 0.03543696179986, 0.032062288373708725, 0.029489148408174515, 0.02764449454843998, 0.02629787288606167, 0.02518991194665432, 0.02424347773194313, 0.02345590479671955, 0.02277074195444584, 0.022225895896553993, 0.021810835227370262, 0.02137322723865509, 0.02093268744647503, 0.020565319806337357, 0.020276838913559914, 0.019992157816886902, 0.01964825950562954], "root_mean_squared_error": [717.5826416015625, 633.0790405273438, 549.3512573242188, 466.1940002441406, 405.2174072265625, 381.80877685546875, 376.0959777832031, 359.0843200683594, 338.6387023925781, 318.0846862792969, 301.231689453125, 286.5211486816406, 273.0889892578125, 260.59515380859375, 249.0266571044922, 238.4370574951172, 228.9008331298828, 220.26046752929688, 212.12545776367188, 204.72535705566406, 197.71214294433594, 191.25115966796875, 185.52444458007812, 180.63278198242188, 175.6852264404297, 170.79949951171875, 166.4639129638672, 162.75741577148438, 159.01895141601562, 155.111572265625]}