{"name": "StackedCNN_Adam", "rmse": 169.4812108104342, "abs erro": 10140835.405043794, "erro comp": "True", "r2 score": -0.11703510602625555, "mape score": 2.5359316065443758, "alloc missing": 7974336.71549759, "alloc surplus": 2166498.6895462037, "optimal percentage": 45.531400966183575, "better allocation": 45.531400966183575, "beter percentage": 99.97457411645054}