{"loss": [3.4111480712890625], "root_mean_squared_error": [202.9132537841797]}