{"loss": [3.4111480712890625, 0.09339703619480133, 0.033918581902980804, 0.029700659215450287, 0.027102941647171974, 0.025669220834970474, 0.024732399731874466, 0.024011800065636635, 0.02329406514763832, 0.02273690328001976, 0.0222940631210804, 0.021876463666558266, 0.021430468186736107, 0.02110983058810234, 0.02066195383667946, 0.020498502999544144, 0.020107943564653397, 0.019899671897292137, 0.01959794946014881, 0.01936523988842964, 0.019236501306295395, 0.018976973369717598, 0.01882675290107727, 0.01860947534441948, 0.01845739781856537, 0.018283294513821602, 0.018172340467572212, 0.017965946346521378, 0.0179764274507761, 0.017831988632678986], "root_mean_squared_error": [202.9132537841797, 207.25782775878906, 153.70846557617188, 150.48992919921875, 145.74588012695312, 143.19708251953125, 139.8839111328125, 137.2469024658203, 135.54092407226562, 133.18287658691406, 132.04286193847656, 130.95626831054688, 127.2900390625, 128.22438049316406, 123.31704711914062, 124.42438507080078, 120.5564193725586, 118.64501190185547, 115.21113586425781, 114.63145446777344, 112.99027252197266, 111.02432250976562, 109.31218719482422, 108.50465393066406, 106.1522445678711, 104.06123352050781, 104.46780395507812, 102.52587890625, 103.81720733642578, 101.14839935302734]}