{"name": "StackedCNN_Adam", "rmse": 841.6079110403033, "abs erro": 77696301.96264648, "erro comp": "False", "r2 score": -25.587640089289216, "mape score": 0.24990397016605964, "alloc missing": 77696301.96264648, "alloc surplus": 0.0, "optimal percentage": 0.0, "better allocation": 0.0, "beter percentage": 0.0}