{"name": "VanillaDense", "rmse": 355.21890038496497, "Absolute Error": 66501339.50604248, "r2 score": 0.9298084075478263, "mape score": 0.10316096200772185, "erro_per_mean score": 0.10419836367148592, "alloc_erro": 63079557.04620361, "spain_alloc_erro": 0.0, "alloc_erro_comp_bool": 83869.0, "alloc_erro_comp_value": 0.0}