{"loss": [28034.193359375, 6276.009765625, 5761.73828125, 5581.95068359375, 5465.62158203125, 5411.34765625, 5367.29345703125, 5350.19873046875, 5331.9150390625, 5313.21142578125, 5305.224609375, 5287.3994140625, 5285.619140625, 5271.3916015625, 5257.9169921875, 5260.767578125, 5243.4423828125, 5233.3251953125, 5237.15673828125, 5233.7392578125, 5230.54638671875, 5213.96337890625, 5225.048828125, 5208.58740234375, 5212.2109375, 5213.58251953125, 5202.48193359375, 5208.5087890625, 5208.80810546875, 5196.01123046875, 5187.22998046875, 5191.26220703125, 5179.1943359375, 5182.080078125, 5181.05126953125, 5182.486328125, 5178.123046875, 5171.1689453125, 5168.8876953125, 5168.017578125, 5164.2666015625, 5161.830078125, 5161.8212890625, 5156.79150390625, 5156.078125, 5153.0517578125, 5148.22412109375, 5149.3720703125, 5139.13671875, 5148.93115234375, 5147.3935546875, 5143.46630859375, 5150.62841796875, 5140.21826171875, 5132.4931640625, 5140.91845703125, 5134.728515625, 5143.20703125, 5128.71728515625, 5135.44287109375, 5127.91162109375, 5135.412109375, 5121.8720703125, 5126.6865234375, 5128.5146484375, 5127.26806640625, 5127.56201171875, 5124.77294921875, 5124.63427734375, 5117.5751953125, 5120.95166015625, 5116.67724609375, 5123.32275390625, 5124.59912109375, 5112.62353515625, 5118.4033203125, 5107.38134765625, 5118.00537109375, 5106.26416015625, 5110.96875, 5115.58154296875, 5111.06884765625, 5102.50634765625, 5104.88720703125, 5105.4345703125, 5100.99609375, 5098.01708984375, 5098.78857421875, 5099.03173828125, 5104.60107421875, 5100.2470703125, 5094.349609375, 5096.1103515625, 5090.09033203125, 5095.78564453125, 5099.39013671875, 5098.978515625, 5099.70068359375, 5094.78369140625, 5087.14990234375], "root_mean_squared_error": [167.4339599609375, 79.22134399414062, 75.90608978271484, 74.71241760253906, 73.9298324584961, 73.56190490722656, 73.2618179321289, 73.14503479003906, 73.01992797851562, 72.89175415039062, 72.83700561523438, 72.71450805664062, 72.70226287841797, 72.60435485839844, 72.51148223876953, 72.5311279296875, 72.41161346435547, 72.34170532226562, 72.3681640625, 72.3445053100586, 72.32256317138672, 72.2077865600586, 72.28451538085938, 72.17054748535156, 72.19561004638672, 72.20516204833984, 72.12823486328125, 72.1700668334961, 72.17208862304688, 72.08340454101562, 72.02242279052734, 72.0504379272461, 71.96664428710938, 71.98668670654297, 71.9795150756836, 71.98943328857422, 71.95917510986328, 71.91078186035156, 71.8948974609375, 71.88902282714844, 71.86280059814453, 71.8458480834961, 71.84579467773438, 71.81085205078125, 71.80584716796875, 71.78475952148438, 71.75116729736328, 71.75916290283203, 71.68778228759766, 71.75604248046875, 71.74529266357422, 71.71792602539062, 71.76789855957031, 71.69530487060547, 71.64142608642578, 71.7002182006836, 71.65702819824219, 71.71615600585938, 71.6150131225586, 71.66197204589844, 71.60935974121094, 71.66179656982422, 71.56727600097656, 71.60089111328125, 71.61367797851562, 71.60489654541016, 71.60696411132812, 71.5875015258789, 71.58656311035156, 71.53726959228516, 71.560791015625, 71.53093719482422, 71.57732391357422, 71.58631134033203, 71.5025405883789, 71.54299926757812, 71.46589660644531, 71.54023742675781, 71.45816040039062, 71.49102020263672, 71.52327728271484, 71.49176788330078, 71.431884765625, 71.4484634399414, 71.45233917236328, 71.42122650146484, 71.400390625, 71.40582275390625, 71.40753936767578, 71.44644165039062, 71.41606903076172, 71.37471771240234, 71.3870620727539, 71.34485626220703, 71.384765625, 71.40998840332031, 71.40711975097656, 71.41217803955078, 71.37771606445312, 71.32426452636719]}