name,rmse,abs erro,erro comp,r2 score,mape score,alloc missing,alloc surplus,optimal percentage,better allocation,beter percentage,epoca
UNETmsde10epc,201.2550762892807,1117902.7835028053,True,-0.18866820949488794,7.256737399116585,929854.5705802261,188048.21292257903,44.41391941391941,44.41391941391941,83.5393772893773,10
UNETmsde20epc,206.09862134860558,1123456.710066986,True,-0.2465713298373866,5.676814666057329,987157.9023763776,136298.8076906085,40.46474358974359,40.46474358974359,82.80677655677655,20
UNETmsde30epc,199.8168207135169,1111926.571168673,True,-0.17173944515303585,7.556704541910014,912655.9100290776,199270.6611395955,45.020604395604394,45.020604395604394,83.67673992673993,30
