{"name": "UNETmsde20epc", "rmse": 206.09862134860558, "abs erro": 1123456.710066986, "erro comp": "True", "r2 score": -0.2465713298373866, "mape score": 5.676814666057329, "alloc missing": 987157.9023763776, "alloc surplus": 136298.8076906085, "optimal percentage": 40.46474358974359, "better allocation": 40.46474358974359, "beter percentage": 82.80677655677655, "epoca": "20"}