{"name": "UNETmsde10epc", "rmse": 201.2550762892807, "abs erro": 1117902.7835028053, "erro comp": "True", "r2 score": -0.18866820949488794, "mape score": 7.256737399116585, "alloc missing": 929854.5705802261, "alloc surplus": 188048.21292257903, "optimal percentage": 44.41391941391941, "better allocation": 44.41391941391941, "beter percentage": 83.5393772893773, "epoca": "10"}