name,rmse,abs erro,erro comp,r2 score,mape score,alloc missing,alloc surplus,optimal percentage,better allocation,beter percentage,epoca
StackedCNN softplus exponential10epc,586.2120220213781,4883398.139685059,False,-9.085011604631966,103.71200198693356,20504.403198242188,4862893.736486816,17.36492673992674,16.24313186813187,18.91025641025641,10
StackedCNN softplus exponential20epc,488.6942837234996,4015541.434277344,False,-6.008764685573797,86.67570815360122,42808.59575195313,3972732.8385253903,27.712912087912088,26.911630036630036,30.322802197802197,20
StackedCNN softplus exponential30epc,461.92149086086766,3782992.349371338,True,-5.261859188863759,82.96150767428396,50599.51608276367,3732392.833288574,32.55494505494506,31.879578754578752,35.55402930402931,30
