{"name": "StackedCNN_softplus_exponential20epc", "rmse": 488.6942837234996, "abs erro": 4015541.434277344, "erro comp": "False", "r2 score": -6.008764685573797, "mape score": 86.67570815360122, "alloc missing": 42808.59575195313, "alloc surplus": 3972732.8385253903, "optimal percentage": 27.712912087912088, "better allocation": 26.911630036630036, "beter percentage": 30.322802197802197, "epoca": "20"}