{"name": "StackedCNN_softplus_exponential10epc", "rmse": 586.2120220213781, "abs erro": 4883398.139685059, "erro comp": "False", "r2 score": -9.085011604631966, "mape score": 103.71200198693356, "alloc missing": 20504.403198242188, "alloc surplus": 4862893.736486816, "optimal percentage": 17.36492673992674, "better allocation": 16.24313186813187, "beter percentage": 18.91025641025641, "epoca": "10"}