name,rmse,abs erro,erro comp,r2 score,mape score,alloc missing,alloc surplus,optimal percentage,better allocation,beter percentage,epoca
StackedCNN linear softplus10epc,365.548498206704,2940321.754296875,True,-2.92154288706112,68.2772813613713,108869.89162597655,2831451.8626708984,76.88873626373626,76.82005494505495,80.04807692307693,10
StackedCNN linear softplus20epc,333.31415122199985,2660246.2623229977,True,-2.2604268872417532,60.96456067224113,141134.80336914063,2519111.458953857,85.00457875457876,84.99313186813187,88.91941391941391,20
StackedCNN linear softplus30epc,321.883619658135,2577000.956311035,True,-2.0406379650446906,59.878889438343755,149354.45650024412,2427646.499810791,88.5874542124542,88.5874542124542,92.51373626373626,30
