{"name": "StackedCNN_linear_softplus20epc", "rmse": 333.31415122199985, "abs erro": 2660246.2623229977, "erro comp": "True", "r2 score": -2.2604268872417532, "mape score": 60.96456067224113, "alloc missing": 141134.80336914063, "alloc surplus": 2519111.458953857, "optimal percentage": 85.00457875457876, "better allocation": 84.99313186813187, "beter percentage": 88.91941391941391, "epoca": "20"}