{"name": "StackedCNN_linear_softplus10epc", "rmse": 365.548498206704, "abs erro": 2940321.754296875, "erro comp": "True", "r2 score": -2.92154288706112, "mape score": 68.2772813613713, "alloc missing": 108869.89162597655, "alloc surplus": 2831451.8626708984, "optimal percentage": 76.88873626373626, "better allocation": 76.82005494505495, "beter percentage": 80.04807692307693, "epoca": "10"}