{"loss": [0.4086077809333801, 0.05652233958244324, 0.05112120881676674, 0.04207348823547363, 0.03945198282599449, 0.03770582005381584, 0.03624697029590607, 0.03501272201538086, 0.03370089828968048, 0.0323408842086792, 0.031207406893372536, 0.030193746089935303, 0.029224073514342308, 0.028100760653614998, 0.027221856638789177, 0.026340454816818237, 0.02579907327890396, 0.025449438020586967, 0.025134310126304626, 0.025044918060302734, 0.024878792464733124, 0.024865206331014633, 0.024727486073970795, 0.024668557569384575, 0.024569684639573097, 0.024463292211294174, 0.02443421632051468, 0.02429976686835289, 0.024249577894806862, 0.024113500490784645], "root_mean_squared_error": [301.0643615722656, 200.3056182861328, 181.15634155273438, 165.70498657226562, 169.2709197998047, 168.60728454589844, 167.79959106445312, 165.39686584472656, 162.07948303222656, 159.80984497070312, 157.22752380371094, 154.49012756347656, 153.62196350097656, 150.2939910888672, 149.31776428222656, 148.61375427246094, 150.13290405273438, 150.1705322265625, 150.70138549804688, 150.74139404296875, 148.43014526367188, 151.2284698486328, 149.7150421142578, 150.05105590820312, 150.9612579345703, 148.7939910888672, 150.2820587158203, 147.92762756347656, 148.16770935058594, 146.11328125]}