{"loss": [0.32599231600761414, 0.04720675200223923, 0.03598971292376518, 0.030988510698080063, 0.028379179537296295, 0.026617255061864853, 0.025690926238894463, 0.02451709657907486, 0.023779740557074547, 0.023034745827317238, 0.022327067330479622, 0.02181294560432434, 0.021227136254310608, 0.020722128450870514, 0.020377954468131065, 0.02009769156575203, 0.019610295072197914, 0.01936686784029007, 0.018998024985194206, 0.018889442086219788, 0.01853344775736332, 0.018289851024746895, 0.018099987879395485, 0.017871366813778877, 0.01754669100046158, 0.017344051972031593, 0.01718362234532833, 0.016896497458219528, 0.016711091622710228, 0.016446830704808235], "root_mean_squared_error": [262.19012451171875, 181.58560180664062, 161.56246948242188, 152.29942321777344, 151.14109802246094, 147.23519897460938, 148.6456298828125, 143.28965759277344, 142.54258728027344, 140.26829528808594, 138.68275451660156, 137.86016845703125, 136.0274200439453, 134.9331817626953, 135.04420471191406, 134.24562072753906, 133.0186004638672, 131.313232421875, 130.40261840820312, 133.1461181640625, 129.78927612304688, 128.62939453125, 127.5767822265625, 127.81417083740234, 125.58202362060547, 123.2423324584961, 123.45124816894531, 119.19532775878906, 116.55160522460938, 112.70410919189453]}