{"name": "StackedCNN_selu_selu", "rmse": 204.45715045281986, "abs erro": 1098083.9767728262, "erro comp": "True", "r2 score": -0.22679378809611905, "mape score": 4.349791974820988, "alloc missing": 998568.2330996684, "alloc surplus": 99515.7436731577, "optimal percentage": 40.647893772893774, "better allocation": 40.647893772893774, "beter percentage": 82.5091575091575}