{"name": "StackedCNN_softsign_selu", "rmse": 1168.430680956491, "abs erro": 100122227.10853934, "erro comp": "False", "r2 score": -50.24672040433282, "mape score": 0.32254196538426844, "alloc missing": 100122227.10853934, "alloc surplus": 0.0, "optimal percentage": 0.0, "better allocation": 0.0, "beter percentage": 0.0}