{"loss": [7.122336387634277, 3.399747371673584, 2.434318780899048, 2.0119643211364746, 1.863724708557129, 1.8369683027267456, 1.8358464241027832, 1.8254101276397705, 1.8139182329177856, 1.8067679405212402, 1.7968932390213013, 1.7884268760681152, 1.7848554849624634, 1.782029390335083, 1.7789490222930908, 1.7763347625732422, 1.774110198020935, 1.7724412679672241, 1.7710109949111938, 1.7698562145233154, 1.769097089767456, 1.7681801319122314, 1.7675598859786987, 1.7670058012008667, 1.7664035558700562, 1.7658545970916748, 1.7655603885650635, 1.7650080919265747, 1.7647026777267456, 1.7644414901733398], "root_mean_squared_error": [717.5184936523438, 634.0066528320312, 553.681884765625, 476.85137939453125, 424.03582763671875, 405.6814270019531, 403.52752685546875, 393.7862548828125, 374.8101501464844, 358.1362609863281, 341.0112609863281, 325.4883117675781, 314.17523193359375, 304.4627685546875, 294.8501892089844, 286.4949035644531, 278.83721923828125, 272.0747375488281, 265.5625305175781, 259.85882568359375, 255.4262237548828, 250.22976684570312, 246.22572326660156, 242.32814025878906, 238.38511657714844, 234.57815551757812, 232.0051727294922, 228.3626251220703, 225.7211456298828, 223.18556213378906]}