name,rmse,abs erro,erro comp,r2 score,mape score,alloc missing,alloc surplus,optimal percentage,better allocation,beter percentage,epoca
StackedCNN Adamax10epc,872.750113226192,7138901.270141602,False,-21.353564652062396,146.1370599174757,67111.20167236328,7071790.0684692385,7.451923076923077,6.822344322344322,10.714285714285714,10
StackedCNN Adamax20epc,1140.7869278687353,9370692.711230468,False,-37.19231933515889,186.3490875920398,64241.62448730469,9306451.086743163,2.918956043956044,2.3923992673992673,5.769230769230769,20
StackedCNN Adamax30epc,1085.64834631854,8916100.250463868,False,-33.589581797549705,177.56605530782969,64682.72924804688,8851417.52121582,3.47985347985348,2.918956043956044,6.387362637362637,30
