{"name": "StackedCNN_Adamax20epc", "rmse": 1140.7869278687353, "abs erro": 9370692.711230468, "erro comp": "False", "r2 score": -37.19231933515889, "mape score": 186.3490875920398, "alloc missing": 64241.62448730469, "alloc surplus": 9306451.086743163, "optimal percentage": 2.918956043956044, "better allocation": 2.3923992673992673, "beter percentage": 5.769230769230769, "epoca": "20"}