{"name": "StackedCNN_Adamax30epc", "rmse": 1085.64834631854, "abs erro": 8916100.250463868, "erro comp": "False", "r2 score": -33.589581797549705, "mape score": 177.56605530782969, "alloc missing": 64682.72924804688, "alloc surplus": 8851417.52121582, "optimal percentage": 3.47985347985348, "better allocation": 2.918956043956044, "beter percentage": 6.387362637362637, "epoca": "30"}