{"name": "StackedCNN_Adamax10epc", "rmse": 872.750113226192, "abs erro": 7138901.270141602, "erro comp": "False", "r2 score": -21.353564652062396, "mape score": 146.1370599174757, "alloc missing": 67111.20167236328, "alloc surplus": 7071790.0684692385, "optimal percentage": 7.451923076923077, "better allocation": 6.822344322344322, "beter percentage": 10.714285714285714, "epoca": "10"}