{"loss": [0.18639734387397766, 0.0318509042263031, 0.0270899198949337, 0.023657768964767456, 0.02146541327238083, 0.019891297444701195, 0.018937688320875168, 0.01819542422890663, 0.017693527042865753, 0.017343806102871895, 0.017107591032981873, 0.01672450080513954, 0.016737548634409904, 0.01652202382683754, 0.016313258558511734, 0.016107557341456413, 0.016099030151963234, 0.015949351713061333, 0.015878472477197647, 0.015841884538531303, 0.01577606424689293, 0.01566728949546814, 0.015713293105363846, 0.015544929541647434, 0.015512028709053993, 0.015466040000319481, 0.015404555015265942, 0.015415480360388756, 0.015340319834649563, 0.015401018783450127], "root_mean_squared_error": [935405.1875, 202.28866577148438, 174.37509155273438, 151.48867797851562, 140.5440673828125, 126.45138549804688, 120.61991882324219, 112.96556854248047, 107.80402374267578, 105.32141876220703, 105.95223236083984, 101.58672332763672, 103.34832763671875, 102.25411987304688, 99.7412338256836, 96.58039093017578, 98.538330078125, 97.1236343383789, 96.41234588623047, 95.76860046386719, 96.64447021484375, 94.3501968383789, 95.74894714355469, 94.52733612060547, 94.68748474121094, 95.08900451660156, 95.71292114257812, 94.14994049072266, 93.75194549560547, 94.51402282714844]}