{"loss": [0.27770501375198364, 0.04407625272870064, 0.03513072058558464, 0.03054659813642502, 0.027728114277124405, 0.026465091854333878, 0.02542421966791153, 0.024456381797790527, 0.023576054722070694, 0.023350607603788376, 0.022677036002278328, 0.02206972986459732, 0.02159133367240429, 0.021319467574357986, 0.020766934379935265, 0.020513655617833138, 0.020214470103383064, 0.019856134429574013, 0.01971225067973137, 0.01945851929485798, 0.01917337439954281, 0.018991855904459953, 0.018785858526825905, 0.0185342226177454, 0.018194852396845818, 0.01801399141550064, 0.017757736146450043, 0.017486631870269775, 0.01737855188548565, 0.01713060587644577], "root_mean_squared_error": [263.3682556152344, 174.84535217285156, 158.28778076171875, 153.63314819335938, 151.1370391845703, 151.15353393554688, 148.99578857421875, 145.4645538330078, 141.98739624023438, 147.85406494140625, 142.21939086914062, 141.152099609375, 138.2179412841797, 142.01651000976562, 137.13941955566406, 136.26637268066406, 135.38441467285156, 133.78724670410156, 134.847412109375, 133.489013671875, 131.37806701660156, 130.4597625732422, 128.75929260253906, 125.4766616821289, 120.1852798461914, 118.29585266113281, 113.80335235595703, 109.37569427490234, 109.07198333740234, 109.07032775878906]}