{"name": "StackedCNN_linear_linear", "rmse": 238.22365111209783, "abs erro": 1866499.2467956543, "erro comp": "True", "r2 score": -0.6654696156653606, "mape score": 43.41023271911804, "alloc missing": 292863.6047180175, "alloc surplus": 1573635.6420776367, "optimal percentage": 81.02106227106228, "better allocation": 81.02106227106228, "beter percentage": 90.40750915750915}