{"loss": [3.509155750274658, 3.3285818099975586, 3.2994375228881836, 3.2831592559814453, 3.2740960121154785, 3.2676620483398438, 3.2636966705322266, 3.258249521255493, 3.2560296058654785, 3.253516674041748, 3.254424810409546, 3.2509729862213135, 3.248539447784424, 3.2505016326904297, 3.2457878589630127, 3.245790719985962, 3.2490074634552, 3.2469613552093506, 3.2438855171203613, 3.243302583694458, 3.243666648864746, 3.2414450645446777, 3.2411386966705322, 3.242957830429077, 3.2408981323242188, 3.2419183254241943, 3.2416746616363525, 3.2398946285247803, 3.2440693378448486, 3.2372052669525146], "root_mean_squared_error": [204.57730102539062, 200.26766967773438, 199.39044189453125, 198.85888671875, 198.5110321044922, 198.13302612304688, 198.0089111328125, 197.73268127441406, 197.6753387451172, 197.61451721191406, 197.52023315429688, 197.51370239257812, 197.33348083496094, 197.44677734375, 197.20545959472656, 197.30227661132812, 197.36785888671875, 197.3392791748047, 197.19696044921875, 197.1934356689453, 197.16708374023438, 197.1105499267578, 197.09271240234375, 197.23202514648438, 197.11264038085938, 197.20619201660156, 197.17861938476562, 197.04141235351562, 197.1641387939453, 196.95555114746094]}