{"name": "StackedCNN_softsign_exponential", "rmse": 508.89558563600417, "abs erro": 4187396.7282836917, "erro comp": "False", "r2 score": -6.600187876877019, "mape score": 91.15375057732545, "alloc missing": 32147.808612060548, "alloc surplus": 4155248.919671631, "optimal percentage": 25.81272893772894, "better allocation": 24.90842490842491, "beter percentage": 28.09065934065934}