name,rmse,abs erro,erro comp,r2 score,mape score,alloc missing,alloc surplus,optimal percentage,better allocation,beter percentage,epoca
StackedCNN tanh selu10epc,419.0041419190853,3409198.3662658692,True,-4.152329071868252,77.22308699469734,70119.75426635741,3339078.6119995117,52.15201465201466,51.865842490842496,55.036630036630044,10
StackedCNN tanh selu20epc,450.2214871953226,3681272.977416992,True,-4.948663426086985,81.8291332774798,55655.52668457031,3625617.4507324216,36.6529304029304,36.18360805860806,39.99542124542125,20
StackedCNN tanh selu30epc,521.3634962012126,4317086.669250488,False,-6.9771581383255254,93.75295857731517,31129.704541015624,4285956.964709473,20.661630036630036,19.665750915750916,22.939560439560438,30
