{"name": "StackedCNN_tanh_selu30epc", "rmse": 521.3634962012126, "abs erro": 4317086.669250488, "erro comp": "False", "r2 score": -6.9771581383255254, "mape score": 93.75295857731517, "alloc missing": 31129.704541015624, "alloc surplus": 4285956.964709473, "optimal percentage": 20.661630036630036, "better allocation": 19.665750915750916, "beter percentage": 22.939560439560438, "epoca": "30"}