{"name": "StackedCNN_tanh_selu20epc", "rmse": 450.2214871953226, "abs erro": 3681272.977416992, "erro comp": "True", "r2 score": -4.948663426086985, "mape score": 81.8291332774798, "alloc missing": 55655.52668457031, "alloc surplus": 3625617.4507324216, "optimal percentage": 36.6529304029304, "better allocation": 36.18360805860806, "beter percentage": 39.99542124542125, "epoca": "20"}