{"name": "StackedCNN_tanh_selu10epc", "rmse": 419.0041419190853, "abs erro": 3409198.3662658692, "erro comp": "True", "r2 score": -4.152329071868252, "mape score": 77.22308699469734, "alloc missing": 70119.75426635741, "alloc surplus": 3339078.6119995117, "optimal percentage": 52.15201465201466, "better allocation": 51.865842490842496, "beter percentage": 55.036630036630044, "epoca": "10"}