name,rmse,abs erro,erro comp,r2 score,mape score,alloc missing,alloc surplus,optimal percentage,better allocation,beter percentage,epoca
StackedCNN relu relu10epc,208.49674590003335,1120700.2347772866,True,-0.27574984186842944,4.179082331690465,1031838.3236456694,88861.91113161741,39.13690476190476,39.13690476190476,82.23443223443223,10
StackedCNN relu relu20epc,207.98736098045887,1115854.7771190584,True,-0.26952380801701525,3.8699496606218116,1030641.882377994,85212.89474106432,38.16391941391941,38.16391941391941,82.3489010989011,20
StackedCNN relu relu30epc,207.6639709812627,1113406.1553751887,True,-0.26557902860702165,3.898526970426183,1028475.809458381,84930.34591680764,38.64468864468865,38.64468864468865,82.31456043956044,30
