{"name": "StackedCNN_relu_relu20epc", "rmse": 207.98736098045887, "abs erro": 1115854.7771190584, "erro comp": "True", "r2 score": -0.26952380801701525, "mape score": 3.8699496606218116, "alloc missing": 1030641.882377994, "alloc surplus": 85212.89474106432, "optimal percentage": 38.16391941391941, "better allocation": 38.16391941391941, "beter percentage": 82.3489010989011, "epoca": "20"}