{"name": "StackedCNN_relu_relu10epc", "rmse": 208.49674590003335, "abs erro": 1120700.2347772866, "erro comp": "True", "r2 score": -0.27574984186842944, "mape score": 4.179082331690465, "alloc missing": 1031838.3236456694, "alloc surplus": 88861.91113161741, "optimal percentage": 39.13690476190476, "better allocation": 39.13690476190476, "beter percentage": 82.23443223443223, "epoca": "10"}