name,rmse,abs erro,erro comp,r2 score,mape score,alloc missing,alloc surplus,optimal percentage,better allocation,beter percentage,epoca
StackedCNN selu relu10epc,207.6262661733378,1117158.9203370928,True,-0.26511949697107484,4.34248020857643,1023684.4537612438,93474.46657584907,39.85805860805861,39.85805860805861,82.32600732600733,10
StackedCNN selu relu20epc,205.69899954146362,1104611.6819868386,True,-0.24174185426747918,4.301213683218347,1008260.8671614706,96350.81482536794,40.00686813186813,40.00686813186813,82.44047619047619,20
StackedCNN selu relu30epc,205.40849931108812,1101687.1857564128,True,-0.23823700907050727,4.247801256849651,1006295.2258667387,95391.9598896742,40.17857142857143,40.17857142857143,82.41758241758241,30
