{"name": "StackedCNN_selu_relu10epc", "rmse": 207.6262661733378, "abs erro": 1117158.9203370928, "erro comp": "True", "r2 score": -0.26511949697107484, "mape score": 4.34248020857643, "alloc missing": 1023684.4537612438, "alloc surplus": 93474.46657584907, "optimal percentage": 39.85805860805861, "better allocation": 39.85805860805861, "beter percentage": 82.32600732600733, "epoca": "10"}