{"name": "StackedCNN_selu_relu20epc", "rmse": 205.69899954146362, "abs erro": 1104611.6819868386, "erro comp": "True", "r2 score": -0.24174185426747918, "mape score": 4.301213683218347, "alloc missing": 1008260.8671614706, "alloc surplus": 96350.81482536794, "optimal percentage": 40.00686813186813, "better allocation": 40.00686813186813, "beter percentage": 82.44047619047619, "epoca": "20"}