{"loss": [4.662339687347412, 4.496596336364746, 4.46461820602417, 4.442795753479004, 4.428065299987793, 4.415971755981445, 4.404939651489258, 4.395806789398193, 4.3909502029418945, 4.382452487945557, 4.37552547454834, 4.371744632720947, 4.364421844482422, 4.3603291511535645, 4.357737064361572, 4.35260534286499, 4.34845495223999, 4.344881534576416, 4.340662479400635, 4.33811616897583, 4.334880352020264, 4.332886219024658, 4.329615592956543, 4.326420783996582, 4.322616100311279, 4.321976184844971, 4.318790435791016, 4.316851615905762, 4.315131187438965, 4.311617851257324], "reshape_loss": [3.4307124614715576, 3.2831075191497803, 3.2552196979522705, 3.2358667850494385, 3.2230539321899414, 3.212082624435425, 3.2022860050201416, 3.193875551223755, 3.189452886581421, 3.1817452907562256, 3.1752800941467285, 3.171355962753296, 3.1649205684661865, 3.161177635192871, 3.1587140560150146, 3.153817653656006, 3.1499390602111816, 3.146833658218384, 3.14273738861084, 3.140299081802368, 3.1370842456817627, 3.1352314949035645, 3.1321511268615723, 3.1293540000915527, 3.12555193901062, 3.125201940536499, 3.1221468448638916, 3.120314836502075, 3.1186556816101074, 3.115586519241333], "reshape_1_loss": [1.2316240072250366, 1.2134935855865479, 1.2093950510025024, 1.2069355249404907, 1.2050087451934814, 1.2038859128952026, 1.2026517391204834, 1.2019267082214355, 1.2014999389648438, 1.2007079124450684, 1.2002451419830322, 1.200382947921753, 1.1995048522949219, 1.1991496086120605, 1.1990331411361694, 1.1987950801849365, 1.1985125541687012, 1.1980481147766113, 1.197922945022583, 1.1978195905685425, 1.1977940797805786, 1.197654128074646, 1.197462797164917, 1.197059154510498, 1.1970634460449219, 1.1967732906341553, 1.1966441869735718, 1.1965336799621582, 1.196476697921753, 1.1960277557373047], "reshape_root_mean_squared_error": [203.4849090576172, 199.41139221191406, 198.43829345703125, 197.83580017089844, 197.46463012695312, 197.1393280029297, 196.90298461914062, 196.63009643554688, 196.54544067382812, 196.32887268066406, 196.19329833984375, 196.0354766845703, 195.92840576171875, 195.87049865722656, 195.74649047851562, 195.72821044921875, 195.59271240234375, 195.55760192871094, 195.55059814453125, 195.45729064941406, 195.37074279785156, 195.3885040283203, 195.3064727783203, 195.24853515625, 195.18418884277344, 195.199462890625, 195.10623168945312, 195.08779907226562, 195.06118774414062, 195.0396270751953], "reshape_1_categorical_accuracy": [0.3947743773460388, 0.4100882112979889, 0.4129141569137573, 0.41556060314178467, 0.41711655259132385, 0.4175419211387634, 0.4187779128551483, 0.41915032267570496, 0.4195299744606018, 0.41975241899490356, 0.41988787055015564, 0.4205445945262909, 0.4214934706687927, 0.42143547534942627, 0.42091646790504456, 0.42116621136665344, 0.4221189618110657, 0.42209166288375854, 0.4223230183124542, 0.42190879583358765, 0.42212677001953125, 0.42248356342315674, 0.42246460914611816, 0.4222014844417572, 0.4226413369178772, 0.422359824180603, 0.4228347837924957, 0.4232322871685028, 0.42334043979644775, 0.4229223132133484]}