{"loss": [4.998665809631348, 4.81663179397583, 4.786172866821289, 4.765904903411865, 4.748395919799805, 4.7361369132995605, 4.725648880004883, 4.7166852951049805, 4.709514617919922, 4.701335430145264, 4.698117733001709, 4.690888404846191, 4.686617851257324, 4.6804351806640625, 4.68057107925415, 4.6726531982421875, 4.669164180755615, 4.66686487197876, 4.66441535949707, 4.660276889801025, 4.65761137008667, 4.654295921325684, 4.6528544425964355, 4.6498003005981445, 4.647393703460693, 4.643314361572266, 4.641913890838623, 4.638441562652588, 4.6362175941467285, 4.634521961212158], "reshape_loss": [3.4331278800964355, 3.276465892791748, 3.2511651515960693, 3.234163522720337, 3.219204902648926, 3.2087042331695557, 3.1993865966796875, 3.1914479732513428, 3.1849184036254883, 3.1773715019226074, 3.17425537109375, 3.1678104400634766, 3.1639842987060547, 3.158202648162842, 3.1583099365234375, 3.151034116744995, 3.1477091312408447, 3.1457276344299316, 3.142987012863159, 3.1393239498138428, 3.1370363235473633, 3.1337413787841797, 3.1326613426208496, 3.1295154094696045, 3.1274795532226562, 3.1235809326171875, 3.1223418712615967, 3.1188008785247803, 3.117183208465576, 3.115152359008789], "reshape_1_loss": [1.565536618232727, 1.54017174243927, 1.5350077152252197, 1.5317305326461792, 1.529186487197876, 1.5274282693862915, 1.5262614488601685, 1.52522611618042, 1.524588942527771, 1.523966908454895, 1.5238640308380127, 1.5230814218521118, 1.5226348638534546, 1.522230625152588, 1.522262692451477, 1.521621584892273, 1.521458387374878, 1.5211372375488281, 1.521430253982544, 1.520947813987732, 1.5205756425857544, 1.5205564498901367, 1.5201942920684814, 1.5202785730361938, 1.5199130773544312, 1.5197337865829468, 1.5195649862289429, 1.5196384191513062, 1.519041657447815, 1.5193761587142944], "reshape_root_mean_squared_error": [203.55282592773438, 199.3350830078125, 198.39678955078125, 197.9130401611328, 197.453369140625, 197.15936279296875, 196.8582763671875, 196.66558837890625, 196.47169494628906, 196.29345703125, 196.24180603027344, 196.0725555419922, 195.97515869140625, 195.9053955078125, 195.92227172851562, 195.77325439453125, 195.66171264648438, 195.61949157714844, 195.54200744628906, 195.48240661621094, 195.5064697265625, 195.4127655029297, 195.40512084960938, 195.32980346679688, 195.252197265625, 195.17453002929688, 195.22799682617188, 195.20333862304688, 195.0891876220703, 195.09136962890625], "reshape_1_categorical_accuracy": [0.3115876615047455, 0.32577982544898987, 0.32791948318481445, 0.3297347128391266, 0.3307465612888336, 0.3314400911331177, 0.33186042308807373, 0.33207452297210693, 0.33267995715141296, 0.33317166566848755, 0.332890123128891, 0.3334977924823761, 0.3335719406604767, 0.3339950740337372, 0.3341946601867676, 0.33426880836486816, 0.33410322666168213, 0.3339387774467468, 0.3341244161128998, 0.3343730568885803, 0.33490100502967834, 0.3343775272369385, 0.33417513966560364, 0.33463117480278015, 0.3350805342197418, 0.3349277675151825, 0.33525726199150085, 0.3348959982395172, 0.335317462682724, 0.33510783314704895]}