{"name": "StackedCNN_linear_linear", "rmse": 861.4289313832896, "abs erro": 79327350.03173828, "erro comp": "False", "r2 score": -26.854738141905887, "mape score": 0.25540772784645016, "alloc missing": 79327350.03173828, "alloc surplus": 0.0, "optimal percentage": 0.0, "better allocation": 0.0, "beter percentage": 0.0}