{"loss": [0.2368285357952118, 0.04430320858955383, 0.03535830229520798, 0.031903598457574844, 0.03045414201915264, 0.029165539890527725, 0.027889428660273552, 0.027108559384942055, 0.026407230645418167, 0.02580689825117588, 0.02529274858534336, 0.024890104308724403, 0.024356834590435028, 0.02404431812465191, 0.023549752309918404, 0.02329893596470356, 0.022862587124109268, 0.022737158462405205, 0.02259424887597561, 0.022360369563102722, 0.02220667153596878, 0.022187411785125732, 0.022035973146557808, 0.021871350705623627, 0.021786244586110115, 0.021711310371756554, 0.021562401205301285, 0.021358875557780266, 0.02130640298128128, 0.021111231297254562], "root_mean_squared_error": [260.09295654296875, 176.10243225097656, 159.52880859375, 151.4400177001953, 154.55755615234375, 153.58987426757812, 153.2424774169922, 151.57725524902344, 149.91677856445312, 148.20819091796875, 149.61253356933594, 148.51942443847656, 142.80841064453125, 140.2894744873047, 135.5371856689453, 132.20016479492188, 129.83663940429688, 128.8946990966797, 128.9620361328125, 127.8794937133789, 126.20289611816406, 127.32499694824219, 126.04935455322266, 124.68997192382812, 123.54879760742188, 124.75841522216797, 124.38446807861328, 123.9600601196289, 123.74443817138672, 123.24876403808594]}