{"name": "VanillaDense", "rmse": 826.321539914136, "abs erro": 6869978.783520508, "erro comp": "False", "r2 score": -19.038495363157665, "mape score": 135.8582778584583, "alloc missing": 5892.040942382811, "alloc surplus": 6864086.742578126, "spain alloc missing": 57465.00000000001, "spain alloc surplus": 3831902.4000000004, "optimal percentage": 0.08814102564102565, "beter percentage": 0.0}