{"name": "VanillaCNN", "rmse": 157.2921607493676, "Absolute Error": 10453199.607834421, "r2 score": 0.037860902256531825, "mape score": 2489186539724394.0, "erro_per_mean score": 3.8733165666698293, "alloc_erro": 5588912.281538499, "spain_alloc_erro": 0.0, "alloc_erro_comp_bool": 57362.0, "alloc_erro_comp_value": 94370.0}