{"loss": [120.65641784667969, 119.02227783203125, 118.5171890258789, 118.18394470214844, 117.87176513671875, 117.6674575805664, 117.48420715332031, 117.35419464111328, 117.29911804199219, 117.22186279296875, 117.13615417480469, 117.09312438964844, 117.02587890625, 116.97863006591797, 116.92283630371094], "root_mean_squared_error": [185.58065795898438, 183.12657165527344, 182.37020874023438, 181.8958282470703, 181.3574676513672, 181.04393005371094, 180.8251495361328, 180.57017517089844, 180.47828674316406, 180.37127685546875, 180.26272583007812, 180.18162536621094, 180.12782287597656, 180.06565856933594, 179.99459838867188]}