name,rmse,abs erro,erro comp,r2 score,mape score,alloc missing,alloc surplus,optimal percentage,better allocation,beter percentage,epoca
StackedCNN selu softplus10epc,431.7473794432651,3517735.136712646,True,-4.4704919256247395,79.07805500636692,62871.55043945312,3454863.586273193,45.982142857142854,45.54716117216117,49.02701465201465,10
StackedCNN selu softplus20epc,380.1434300565044,3076712.5124206543,True,-3.240938152743465,70.84201231874141,93144.93677978516,2983567.575640869,79.70467032967034,79.69322344322345,81.98260073260073,20
StackedCNN selu softplus30epc,422.75334511649567,3448766.9147827146,True,-4.244946544897266,77.23636321698986,63878.70261230469,3384888.2121704104,39.49175824175824,39.09111721611722,43.097527472527474,30
