{"name": "StackedCNN_selu_softplus30epc", "rmse": 422.75334511649567, "abs erro": 3448766.9147827146, "erro comp": "True", "r2 score": -4.244946544897266, "mape score": 77.23636321698986, "alloc missing": 63878.70261230469, "alloc surplus": 3384888.2121704104, "optimal percentage": 39.49175824175824, "better allocation": 39.09111721611722, "beter percentage": 43.097527472527474, "epoca": "30"}