{"name": "StackedCNN_selu_softplus10epc", "rmse": 431.7473794432651, "abs erro": 3517735.136712646, "erro comp": "True", "r2 score": -4.4704919256247395, "mape score": 79.07805500636692, "alloc missing": 62871.55043945312, "alloc surplus": 3454863.586273193, "optimal percentage": 45.982142857142854, "better allocation": 45.54716117216117, "beter percentage": 49.02701465201465, "epoca": "10"}