{"name": "StackedCNN_selu_softplus20epc", "rmse": 380.1434300565044, "abs erro": 3076712.5124206543, "erro comp": "True", "r2 score": -3.240938152743465, "mape score": 70.84201231874141, "alloc missing": 93144.93677978516, "alloc surplus": 2983567.575640869, "optimal percentage": 79.70467032967034, "better allocation": 79.69322344322345, "beter percentage": 81.98260073260073, "epoca": "20"}