{"name": "StackedCNN_98X_8Y", "rmse": 269.954575072272, "abs erro": 6828713.812011719, "erro comp": "False", "r2 score": -1.733608789579403, "mape score": 0.06472690256921157, "alloc missing": 6336802.4248046875, "alloc surplus": 491911.38720703125, "optimal percentage": 0.0, "better allocation": 0.0, "beter percentage": 0.0}