{"loss": [0.28062859177589417, 0.04615867882966995, 0.037022653967142105, 0.03394410014152527, 0.032244544476270676, 0.03145652636885643, 0.030413618311285973, 0.02952001243829727, 0.02868698164820671, 0.027727168053388596, 0.027115682139992714, 0.02677132748067379, 0.026219435036182404, 0.025831909850239754, 0.0256543830037117, 0.02523345872759819, 0.024937938898801804, 0.024729931727051735, 0.0244600847363472, 0.02412082441151142, 0.02386690303683281, 0.023611797019839287, 0.02319420501589775, 0.02288314700126648, 0.022655153647065163, 0.0221862755715847, 0.0220166202634573, 0.02182701602578163, 0.02173379808664322, 0.02152146026492119], "root_mean_squared_error": [273.7204284667969, 183.1046600341797, 158.79974365234375, 155.09689331054688, 153.32220458984375, 156.33900451660156, 153.59161376953125, 154.09262084960938, 153.35040283203125, 149.03366088867188, 146.41021728515625, 146.5842742919922, 142.25039672851562, 141.9783935546875, 142.38436889648438, 137.73715209960938, 136.0360870361328, 134.60617065429688, 131.2825927734375, 130.14556884765625, 129.28488159179688, 128.97178649902344, 126.87286376953125, 126.82425689697266, 126.23958587646484, 125.03230285644531, 125.7048568725586, 125.90660858154297, 125.73975372314453, 125.35548400878906]}