name,rmse,abs erro,erro comp,r2 score,mape score,alloc missing,alloc surplus,optimal percentage,better allocation,beter percentage,epoca
StackedCNN exponential tanh10epc,236.23786408448117,1289434.2,True,-0.6378192663897875,0.8512952310974272,1288660.9,773.3,11.469780219780219,11.469780219780219,80.40293040293041,10
StackedCNN exponential tanh20epc,236.23786408448117,1289434.2,True,-0.6378192663897875,0.8512952310974272,1288660.9,773.3,11.469780219780219,11.469780219780219,80.40293040293041,20
StackedCNN exponential tanh30epc,236.23786408448117,1289434.2,True,-0.6378192663897875,0.8512952310974272,1288660.9,773.3,11.469780219780219,11.469780219780219,80.40293040293041,30
