{"name": "StackedCNNmsle", "rmse": 225.42443302455902, "abs erro": 1761315.4013397219, "erro comp": "True", "r2 score": -0.49131344392592324, "mape score": 40.411504997967036, "alloc missing": 320813.2674926758, "alloc surplus": 1440502.133847046, "optimal percentage": 79.46428571428571, "better allocation": 79.46428571428571, "beter percentage": 89.92673992673993}