{"name": "StackedCNNmsle", "rmse": 290.69830220012506, "abs erro": 2299543.307421875, "erro comp": "True", "r2 score": -1.4800015458169646, "mape score": 54.802726441034565, "alloc missing": 193283.74790039065, "alloc surplus": 2106259.559521484, "optimal percentage": 86.34386446886447, "better allocation": 86.34386446886447, "beter percentage": 92.13598901098901}