{"name": "StackedCNN_168X_8Y", "rmse": 277.44971281298723, "abs erro": 2189089.5794677734, "erro comp": "True", "r2 score": -1.259100335784801, "mape score": 51.96190447755558, "alloc missing": 226599.6875579834, "alloc surplus": 1962489.8919097902, "optimal percentage": 84.4665750915751, "better allocation": 84.4665750915751, "beter percentage": 91.58653846153845}