{"name": "VanillaCNN_no_weight24epc", "rmse": 1339.6952069189108, "abs erro": 10921050.169570923, "erro comp": "False", "r2 score": -51.67189798540469, "mape score": 217.633225395525, "alloc missing": 6024.754376220702, "alloc surplus": 10915025.415194701, "optimal percentage": 4.487179487179487, "better allocation": 4.143772893772893, "beter percentage": 4.887820512820513, "epoca": "24"}