{"name": "VanillaCNN_no_weight18epc", "rmse": 1146.0880666616058, "abs erro": 9438537.23621826, "erro comp": "False", "r2 score": -37.548096902801724, "mape score": 189.92372620735182, "alloc missing": 5085.937579345703, "alloc surplus": 9433451.298638918, "optimal percentage": 3.7202380952380953, "better allocation": 3.1707875457875456, "beter percentage": 4.1208791208791204, "epoca": "18"}