{"name": "VanillaCNN_no_weight15epc", "rmse": 757.5297298871354, "abs erro": 6202103.879846192, "erro comp": "False", "r2 score": -15.84093983847199, "mape score": 129.2601291554451, "alloc missing": 17781.013269042967, "alloc surplus": 6184322.8665771475, "optimal percentage": 10.885989010989011, "better allocation": 10.107600732600734, "beter percentage": 11.893315018315018, "epoca": "15"}