{"name": "VanillaCNN_no_weight27epc", "rmse": 1668.5121978093448, "abs erro": 13648257.044470215, "erro comp": "False", "r2 score": -80.70069158651398, "mape score": 267.29529586757036, "alloc missing": 2345.8273315429688, "alloc surplus": 13645911.217138672, "optimal percentage": 2.380952380952381, "better allocation": 2.0947802197802194, "beter percentage": 2.506868131868132, "epoca": "27"}