{"name": "VanillaCNN_no_weight12epc", "rmse": 1084.7611195744707, "abs erro": 9148085.278869629, "erro comp": "False", "r2 score": -33.53306946148254, "mape score": 182.24539709934479, "alloc missing": 1432.242932128906, "alloc surplus": 9146653.035937501, "optimal percentage": 1.1446886446886446, "better allocation": 0.4693223443223443, "beter percentage": 1.2362637362637363, "epoca": "12"}