{"name": "VanillaCNN_no_weight21epc", "rmse": 1433.740302462994, "abs erro": 11939971.979650877, "erro comp": "False", "r2 score": -59.32647478208821, "mape score": 234.5867711667513, "alloc missing": 1277.1385498046875, "alloc surplus": 11938694.841101075, "optimal percentage": 1.0073260073260073, "better allocation": 0.6982600732600733, "beter percentage": 1.0874542124542124, "epoca": "21"}