{"name": "VanillaCNN_no_weight3epc", "rmse": 1730.2493576219588, "abs erro": 14941627.248510743, "erro comp": "False", "r2 score": -86.85861529637204, "mape score": 279.2815217570199, "alloc missing": 0.0, "alloc surplus": 14941627.248510743, "optimal percentage": 0.034340659340659344, "better allocation": 0.0, "beter percentage": 0.034340659340659344, "epoca": "3"}