{"loss": [101788144.0, 71410168.0, 46615060.0, 46086424.0, 44295508.0, 43185372.0, 42258008.0, 42044112.0, 41663056.0, 41083528.0, 41009792.0, 40831212.0, 40695536.0, 40484976.0, 40424084.0, 40492532.0, 40383848.0, 40222164.0, 40147172.0, 40144596.0, 40240580.0, 40012576.0, 39993776.0, 39960868.0, 39976004.0, 39884700.0, 39798704.0, 39852168.0, 39832224.0, 39733704.0], "root_mean_squared_error": [297.91070556640625, 252.6419677734375, 215.58111572265625, 213.3138885498047, 207.80145263671875, 204.33837890625, 201.0517120361328, 199.6874237060547, 198.318115234375, 195.94119262695312, 195.39871215820312, 194.38645935058594, 193.46055603027344, 192.51654052734375, 191.84542846679688, 191.8948211669922, 191.35443115234375, 190.51686096191406, 189.99609375, 189.68394470214844, 189.93539428710938, 188.9685821533203, 188.81224060058594, 188.48361206054688, 188.45162963867188, 187.88229370117188, 187.50743103027344, 187.5752410888672, 187.2834014892578, 186.8313446044922]}