{"name": "VanillaCNNwl", "rmse": 690.0358197596436, "abs erro": 24336123.564453125, "erro comp": "False", "r2 score": -16.873246457745342, "mape score": 0.07763394381137026, "alloc missing": 19909676.653320312, "alloc surplus": 4426446.9111328125, "optimal percentage": 0.001059411814560556, "better allocation": 0.001059411814560556, "beter percentage": 0.001059411814560556}