{"loss": [33.600425720214844, 33.461692810058594, 33.431785583496094, 33.41496276855469, 33.40414810180664, 33.39712905883789, 33.39241027832031, 33.389373779296875, 33.38745880126953, 33.38622283935547, 33.38541793823242, 33.384822845458984, 33.38447189331055, 33.38422393798828, 33.38401794433594, 33.38385009765625, 33.38373947143555, 33.38356399536133, 33.383460998535156, 33.38338851928711, 13.508503913879395, 13.508490562438965, 13.508474349975586, 13.508452415466309, 13.508444786071777, 13.50841999053955, 13.508411407470703, 13.508397102355957, 13.508384704589844, 13.50836181640625], "root_mean_squared_error": [779.2555541992188, 779.2349243164062, 779.231201171875, 779.228515625, 779.2265625, 779.2255249023438, 779.22509765625, 779.22412109375, 779.22412109375, 779.2236328125, 779.2240600585938, 779.2237548828125, 779.2237548828125, 779.2234497070312, 779.223388671875, 779.223876953125, 779.2237548828125, 779.2236938476562, 779.223876953125, 779.2235107421875, 236.7140655517578, 236.71401977539062, 236.71409606933594, 236.71405029296875, 236.71392822265625, 236.7139892578125, 236.71401977539062, 236.7140350341797, 236.71408081054688, 236.71408081054688]}