{"name": "StackedCNN_Adafactor", "rmse": 209.16495737809223, "abs erro": 1127287.0143279317, "erro comp": "True", "r2 score": -0.2839402500780277, "mape score": 4.253954655721954, "alloc missing": 1036653.4715739012, "alloc surplus": 90633.54275403022, "optimal percentage": 39.15979853479853, "better allocation": 39.15979853479853, "beter percentage": 82.23443223443223}