{"loss": [0.2872588634490967, 0.05046965554356575, 0.042267993092536926, 0.03853413835167885, 0.037228625267744064, 0.03551545366644859, 0.03410713002085686, 0.03285975009202957, 0.030983295291662216, 0.029903896152973175, 0.02823769673705101, 0.027228988707065582, 0.026373719796538353, 0.025209322571754456, 0.02424938790500164, 0.023608658462762833, 0.023111846297979355, 0.022692937403917313, 0.022522974759340286, 0.022140201181173325, 0.021896930411458015, 0.021612336859107018, 0.02160009555518627, 0.021545587107539177, 0.02138369157910347, 0.02149028517305851, 0.021236183121800423, 0.021071605384349823, 0.021061457693576813, 0.021295936778187752], "root_mean_squared_error": [286.17340087890625, 189.71719360351562, 168.92588806152344, 166.0928955078125, 168.3297882080078, 162.89495849609375, 163.90724182128906, 161.1729278564453, 155.47193908691406, 154.19287109375, 150.83363342285156, 148.6949462890625, 147.50611877441406, 144.28163146972656, 141.42808532714844, 140.37890625, 143.12367248535156, 142.87850952148438, 141.73468017578125, 140.65750122070312, 140.7482147216797, 135.84881591796875, 137.66941833496094, 137.8187713623047, 134.2653045654297, 135.50355529785156, 131.3981170654297, 133.1884002685547, 131.39642333984375, 132.4039306640625]}