{"name": "StackedCNN_48X_1Y", "rmse": 799.0693217264536, "abs erro": 3077092.2502441406, "erro comp": "False", "r2 score": -22.953301064460838, "mape score": 0.23722518804431325, "alloc missing": 3077092.2502441406, "alloc surplus": 0.0, "optimal percentage": 0.0, "better allocation": 0.0, "beter percentage": 0.0}