name,rmse,abs erro,erro comp,r2 score,mape score,alloc missing,alloc surplus,optimal percentage,better allocation,beter percentage,epoca
StackedCNN 24X 4Y10epc,395.2544166956343,3259398.181237793,True,-3.593952015329009,73.13581006419165,86669.71278076172,3172728.468457031,67.96171171171171,67.83783783783784,70.4954954954955,10
StackedCNN 24X 4Y20epc,446.1591324066266,3717994.962213135,True,-4.853458793120698,81.38150194978752,55258.53944091797,3662736.4227722166,34.74099099099099,34.22297297297297,38.18693693693694,20
StackedCNN 24X 4Y30epc,453.215519698644,3779420.504016113,True,-5.040077873036903,82.3518971904076,52131.124475097655,3727289.379541016,33.5472972972973,32.939189189189186,36.88063063063063,30
