{"name": "StackedCNN_24X_4Y20epc", "rmse": 446.1591324066266, "abs erro": 3717994.962213135, "erro comp": "True", "r2 score": -4.853458793120698, "mape score": 81.38150194978752, "alloc missing": 55258.53944091797, "alloc surplus": 3662736.4227722166, "optimal percentage": 34.74099099099099, "better allocation": 34.22297297297297, "beter percentage": 38.18693693693694, "epoca": "20"}