{"name": "StackedCNN_24X_4Y10epc", "rmse": 395.2544166956343, "abs erro": 3259398.181237793, "erro comp": "True", "r2 score": -3.593952015329009, "mape score": 73.13581006419165, "alloc missing": 86669.71278076172, "alloc surplus": 3172728.468457031, "optimal percentage": 67.96171171171171, "better allocation": 67.83783783783784, "beter percentage": 70.4954954954955, "epoca": "10"}