{"name": "StackedCNN_48X_4Y", "rmse": 934.8131417505823, "abs erro": 14501231.830566406, "erro comp": "False", "r2 score": -31.771191724021655, "mape score": 0.2796271305803332, "alloc missing": 14501231.830566406, "alloc surplus": 0.0, "optimal percentage": 0.0, "better allocation": 0.0, "beter percentage": 0.0}