{"loss": [0.39445677399635315, 0.05375059321522713, 0.04425348713994026, 0.04057460278272629, 0.03869999572634697, 0.037223417311906815, 0.03589612618088722, 0.03463360294699669, 0.03320569917559624, 0.031834717839956284, 0.03069523721933365, 0.029672235250473022, 0.028932679444551468, 0.027900855988264084, 0.027034640312194824, 0.02644357830286026, 0.02558874897658825, 0.025345703586935997, 0.024846674874424934, 0.0246107317507267, 0.02445218339562416, 0.024357503280043602, 0.024206701666116714, 0.024119745939970016, 0.024079715833067894, 0.02395365945994854, 0.023943176493048668, 0.02392316609621048, 0.02376512996852398, 0.023911524564027786], "root_mean_squared_error": [304.8341369628906, 196.73387145996094, 169.45672607421875, 162.70248413085938, 163.7665252685547, 166.01246643066406, 164.85818481445312, 164.91778564453125, 161.21214294433594, 157.7875518798828, 154.6767578125, 153.06971740722656, 152.19627380371094, 149.01219177246094, 148.56236267089844, 150.02291870117188, 146.35968017578125, 152.14895629882812, 147.6395263671875, 145.23391723632812, 143.1590118408203, 142.64259338378906, 139.1238250732422, 139.010009765625, 139.45957946777344, 135.10516357421875, 138.2201690673828, 136.39675903320312, 133.5338134765625, 136.506591796875]}