{"name": "StackedCNN_no_weight9epc", "rmse": 179.8468456329619, "abs erro": 1104159.1414871216, "erro comp": "True", "r2 score": 0.05076747433949613, "mape score": 13.804743953191986, "alloc missing": 710289.7266052247, "alloc surplus": 393869.4148818969, "optimal percentage": 57.33745421245421, "better allocation": 57.33745421245421, "beter percentage": 85.18772893772893, "epoca": "9"}