{"name": "StackedCNN_no_weight18epc", "rmse": 179.7147761602646, "abs erro": 1094870.0780265809, "erro comp": "True", "r2 score": 0.05216108909317796, "mape score": 13.244151841621651, "alloc missing": 720595.7129642487, "alloc surplus": 374274.36506233213, "optimal percentage": 56.20421245421245, "better allocation": 56.20421245421245, "beter percentage": 85.05036630036629, "epoca": "18"}