{"name": "StackedCNN_no_weight12epc", "rmse": 179.7125515188452, "abs erro": 1099049.8761131286, "erro comp": "True", "r2 score": 0.05218455503954322, "mape score": 13.608106396075204, "alloc missing": 716928.0276512145, "alloc surplus": 382121.8484619141, "optimal percentage": 56.57051282051282, "better allocation": 56.57051282051282, "beter percentage": 85.07326007326007, "epoca": "12"}