{"name": "StackedCNN_no_weight3epc", "rmse": 182.85668927291002, "abs erro": 1105002.8546520234, "erro comp": "True", "r2 score": 0.018729674488392245, "mape score": 13.059365917638438, "alloc missing": 743008.4915214537, "alloc surplus": 361994.36313056946, "optimal percentage": 55.815018315018314, "better allocation": 55.815018315018314, "beter percentage": 85.01602564102564, "epoca": "3"}