{"name": "StackedCNN_no_weight21epc", "rmse": 178.50265942913705, "abs erro": 1096958.460522461, "erro comp": "True", "r2 score": 0.0649036913489357, "mape score": 13.762512751786208, "alloc missing": 699696.6946937562, "alloc surplus": 397261.7658287048, "optimal percentage": 57.26877289377289, "better allocation": 57.26877289377289, "beter percentage": 85.42811355311355, "epoca": "21"}