{"name": "StackedCNN_no_weight6epc", "rmse": 181.55615757472748, "abs erro": 1100671.7417041778, "erro comp": "True", "r2 score": 0.032638215701110806, "mape score": 13.226741755579987, "alloc missing": 730810.7379554748, "alloc surplus": 369861.003748703, "optimal percentage": 56.43315018315018, "better allocation": 56.43315018315018, "beter percentage": 85.07326007326007, "epoca": "6"}