{"name": "StackedCNN_no_weight27epc", "rmse": 178.64781150037703, "abs erro": 1099759.1562217711, "erro comp": "True", "r2 score": 0.06338229830813769, "mape score": 13.95892462082027, "alloc missing": 704376.4498291016, "alloc surplus": 395382.7063926697, "optimal percentage": 57.08562271062271, "better allocation": 57.08562271062271, "beter percentage": 85.23351648351648, "epoca": "27"}