{"name": "StackedCNN_no_weight15epc", "rmse": 178.11333685003765, "abs erro": 1105102.5169712065, "erro comp": "True", "r2 score": 0.06897821996725162, "mape score": 14.527970403374617, "alloc missing": 687295.5722023011, "alloc surplus": 417806.94476890564, "optimal percentage": 58.17307692307693, "better allocation": 58.17307692307693, "beter percentage": 85.5540293040293, "epoca": "15"}