{"name": "StackedCNN_no_weight24epc", "rmse": 177.82133239280284, "abs erro": 1103299.6331188204, "erro comp": "True", "r2 score": 0.0720284088469364, "mape score": 14.429293750293489, "alloc missing": 685497.1540035248, "alloc surplus": 417802.47911529546, "optimal percentage": 58.550824175824175, "better allocation": 58.550824175824175, "beter percentage": 85.51968864468864, "epoca": "24"}