{"name": "StackedCNNmae", "rmse": 177.75259515889115, "abs erro": 10460556.696105195, "erro comp": "True", "r2 score": -0.22872757947096223, "mape score": 1.7641234579712188, "alloc missing": 9304463.696383094, "alloc surplus": 1156092.9997220992, "spain alloc missing": 0.0, "spain alloc surplus": 294440672.50000006, "optimal percentage": 0.3331320450885668, "beter percentage": 1.059411814560556e-05}