{"loss": [121.88336944580078, 120.1172103881836, 119.73129272460938, 119.44837188720703, 119.19766235351562, 118.9787826538086, 118.8946304321289, 118.7569580078125, 118.67035675048828, 118.59204864501953, 118.53675079345703, 118.46434783935547, 118.41847229003906, 118.32666015625, 118.32709503173828, 118.25060272216797, 118.23905944824219, 118.18165588378906, 118.12085723876953, 118.09928131103516, 118.03983306884766, 118.02094268798828, 118.01505279541016, 117.9831314086914, 117.93953704833984, 117.9111328125, 117.87955474853516, 117.87903594970703, 117.90258026123047, 117.85413360595703], "root_mean_squared_error": [187.69200134277344, 185.1467742919922, 184.6121368408203, 184.2243194580078, 183.90484619140625, 183.5520782470703, 183.44322204589844, 183.25210571289062, 183.15118408203125, 183.1033172607422, 182.99655151367188, 182.89840698242188, 182.8089141845703, 182.67840576171875, 182.67831420898438, 182.5590057373047, 182.5576934814453, 182.4515838623047, 182.37594604492188, 182.27593994140625, 182.21885681152344, 182.19723510742188, 182.1946563720703, 182.15318298339844, 182.1555938720703, 182.05751037597656, 181.9058380126953, 182.0626983642578, 182.0506591796875, 182.01585388183594]}