{"name": "VanillaDense", "rmse": 1156.4618651634764, "abs erro": 108373193.35986328, "erro comp": "False", "r2 score": -49.2022064630136, "mape score": 0.3524140945225633, "alloc missing": 0.0, "alloc surplus": 108373193.35986328, "spain alloc missing": 0.0, "spain alloc surplus": 0.0, "optimal percentage": 0.0, "beter percentage": 0.0}