{"name": "UNETmape", "rmse": 386.0940789687189, "abs erro": 29765513.172576904, "erro comp": "False", "r2 score": -4.595597349567694, "mape score": 0.09454159198622404, "alloc missing": 29499465.56222534, "alloc surplus": 266047.6103515625, "optimal percentage": 0.0, "better allocation": 0.0, "beter percentage": 0.0}