{"loss": [0.22501356899738312, 0.17528274655342102, 0.1610385775566101, 0.15431354939937592, 0.1505073606967926, 0.14755158126354218, 0.1458934247493744, 0.14452417194843292, 0.1435277909040451, 0.1424165964126587, 0.14113914966583252, 0.13986064493656158, 0.138832688331604, 0.13757160305976868, 0.13647571206092834, 0.13522273302078247, 0.13396993279457092, 0.13270802795886993, 0.13158181309700012, 0.13049103319644928, 0.1296679526567459, 0.12908080220222473, 0.12847787141799927, 0.12813922762870789, 0.12763641774654388, 0.12731406092643738, 0.12701894342899323, 0.1267009824514389, 0.1263134777545929, 0.12618668377399445], "root_mean_squared_error": [352.1672668457031, 191.290771484375, 167.28892517089844, 158.26673889160156, 154.45199584960938, 151.22264099121094, 150.23544311523438, 148.98907470703125, 147.9757080078125, 146.3675079345703, 145.62649536132812, 144.5541534423828, 143.62173461914062, 142.60267639160156, 141.3363494873047, 140.5925750732422, 139.54644775390625, 138.84597778320312, 138.5834197998047, 138.37892150878906, 138.3179168701172, 138.0159149169922, 137.66226196289062, 137.48623657226562, 137.22915649414062, 136.81980895996094, 136.67247009277344, 136.46041870117188, 136.21629333496094, 135.6758575439453]}