{"name": "VanillaCNNmape", "rmse": 189.96315480051499, "abs erro": 11272398.678588618, "erro comp": "True", "r2 score": -0.4033385424076188, "mape score": 1.6836707714521142, "alloc missing": 10222868.731445873, "alloc surplus": 1049529.9471427442, "optimal percentage": 30.399822018815154, "better allocation": 30.399822018815154, "beter percentage": 99.97457411645054}