{"loss": [0.9603457450866699, 0.9575260281562805, 0.9561268091201782, 0.9547905921936035, 0.9516406655311584, 0.9501731395721436, 0.9487414360046387, 0.9474877715110779, 0.9464461207389832, 0.9452961683273315, 0.9444782137870789, 0.9434792399406433, 0.9426555633544922, 0.9418595433235168, 0.9411624073982239, 0.9405335783958435, 0.939937949180603, 0.9392312169075012, 0.9386650919914246, 0.9382051825523376, 0.9376111030578613, 0.9371921420097351, 0.9366989731788635, 0.9362055063247681, 0.9358557462692261, 0.9353868961334229, 0.9350370764732361, 0.9348108768463135, 0.9342624545097351, 0.9338496923446655], "root_mean_squared_error": [228.88525390625, 227.86329650878906, 227.32870483398438, 226.9324493408203, 226.1721954345703, 225.85446166992188, 225.59693908691406, 225.31088256835938, 225.0851287841797, 224.83865356445312, 224.64427185058594, 224.42694091796875, 224.24534606933594, 224.0142059326172, 223.86692810058594, 223.6556854248047, 223.51475524902344, 223.36241149902344, 223.20066833496094, 223.0075225830078, 222.91664123535156, 222.74212646484375, 222.6474609375, 222.53182983398438, 222.3878173828125, 222.25973510742188, 222.12290954589844, 222.0714874267578, 221.958251953125, 221.75364685058594]}