{"loss": [5.2891035079956055, 5.1165361404418945, 5.088624000549316, 5.065061092376709, 4.750185966491699, 4.409392356872559, 4.398355960845947, 4.392261028289795, 4.383687496185303, 4.37802791595459, 4.370934963226318, 4.365432262420654, 4.360431671142578, 4.356664180755615, 4.352892875671387, 4.347317218780518, 4.343100547790527, 4.3411760330200195, 4.33934211730957, 4.336461067199707, 4.33272123336792, 4.329205513000488, 4.326908111572266, 4.3243184089660645, 4.321101188659668, 4.31721830368042, 4.31685733795166, 4.314940929412842, 4.31381893157959, 4.311347007751465], "reshape_loss": [4.056891918182373, 3.904099702835083, 3.8799431324005127, 3.859670877456665, 3.5466244220733643, 3.2074224948883057, 3.1972615718841553, 3.192233085632324, 3.1842823028564453, 3.1791205406188965, 3.172816753387451, 3.167614221572876, 3.1632442474365234, 3.159538745880127, 3.15606951713562, 3.1508944034576416, 3.1471078395843506, 3.145235300064087, 3.1432557106018066, 3.140744686126709, 3.1373353004455566, 3.133756399154663, 3.13154935836792, 3.129002571105957, 3.126315116882324, 3.122765302658081, 3.1221513748168945, 3.1205265522003174, 3.1193342208862305, 3.117241382598877], "reshape_1_loss": [1.2322081327438354, 1.212435007095337, 1.208677053451538, 1.20539391040802, 1.2035653591156006, 1.201969861984253, 1.201088786125183, 1.200028896331787, 1.1994059085845947, 1.1989054679870605, 1.198118805885315, 1.1978243589401245, 1.1971893310546875, 1.1971187591552734, 1.19681715965271, 1.1964186429977417, 1.1959959268569946, 1.1959338188171387, 1.1960840225219727, 1.1957169771194458, 1.1953892707824707, 1.195451021194458, 1.1953527927398682, 1.1953139305114746, 1.19478440284729, 1.1944544315338135, 1.194706678390503, 1.19441556930542, 1.1944838762283325, 1.194108009338379], "reshape_root_mean_squared_error": [205.1546173095703, 201.0159454345703, 200.19833374023438, 199.6282501220703, 198.52891540527344, 197.19020080566406, 196.88169860839844, 196.74256896972656, 196.5624237060547, 196.39990234375, 196.2257537841797, 196.1327667236328, 196.00538635253906, 195.9449920654297, 195.89251708984375, 195.72509765625, 195.6538848876953, 195.61827087402344, 195.6394805908203, 195.6050567626953, 195.4451904296875, 195.3699493408203, 195.40768432617188, 195.33587646484375, 195.29444885253906, 195.21115112304688, 195.18202209472656, 195.15573120117188, 195.14698791503906, 195.10694885253906], "reshape_1_categorical_accuracy": [0.3943116366863251, 0.4106557369232178, 0.4141010642051697, 0.4164815843105316, 0.41789817810058594, 0.41915252804756165, 0.42028647661209106, 0.4208027124404907, 0.42133626341819763, 0.42117735743522644, 0.4221273362636566, 0.4230901300907135, 0.42280077934265137, 0.4228699207305908, 0.4233214855194092, 0.42412039637565613, 0.4236716032028198, 0.4240289628505707, 0.4238516688346863, 0.4241287410259247, 0.4242553114891052, 0.4241649806499481, 0.4243077039718628, 0.42469292879104614, 0.4250341057777405, 0.42466896772384644, 0.42455634474754333, 0.42480388283729553, 0.42449837923049927, 0.42480331659317017]}