name,rmse,abs erro,erro comp,r2 score,mape score,alloc missing,alloc surplus,optimal percentage,better allocation,beter percentage
StackedCNN delta mean,177.28892656201623,1204388.3348897435,True,0.07757687553614612,19.986845750869858,508061.05760187434,696327.2772878692,66.68956043956044,66.68956043956044,87.71749084249085
StackedCNN no weight,178.2019696764233,1100714.2188896178,True,0.06805139859787523,14.085498898999413,697157.8642864227,403556.3546031952,57.48626373626373,57.48626373626373,85.35943223443223
VanillaCNN delta mean,4061.697225341814,34669933.863134764,False,-483.1523603289239,634.3939778613018,0.0,34669933.863134764,0.0,0.0,0.0
VanillaCNN no weight,1146.5229384550487,9109107.476067828,False,-37.57735584177873,185.60543171393564,25950.42742891312,9083157.048638914,11.904761904761903,11.549908424908425,12.809065934065933
