{"loss": [32886.80078125, 31458.90234375, 31216.34375, 31036.408203125, 30867.6875, 30689.421875, 30541.849609375, 30393.921875, 30291.9296875, 30195.357421875, 30111.236328125, 30057.2109375, 29976.94921875, 29920.765625, 29860.80859375, 29777.662109375, 29700.02734375, 29665.138671875, 29588.67578125, 29539.013671875, 29499.130859375, 29472.5390625, 29423.130859375, 29410.533203125, 29359.923828125, 29362.359375, 29310.40625, 29273.947265625, 29265.11328125, 29251.65625], "root_mean_squared_error": [181.3470916748047, 177.3666534423828, 176.68157958984375, 176.17161560058594, 175.69200134277344, 175.18406677246094, 174.76226806640625, 174.33851623535156, 174.04576110839844, 173.76809692382812, 173.52577209472656, 173.3702392578125, 173.13858032226562, 172.9761505126953, 172.8030548095703, 172.5619659423828, 172.33702087402344, 172.2356719970703, 172.01351928710938, 171.8690948486328, 171.75315856933594, 171.67562866210938, 171.53167724609375, 171.49493408203125, 171.3474578857422, 171.35459899902344, 171.20278930664062, 171.09629821777344, 171.07054138183594, 171.03114318847656]}