{"name": "UNETmse", "rmse": 163.1304570217266, "abs erro": 11910736.777999876, "erro comp": "True", "r2 score": -0.034889098213676695, "mape score": 5.478785472694975, "alloc missing": 4538257.0759887695, "alloc surplus": 7372479.702011108, "spain alloc missing": 0.0, "spain alloc surplus": 294440672.50000006, "optimal percentage": 70.52928214255445, "better allocation": 70.52928214255445, "beter percentage": 100.0}