{"name": "UNETmape", "rmse": 3545800.2396155503, "abs erro": 18933122401.842384, "erro comp": "False", "r2 score": -368973766.6917614, "mape score": 276314.32357113186, "alloc missing": 0.0, "alloc surplus": 18933122401.842384, "optimal percentage": 0.0, "better allocation": 0.0, "beter percentage": 0.0}