name,rmse,abs erro,erro comp,r2 score,mape score,alloc missing,alloc surplus,optimal percentage,better allocation,beter percentage,epoca
StackedCNNmae10epc,198.36851018763264,1086809.1056553724,True,-0.15481502085848287,6.110754418451761,936205.2134778381,150603.89217753412,44.01327838827839,44.01327838827839,83.31043956043956,10
StackedCNNmae20epc,197.65163301119432,1081697.6377116083,True,-0.14648340973486684,5.8264084754528325,932926.0656625627,148771.57204904556,43.29212454212454,43.29212454212454,83.47069597069597,20
StackedCNNmae30epc,198.29191669126948,1083872.2916007042,True,-0.1539234051103182,5.92516832425012,937786.2787695408,146086.01283116342,43.64697802197802,43.64697802197802,83.32188644688645,30
