{"name": "StackedCNNmae20epc", "rmse": 197.65163301119432, "abs erro": 1081697.6377116083, "erro comp": "True", "r2 score": -0.14648340973486684, "mape score": 5.8264084754528325, "alloc missing": 932926.0656625627, "alloc surplus": 148771.57204904556, "optimal percentage": 43.29212454212454, "better allocation": 43.29212454212454, "beter percentage": 83.47069597069597, "epoca": "20"}