{"name": "StackedCNNmae10epc", "rmse": 198.36851018763264, "abs erro": 1086809.1056553724, "erro comp": "True", "r2 score": -0.15481502085848287, "mape score": 6.110754418451761, "alloc missing": 936205.2134778381, "alloc surplus": 150603.89217753412, "optimal percentage": 44.01327838827839, "better allocation": 44.01327838827839, "beter percentage": 83.31043956043956, "epoca": "10"}