{"name": "StackedCNNmae30epc", "rmse": 198.29191669126948, "abs erro": 1083872.2916007042, "erro comp": "True", "r2 score": -0.1539234051103182, "mape score": 5.92516832425012, "alloc missing": 937786.2787695408, "alloc surplus": 146086.01283116342, "optimal percentage": 43.64697802197802, "better allocation": 43.64697802197802, "beter percentage": 83.32188644688645, "epoca": "30"}