name,rmse,abs erro,erro comp,r2 score,mape score,alloc missing,alloc surplus,spain alloc missing,spain alloc surplus,optimal percentage,beter percentage
StackedLSTMA,217.3399529644327,1179720.2854587557,True,-0.3862644890521614,4.855313064826873,1091301.601965332,88418.68349342346,57465.00000000001,3831902.4000000004,0.3936584249084249,0.00011446886446886447
VanillaDense,826.321539914136,6869978.783520508,False,-19.038495363157665,135.8582778584583,5892.040942382811,6864086.742578126,57465.00000000001,3831902.4000000004,0.08814102564102565,0.0
StackedCNN,197.18456773185275,1082157.2751078308,True,-0.14107136336223514,6.084926493010574,926942.6748695553,155214.60023827554,57465.00000000001,3831902.4000000004,0.44253663003663,0.00011446886446886447
EncoderDecoder,,0.0,True,-0.6465015257286457,,,,57465.00000000001,3831902.4000000004,0.0,0.00011446886446886447
UNET,193.9076766279366,1088839.0180732966,True,-0.10346094417204399,8.15700067554387,861541.0548170566,227297.9632562399,57465.00000000001,3831902.4000000004,0.4835164835164835,0.00011446886446886447
VanillaCNN,188.20773206389592,1056285.8991526724,True,-0.039541624542662746,7.663517131394136,841944.5734275043,214341.325725168,57465.00000000001,3831902.4000000004,0.47802197802197804,0.00011446886446886447
VanillaLSTM,201.49393857432779,1131897.7649291994,True,-0.19149145750234253,8.197634470344427,943613.0527706147,188284.71215858462,57465.00000000001,3831902.4000000004,0.46371336996337,0.00011446886446886447
