{"loss": [5.387905597686768, 2.060821533203125, 1.8704086542129517, 1.8358008861541748, 1.8261637687683105, 1.8217486143112183, 1.8184536695480347, 1.8163377046585083, 1.8148069381713867, 1.813186526298523, 1.812066674232483, 1.810957908630371, 1.810133457183838, 1.8094391822814941, 1.8088750839233398, 1.808226227760315, 1.8077564239501953, 1.8071013689041138, 1.8069592714309692, 1.806971788406372, 1.8060128688812256, 1.8056786060333252, 1.8054554462432861, 1.8052215576171875, 1.8052515983581543, 1.8047733306884766, 1.8045248985290527, 1.804463505744934, 1.8040529489517212, 1.803881287574768], "root_mean_squared_error": [648.2866821289062, 468.6070861816406, 401.5650329589844, 375.0121154785156, 363.5075988769531, 355.4266357421875, 347.96441650390625, 342.8232727050781, 338.77203369140625, 334.1077575683594, 330.970458984375, 326.9051513671875, 323.56658935546875, 320.8605041503906, 319.0796813964844, 315.6387023925781, 313.9806823730469, 310.8648681640625, 310.7329406738281, 309.9344787597656, 305.4933776855469, 304.3813171386719, 303.166015625, 301.72259521484375, 301.2874450683594, 299.01220703125, 297.5931701660156, 297.5667419433594, 295.1455993652344, 293.91033935546875]}