{"name": "StackedCNN_Adagrad", "rmse": 956.5736439562131, "abs erro": 73918495.1574707, "erro comp": "False", "r2 score": -33.34764728095716, "mape score": 0.23756595203994937, "alloc missing": 73918495.1574707, "alloc surplus": 0.0, "optimal percentage": 0.0, "better allocation": 0.0, "beter percentage": 0.0}