{"name": "StackedCNN_relu_exponential", "rmse": 542.8815331584143, "abs erro": 4482255.282031249, "erro comp": "False", "r2 score": -7.649223079131751, "mape score": 96.22785602047445, "alloc missing": 31472.224798583986, "alloc surplus": 4450783.057232666, "optimal percentage": 22.03525641025641, "better allocation": 21.00503663003663, "beter percentage": 24.00412087912088}