{"name": "VanillaLSTM", "rmse": 201.49393857432779, "abs erro": 1131897.7649291994, "erro comp": "True", "r2 score": -0.19149145750234253, "mape score": 8.197634470344427, "alloc missing": 943613.0527706147, "alloc surplus": 188284.71215858462, "spain alloc missing": 57465.00000000001, "spain alloc surplus": 3831902.4000000004, "optimal percentage": 0.46371336996337, "beter percentage": 0.00011446886446886447}