{"name": "StackedCNNwl", "rmse": 960.3942490919075, "abs erro": 89124926.55151367, "erro comp": "False", "r2 score": -33.62256780750524, "mape score": 0.28712436187381174, "alloc missing": 89124926.55151367, "alloc surplus": 0.0, "spain alloc missing": 0.0, "spain alloc surplus": 0.0, "optimal percentage": 0.0, "beter percentage": 0.0}