{"loss": [10972710.0, 10523924.0, 10426571.0, 10359862.0, 10297353.0, 10261610.0, 10214662.0, 10184553.0, 10166538.0, 10149555.0, 10116315.0, 10088132.0, 10078304.0, 10068562.0, 10047720.0, 10036327.0, 10014574.0, 10000637.0, 9995680.0, 9980888.0, 9984867.0, 9973346.0, 9962324.0, 9937876.0, 9949555.0, 9935444.0, 9935026.0, 9923889.0, 9923055.0, 9923581.0, 9916980.0, 9904173.0, 9898543.0, 9884775.0, 9879433.0, 9873126.0, 9881493.0, 9867826.0, 9866456.0, 9855356.0, 9875505.0, 9859132.0, 9858422.0, 9855886.0, 9849250.0, 9843912.0, 9853704.0, 9832190.0, 9827553.0, 9833985.0, 9829454.0, 9825847.0, 9824201.0, 9827655.0, 9829718.0, 9810742.0, 9818548.0, 9817678.0, 9806934.0, 9807818.0, 9803304.0, 9813619.0, 9810806.0, 9792259.0, 9805814.0, 9780294.0, 9792537.0, 9796313.0, 9791783.0, 9774742.0], "root_mean_squared_error": [183.00596618652344, 180.60281372070312, 180.06988525390625, 179.65516662597656, 179.3472442626953, 179.15147399902344, 178.88600158691406, 178.7013702392578, 178.64505004882812, 178.5218048095703, 178.3761444091797, 178.22744750976562, 178.16943359375, 178.12306213378906, 178.0357208251953, 177.93630981445312, 177.84063720703125, 177.75393676757812, 177.74717712402344, 177.67433166503906, 177.68014526367188, 177.61415100097656, 177.56210327148438, 177.44833374023438, 177.50694274902344, 177.4359130859375, 177.4676971435547, 177.41880798339844, 177.38563537597656, 177.470458984375, 177.37307739257812, 177.37391662597656, 177.34152221679688, 177.2620391845703, 177.24313354492188, 177.21009826660156, 177.26504516601562, 177.1978302001953, 177.234130859375, 177.16311645507812, 177.28665161132812, 177.23045349121094, 177.21401977539062, 177.2215576171875, 177.20654296875, 177.1572265625, 177.21597290039062, 177.12124633789062, 177.0867919921875, 177.10906982421875, 177.12184143066406, 177.09695434570312, 177.06947326660156, 177.0937042236328, 177.1613311767578, 177.05455017089844, 177.0913543701172, 177.0808563232422, 177.0129852294922, 177.06820678710938, 176.97976684570312, 177.08419799804688, 177.04905700683594, 176.9822998046875, 177.04132080078125, 176.9229278564453, 176.98826599121094, 177.0050048828125, 176.99903869628906, 176.90846252441406]}