{"name": "StackedCNNwl", "rmse": 160.99599607462608, "abs erro": 11977551.099180602, "erro comp": "True", "r2 score": -0.007984507099946692, "mape score": 5.6061085732985365, "alloc missing": 4220888.8904067995, "alloc surplus": 7756662.208773804, "optimal percentage": 71.39905924230867, "better allocation": 71.39905924230867, "beter percentage": 100.0}