{"loss": [32044822.0, 15709058.0, 13712189.0, 13830742.0, 12347045.0, 11653078.0, 10880403.0, 9665714.0, 8946276.0, 7665114.0, 6985292.5, 6482405.0, 6143819.5, 5551563.0, 5623067.0, 5201851.5, 5123063.0, 4743728.0, 4611267.5, 4531428.5, 4553651.5, 4153529.75, 4004975.25, 3930279.0, 3830716.0, 3682217.25, 3850371.75, 3703901.25, 3524256.75, 3332458.0], "root_mean_squared_error": [211.88677978515625, 184.62774658203125, 175.83421325683594, 171.38584899902344, 165.21127319335938, 163.6234588623047, 160.6760711669922, 156.7570037841797, 152.61036682128906, 147.41905212402344, 143.31736755371094, 140.5301513671875, 139.34837341308594, 136.30203247070312, 136.19680786132812, 133.80194091796875, 132.92568969726562, 130.943359375, 130.47328186035156, 129.7123260498047, 128.9193878173828, 127.03065490722656, 126.2236328125, 125.18181610107422, 124.3812026977539, 123.39066314697266, 124.13206481933594, 122.97352600097656, 121.82147979736328, 120.20062255859375]}