name,rmse,abs erro,erro comp,r2 score,mape score,alloc missing,alloc surplus,optimal percentage,better allocation,beter percentage,epoca
StackedCNN Adam1epc,210.33829728044532,1136603.4494394301,True,-0.2983855357748004,4.486699153500126,1043764.7883806229,92838.66105880737,39.44597069597069,39.44597069597069,82.20009157509158,1
StackedCNN Adam10epc,674.1533531700906,5659703.266540528,False,-12.33780485228462,118.18696037593207,10051.284924316407,5649651.981616211,14.926739926739927,13.885073260073261,15.693681318681318,10
StackedCNN Adam20epc,471.01477512872225,3828966.4204467773,True,-5.510824995515839,85.64829450779955,51332.356536865234,3777634.0639099125,39.6062271062271,38.96520146520147,42.250457875457876,20
StackedCNN Adam29epc,507.51238887718125,4103373.734161377,False,-6.558928849367944,90.95847199264048,44467.78818969727,4058905.945971679,36.504120879120876,35.86309523809524,38.94230769230769,29
StackedCNN Adam30epc,507.51238887718125,4103373.734161377,False,-6.558928849367944,90.95847199264048,44467.78818969727,4058905.945971679,36.504120879120876,35.86309523809524,38.94230769230769,30
