{"name": "StackedCNN_Adam1epc", "rmse": 210.33829728044532, "abs erro": 1136603.4494394301, "erro comp": "True", "r2 score": -0.2983855357748004, "mape score": 4.486699153500126, "alloc missing": 1043764.7883806229, "alloc surplus": 92838.66105880737, "optimal percentage": 39.44597069597069, "better allocation": 39.44597069597069, "beter percentage": 82.20009157509158, "epoca": "1"}