{"name": "StackedCNN_Adam20epc", "rmse": 471.01477512872225, "abs erro": 3828966.4204467773, "erro comp": "True", "r2 score": -5.510824995515839, "mape score": 85.64829450779955, "alloc missing": 51332.356536865234, "alloc surplus": 3777634.0639099125, "optimal percentage": 39.6062271062271, "better allocation": 38.96520146520147, "beter percentage": 42.250457875457876, "epoca": "20"}