{"name": "StackedCNN_Adam10epc", "rmse": 674.1533531700906, "abs erro": 5659703.266540528, "erro comp": "False", "r2 score": -12.33780485228462, "mape score": 118.18696037593207, "alloc missing": 10051.284924316407, "alloc surplus": 5649651.981616211, "optimal percentage": 14.926739926739927, "better allocation": 13.885073260073261, "beter percentage": 15.693681318681318, "epoca": "10"}