{"name": "EncoderDecoder146epc", "rmse": 170.60847037603102, "abs erro": 1008842.4250862121, "erro comp": "True", "r2 score": 0.14578313929442066, "mape score": 10.301801815005215, "alloc missing": 740655.6570648194, "alloc surplus": 268186.7680213928, "optimal percentage": 52.22069597069597, "better allocation": 52.22069597069597, "beter percentage": 84.92445054945054, "epoca": "146"}