{"name": "EncoderDecoder168epc", "rmse": 167.32420029181873, "abs erro": 999381.913809967, "erro comp": "True", "r2 score": 0.17835450778270157, "mape score": 10.471721379916891, "alloc missing": 716141.2768806458, "alloc surplus": 283240.6369293213, "optimal percentage": 53.02197802197802, "better allocation": 53.02197802197802, "beter percentage": 85.27930402930403, "epoca": "168"}