{"name": "EncoderDecoder98epc", "rmse": 171.27522484990823, "abs erro": 1011948.7930480957, "erro comp": "True", "r2 score": 0.13909336772172998, "mape score": 10.385414365747177, "alloc missing": 736787.5479568482, "alloc surplus": 275161.24509124755, "optimal percentage": 52.621336996337, "better allocation": 52.621336996337, "beter percentage": 84.95879120879121, "epoca": "98"}