{"name": "EncoderDecoder8epc", "rmse": 189.23713752124831, "abs erro": 1097059.0411231993, "erro comp": "True", "r2 score": -0.05094430499371194, "mape score": 10.51803807664306, "alloc missing": 833689.4770195007, "alloc surplus": 263369.5641036987, "optimal percentage": 51.11034798534798, "better allocation": 51.11034798534798, "beter percentage": 84.00869963369964, "epoca": "8"}