{"name": "EncoderDecoder158epc", "rmse": 171.37006729910755, "abs erro": 1009605.5190299989, "erro comp": "True", "r2 score": 0.13813966177504, "mape score": 10.05881891735741, "alloc missing": 749391.5502586365, "alloc surplus": 260213.9687713623, "optimal percentage": 51.739926739926744, "better allocation": 51.739926739926744, "beter percentage": 84.87866300366301, "epoca": "158"}