{"name": "EncoderDecoder162epc", "rmse": 170.09036203146977, "abs erro": 1001713.9906478882, "erro comp": "True", "r2 score": 0.1509634784416105, "mape score": 9.834520622652942, "alloc missing": 746796.6377502442, "alloc surplus": 254917.35289764407, "optimal percentage": 51.739926739926744, "better allocation": 51.739926739926744, "beter percentage": 84.97023809523809, "epoca": "162"}