{"name": "EncoderDecoder80epc", "rmse": 172.9113046134554, "abs erro": 1020618.0624458313, "erro comp": "True", "r2 score": 0.12256746077421765, "mape score": 10.389927876048631, "alloc missing": 748206.339945221, "alloc surplus": 272411.72250061034, "optimal percentage": 52.34661172161172, "better allocation": 52.34661172161172, "beter percentage": 84.86721611721612, "epoca": "80"}