{"name": "EncoderDecoder84epc", "rmse": 171.00046396668517, "abs erro": 1013941.3874687195, "erro comp": "True", "r2 score": 0.14185329677210679, "mape score": 10.590427857932752, "alloc missing": 733519.7290344238, "alloc surplus": 280421.6584342957, "optimal percentage": 53.06776556776557, "better allocation": 53.06776556776557, "beter percentage": 85.01602564102564, "epoca": "84"}