{"name": "EncoderDecoder86epc", "rmse": 172.82328986018769, "abs erro": 1016039.6571777344, "erro comp": "True", "r2 score": 0.1234604891820541, "mape score": 10.087571355797616, "alloc missing": 753256.4650489807, "alloc surplus": 262783.19212875364, "optimal percentage": 52.117673992674, "better allocation": 52.10622710622711, "beter percentage": 84.89010989010988, "epoca": "86"}