{"name": "EncoderDecoder190epc", "rmse": 166.7570213298646, "abs erro": 994954.995665741, "erro comp": "True", "r2 score": 0.18391533164835827, "mape score": 10.463328586201088, "alloc missing": 718638.0169853211, "alloc surplus": 276316.9786804199, "optimal percentage": 52.586996336996336, "better allocation": 52.586996336996336, "beter percentage": 85.19917582417582, "epoca": "190"}