{"name": "EncoderDecoder40epc", "rmse": 175.8523124013373, "abs erro": 1038046.7213729857, "erro comp": "True", "r2 score": 0.09246553306106742, "mape score": 10.787769505805253, "alloc missing": 751760.7998733519, "alloc surplus": 286285.9214996338, "optimal percentage": 53.13644688644688, "better allocation": 53.13644688644688, "beter percentage": 84.84432234432234, "epoca": "40"}