{"name": "EncoderDecoder44epc", "rmse": 175.29778796981344, "abs erro": 1034289.3961677551, "erro comp": "True", "r2 score": 0.09818006208809649, "mape score": 10.681257364383724, "alloc missing": 753189.4871490479, "alloc surplus": 281099.9090187072, "optimal percentage": 52.690018315018314, "better allocation": 52.690018315018314, "beter percentage": 84.86721611721612, "epoca": "44"}