{"name": "EncoderDecoder180epc", "rmse": 170.482821874595, "abs erro": 1002678.4065261842, "erro comp": "True", "r2 score": 0.1470408909758607, "mape score": 9.760862024355216, "alloc missing": 749831.5039649963, "alloc surplus": 252846.90256118774, "optimal percentage": 51.7742673992674, "better allocation": 51.7742673992674, "beter percentage": 84.85576923076923, "epoca": "180"}