{"name": "EncoderDecoder94epc", "rmse": 171.78777721733115, "abs erro": 1012259.3781013489, "erro comp": "True", "r2 score": 0.13393301855544226, "mape score": 10.206227229370118, "alloc missing": 745891.6170089722, "alloc surplus": 266367.76109237666, "optimal percentage": 52.300824175824175, "better allocation": 52.300824175824175, "beter percentage": 84.98168498168498, "epoca": "94"}