{"name": "EncoderDecoder76epc", "rmse": 172.55484360199515, "abs erro": 1018007.683328247, "erro comp": "True", "r2 score": 0.12618143036395002, "mape score": 10.283491070726795, "alloc missing": 746460.4313293457, "alloc surplus": 271547.25199890137, "optimal percentage": 52.35805860805861, "better allocation": 52.35805860805861, "beter percentage": 84.93589743589743, "epoca": "76"}