{"name": "EncoderDecoder176epc", "rmse": 168.745115103082, "abs erro": 996906.7401824951, "erro comp": "True", "r2 score": 0.1643404513037684, "mape score": 9.925032131537971, "alloc missing": 736522.9295516966, "alloc surplus": 260383.81063079834, "optimal percentage": 52.094780219780226, "better allocation": 52.094780219780226, "beter percentage": 84.99313186813187, "epoca": "176"}