{"name": "EncoderDecoder178epc", "rmse": 167.79261468083527, "abs erro": 995176.4341201782, "erro comp": "True", "r2 score": 0.17374777089744298, "mape score": 10.124789723246051, "alloc missing": 726049.7276008606, "alloc surplus": 269126.7065193176, "optimal percentage": 52.85027472527473, "better allocation": 52.85027472527473, "beter percentage": 85.05036630036629, "epoca": "178"}