{"name": "EncoderDecoder26epc", "rmse": 178.27518946628035, "abs erro": 1047374.0819534301, "erro comp": "True", "r2 score": 0.0672854014595321, "mape score": 10.683144115078756, "alloc missing": 762913.0245285035, "alloc surplus": 284461.0574249267, "optimal percentage": 52.78159340659341, "better allocation": 52.78159340659341, "beter percentage": 84.66117216117216, "epoca": "26"}