{"name": "EncoderDecoder130epc", "rmse": 170.2055799499057, "abs erro": 1004855.565309143, "erro comp": "True", "r2 score": 0.14981282707943955, "mape score": 10.322832655663419, "alloc missing": 734295.8335205078, "alloc surplus": 270559.73178863525, "optimal percentage": 52.55265567765568, "better allocation": 52.55265567765568, "beter percentage": 85.05036630036629, "epoca": "130"}