{"name": "EncoderDecoder138epc", "rmse": 170.93680585258915, "abs erro": 1004527.7876029968, "erro comp": "True", "r2 score": 0.14249210009850544, "mape score": 9.941266746017293, "alloc missing": 747565.8068595886, "alloc surplus": 256961.9807434082, "optimal percentage": 51.865842490842496, "better allocation": 51.865842490842496, "beter percentage": 84.97023809523809, "epoca": "138"}