{"name": "EncoderDecoder172epc", "rmse": 168.39333349008197, "abs erro": 997501.5494194031, "erro comp": "True", "r2 score": 0.1678210053412319, "mape score": 10.143980701876679, "alloc missing": 730548.5409286498, "alloc surplus": 266953.0084907532, "optimal percentage": 52.60989010989011, "better allocation": 52.60989010989011, "beter percentage": 85.08470695970696, "epoca": "172"}