{"name": "EncoderDecoder68epc", "rmse": 173.2615023285995, "abs erro": 1020804.7020500184, "erro comp": "True", "r2 score": 0.11900972886750527, "mape score": 10.369670583320168, "alloc missing": 750458.6470558168, "alloc surplus": 270346.05499420164, "optimal percentage": 52.33516483516484, "better allocation": 52.33516483516484, "beter percentage": 84.89010989010988, "epoca": "68"}