{"name": "EncoderDecoder170epc", "rmse": 167.7635771749762, "abs erro": 995696.3651893616, "erro comp": "True", "r2 score": 0.1740337218373471, "mape score": 10.119923221304639, "alloc missing": 725994.4378044128, "alloc surplus": 269701.9273849487, "optimal percentage": 52.46108058608059, "better allocation": 52.4496336996337, "beter percentage": 85.2106227106227, "epoca": "170"}