{"name": "EncoderDecoder150epc", "rmse": 168.9434314670961, "abs erro": 1001413.1710029602, "erro comp": "True", "r2 score": 0.16237509252432147, "mape score": 10.271974065528784, "alloc missing": 727460.2319694519, "alloc surplus": 273952.9390335083, "optimal percentage": 52.987637362637365, "better allocation": 52.987637362637365, "beter percentage": 85.08470695970696, "epoca": "150"}