{"name": "EncoderDecoder188epc", "rmse": 167.43789366999374, "abs erro": 994719.1224555969, "erro comp": "True", "r2 score": 0.17723754575899453, "mape score": 10.151780696192562, "alloc missing": 725262.303025055, "alloc surplus": 269456.81943054195, "optimal percentage": 52.300824175824175, "better allocation": 52.300824175824175, "beter percentage": 85.25641025641025, "epoca": "188"}