{"name": "EncoderDecoder30epc", "rmse": 178.01209702405797, "abs erro": 1042689.0327186584, "erro comp": "True", "r2 score": 0.0700363068788048, "mape score": 10.46364894332309, "alloc missing": 764350.8887908936, "alloc surplus": 278338.14392776485, "optimal percentage": 52.80448717948718, "better allocation": 52.80448717948718, "beter percentage": 84.7184065934066, "epoca": "30"}