{"name": "EncoderDecoder104epc", "rmse": 170.79895615245505, "abs erro": 1010513.4286743164, "erro comp": "True", "r2 score": 0.14387459397353053, "mape score": 10.401979001559052, "alloc missing": 736968.1804862977, "alloc surplus": 273545.24818801874, "optimal percentage": 52.598443223443226, "better allocation": 52.598443223443226, "beter percentage": 84.97023809523809, "epoca": "104"}