{"name": "EncoderDecoder18epc", "rmse": 179.5387245570554, "abs erro": 1062891.5502304079, "erro comp": "True", "r2 score": 0.05401721722905439, "mape score": 11.301903541417511, "alloc missing": 757511.0137901306, "alloc surplus": 305380.5364402771, "optimal percentage": 53.36538461538461, "better allocation": 53.36538461538461, "beter percentage": 84.74130036630036, "epoca": "18"}