{"name": "EncoderDecoder126epc", "rmse": 170.55898972392683, "abs erro": 1007761.0564025879, "erro comp": "True", "r2 score": 0.146278555236527, "mape score": 10.156853376143411, "alloc missing": 740130.2676086426, "alloc surplus": 267630.78879394534, "optimal percentage": 52.38095238095239, "better allocation": 52.38095238095239, "beter percentage": 85.05036630036629, "epoca": "126"}