{"name": "EncoderDecoder24epc", "rmse": 180.5917911754332, "abs erro": 1059325.4495109557, "erro comp": "True", "r2 score": 0.04288753589003813, "mape score": 10.689143578880621, "alloc missing": 779221.8675727844, "alloc surplus": 280103.5819381714, "optimal percentage": 52.40384615384615, "better allocation": 52.40384615384615, "beter percentage": 84.56959706959707, "epoca": "24"}