{"name": "EncoderDecoder60epc", "rmse": 173.00034304679886, "abs erro": 1028970.329032898, "erro comp": "True", "r2 score": 0.12166358310565362, "mape score": 10.981265143410699, "alloc missing": 737133.8572929383, "alloc surplus": 291836.47173995967, "optimal percentage": 53.319597069597066, "better allocation": 53.319597069597066, "beter percentage": 85.1304945054945, "epoca": "60"}