{"name": "EncoderDecoder70epc", "rmse": 173.4725193877593, "abs erro": 1020637.0918167114, "erro comp": "True", "r2 score": 0.1168624869136361, "mape score": 10.411239642152143, "alloc missing": 745585.2942192077, "alloc surplus": 275051.79759750364, "optimal percentage": 52.701465201465204, "better allocation": 52.701465201465204, "beter percentage": 84.90155677655677, "epoca": "70"}