{"name": "EncoderDecoder186epc", "rmse": 168.42703880016302, "abs erro": 996890.7634353638, "erro comp": "True", "r2 score": 0.1674878370669235, "mape score": 10.06609137750485, "alloc missing": 732543.452835846, "alloc surplus": 264347.31059951783, "optimal percentage": 52.197802197802204, "better allocation": 52.197802197802204, "beter percentage": 85.09615384615384, "epoca": "186"}