{"name": "EncoderDecoder174epc", "rmse": 168.4603779697363, "abs erro": 995522.7558296204, "erro comp": "True", "r2 score": 0.16715822239973543, "mape score": 9.972826720025033, "alloc missing": 731573.5489761353, "alloc surplus": 263949.20685348514, "optimal percentage": 52.369505494505496, "better allocation": 52.369505494505496, "beter percentage": 85.15338827838828, "epoca": "174"}