{"name": "EncoderDecoder16epc", "rmse": 180.37644425337933, "abs erro": 1064574.4826118469, "erro comp": "True", "r2 score": 0.045168795000026796, "mape score": 11.162016342702218, "alloc missing": 764551.1929801941, "alloc surplus": 300023.2896316529, "optimal percentage": 53.23946886446886, "better allocation": 53.23946886446886, "beter percentage": 84.75274725274726, "epoca": "16"}