{"name": "EncoderDecoder28epc", "rmse": 181.36580241575095, "abs erro": 1048145.6767463684, "erro comp": "True", "r2 score": 0.034665640993370106, "mape score": 9.579779631370592, "alloc missing": 800481.0471504211, "alloc surplus": 247664.62959594725, "optimal percentage": 50.83562271062271, "better allocation": 50.83562271062271, "beter percentage": 84.39789377289377, "epoca": "28"}