{"name": "EncoderDecoder110epc", "rmse": 171.0368082586568, "abs erro": 1007146.5217918395, "erro comp": "True", "r2 score": 0.1414884784783259, "mape score": 10.343215524427103, "alloc missing": 738853.8119087219, "alloc surplus": 268292.70988311764, "optimal percentage": 52.369505494505496, "better allocation": 52.35805860805861, "beter percentage": 85.08470695970696, "epoca": "110"}