{"name": "EncoderDecoder122epc", "rmse": 170.22446507412536, "abs erro": 1007685.9721565247, "erro comp": "True", "r2 score": 0.14962415193595424, "mape score": 10.35097401836285, "alloc missing": 735181.4813316346, "alloc surplus": 272504.49082489015, "optimal percentage": 52.40384615384615, "better allocation": 52.40384615384615, "beter percentage": 85.01602564102564, "epoca": "122"}