{"name": "EncoderDecoder154epc", "rmse": 171.11790980841678, "abs erro": 1010092.39917984, "erro comp": "True", "r2 score": 0.14067411432798715, "mape score": 10.1875370337035, "alloc missing": 739728.6253356934, "alloc surplus": 270363.77384414675, "optimal percentage": 52.472527472527474, "better allocation": 52.472527472527474, "beter percentage": 85.10760073260073, "epoca": "154"}