{"name": "EncoderDecoder192epc", "rmse": 171.15816091665528, "abs erro": 1020231.8203521731, "erro comp": "True", "r2 score": 0.14026979794354522, "mape score": 10.971702740006302, "alloc missing": 725361.9259353639, "alloc surplus": 294869.8944168091, "optimal percentage": 53.2967032967033, "better allocation": 53.2967032967033, "beter percentage": 85.32509157509158, "epoca": "192"}