{"name": "EncoderDecoder124epc", "rmse": 170.84551513893268, "abs erro": 1005411.195122528, "erro comp": "True", "r2 score": 0.1434077788949243, "mape score": 9.966492836828515, "alloc missing": 744290.4743415833, "alloc surplus": 261120.72078094483, "optimal percentage": 51.9459706959707, "better allocation": 51.9459706959707, "beter percentage": 84.87866300366301, "epoca": "124"}