{"name": "EncoderDecoder56epc", "rmse": 174.93526912406355, "abs erro": 1025548.6520347595, "erro comp": "True", "r2 score": 0.10190616361739147, "mape score": 10.268314401181213, "alloc missing": 758207.3018424987, "alloc surplus": 267341.35019226075, "optimal percentage": 52.17490842490843, "better allocation": 52.16346153846154, "beter percentage": 84.7184065934066, "epoca": "56"}