{"name": "EncoderDecoder166epc", "rmse": 168.57806790644457, "abs erro": 999840.9610733031, "erro comp": "True", "r2 score": 0.1659941346104259, "mape score": 10.20649031180422, "alloc missing": 729185.6283607483, "alloc surplus": 270655.33271255495, "optimal percentage": 52.483974358974365, "better allocation": 52.483974358974365, "beter percentage": 85.18772893772893, "epoca": "166"}