{"name": "EncoderDecoder116epc", "rmse": 177.0711296195963, "abs erro": 1050078.7594238282, "erro comp": "True", "r2 score": 0.07984185099781527, "mape score": 11.131968418412175, "alloc missing": 754129.5372520447, "alloc surplus": 295949.22217178345, "optimal percentage": 53.39972527472527, "better allocation": 53.39972527472527, "beter percentage": 84.7985347985348, "epoca": "116"}