{"name": "EncoderDecoder78epc", "rmse": 171.5027204544993, "abs erro": 1009885.149332428, "erro comp": "True", "r2 score": 0.13680485757561123, "mape score": 10.174638362487517, "alloc missing": 740695.9186553955, "alloc surplus": 269189.2306770325, "optimal percentage": 52.586996336996336, "better allocation": 52.586996336996336, "beter percentage": 85.01602564102564, "epoca": "78"}