{"name": "EncoderDecoder112epc", "rmse": 170.02636785060153, "abs erro": 1009118.8508888244, "erro comp": "True", "r2 score": 0.15160223509984205, "mape score": 10.436791944735052, "alloc missing": 730893.665071106, "alloc surplus": 278225.1858177185, "optimal percentage": 52.83882783882784, "better allocation": 52.83882783882784, "beter percentage": 85.10760073260073, "epoca": "112"}