{"name": "EncoderDecoder160epc", "rmse": 170.0010662339645, "abs erro": 1003871.9035720826, "erro comp": "True", "r2 score": 0.15185471638388714, "mape score": 10.103360189017076, "alloc missing": 738304.9045074463, "alloc surplus": 265566.99906463624, "optimal percentage": 52.50686813186813, "better allocation": 52.49542124542125, "beter percentage": 85.06181318681318, "epoca": "160"}