{"name": "EncoderDecoder114epc", "rmse": 171.65794801059118, "abs erro": 1012712.432649231, "erro comp": "True", "r2 score": 0.1352415901226125, "mape score": 10.178454928949037, "alloc missing": 746795.3752227783, "alloc surplus": 265917.05742645264, "optimal percentage": 52.17490842490843, "better allocation": 52.17490842490843, "beter percentage": 84.90155677655677, "epoca": "114"}