{"name": "EncoderDecoder74epc", "rmse": 172.81818641336528, "abs erro": 1020111.4036941528, "erro comp": "True", "r2 score": 0.12351225658835441, "mape score": 10.510198792388598, "alloc missing": 740195.9666259766, "alloc surplus": 279915.4370681763, "optimal percentage": 52.94184981684982, "better allocation": 52.94184981684982, "beter percentage": 84.99313186813187, "epoca": "74"}