{"name": "EncoderDecoder136epc", "rmse": 169.1764819146034, "abs erro": 1003953.6920318604, "erro comp": "True", "r2 score": 0.16006256105634475, "mape score": 10.39335089374223, "alloc missing": 725511.8207901, "alloc surplus": 278441.87124176027, "optimal percentage": 52.96474358974359, "better allocation": 52.9532967032967, "beter percentage": 85.26785714285714, "epoca": "136"}