{"name": "EncoderDecoder14epc", "rmse": 183.17060439614067, "abs erro": 1073728.4641654969, "erro comp": "True", "r2 score": 0.015357634854691438, "mape score": 10.717924959216065, "alloc missing": 792506.3764335633, "alloc surplus": 281222.08773193357, "optimal percentage": 52.04899267399268, "better allocation": 52.04899267399268, "beter percentage": 84.375, "epoca": "14"}