{"name": "EncoderDecoder96epc", "rmse": 171.72018211864204, "abs erro": 1014962.8675971986, "erro comp": "True", "r2 score": 0.13461444498161323, "mape score": 10.264042462363825, "alloc missing": 745188.8486419678, "alloc surplus": 269774.0189552307, "optimal percentage": 52.541208791208796, "better allocation": 52.541208791208796, "beter percentage": 85.01602564102564, "epoca": "96"}