{"name": "EncoderDecoder106epc", "rmse": 172.65205085036803, "abs erro": 1014964.2586784363, "erro comp": "True", "r2 score": 0.12519663709498463, "mape score": 10.113398649958128, "alloc missing": 753697.2667816163, "alloc surplus": 261266.99189682008, "optimal percentage": 51.83150183150184, "better allocation": 51.83150183150184, "beter percentage": 84.86721611721612, "epoca": "106"}