{"name": "EncoderDecoder142epc", "rmse": 171.00004091633065, "abs erro": 1009756.7507797241, "erro comp": "True", "r2 score": 0.1418575428286325, "mape score": 10.167754090009211, "alloc missing": 742558.9161315919, "alloc surplus": 267197.8346481323, "optimal percentage": 52.300824175824175, "better allocation": 52.300824175824175, "beter percentage": 84.97023809523809, "epoca": "142"}