{"name": "EncoderDecoder54epc", "rmse": 174.88668077005175, "abs erro": 1020870.6043960572, "erro comp": "True", "r2 score": 0.10240498631211092, "mape score": 10.040161550655549, "alloc missing": 761061.5993789672, "alloc surplus": 259809.00501708983, "optimal percentage": 51.579670329670336, "better allocation": 51.579670329670336, "beter percentage": 84.92445054945054, "epoca": "54"}