{"name": "EncoderDecoder58epc", "rmse": 173.88146405559777, "abs erro": 1021224.6409461976, "erro comp": "True", "r2 score": 0.11269375665643766, "mape score": 10.461801847970028, "alloc missing": 748051.9839126586, "alloc surplus": 273172.6570335388, "optimal percentage": 52.541208791208796, "better allocation": 52.541208791208796, "beter percentage": 84.93589743589743, "epoca": "58"}