{"name": "EncoderDecoder34epc", "rmse": 178.59031610072125, "abs erro": 1037622.9900886535, "erro comp": "True", "r2 score": 0.0639850769594621, "mape score": 9.920980982870935, "alloc missing": 780654.2047599793, "alloc surplus": 256968.78532867433, "optimal percentage": 51.739926739926744, "better allocation": 51.739926739926744, "beter percentage": 84.59249084249085, "epoca": "34"}