{"name": "EncoderDecoder118epc", "rmse": 170.3558411495012, "abs erro": 1004316.8512306213, "erro comp": "True", "r2 score": 0.14831103689337422, "mape score": 10.224777702266397, "alloc missing": 736183.0725448609, "alloc surplus": 268133.7786857605, "optimal percentage": 52.33516483516484, "better allocation": 52.33516483516484, "beter percentage": 84.97023809523809, "epoca": "118"}