{"name": "EncoderDecoder10epc", "rmse": 183.42918138258548, "abs erro": 1083430.3511512757, "erro comp": "True", "r2 score": 0.012575686665526664, "mape score": 11.468162678424365, "alloc missing": 781547.1339904785, "alloc surplus": 301883.2171607971, "optimal percentage": 52.89606227106227, "better allocation": 52.89606227106227, "beter percentage": 84.6268315018315, "epoca": "10"}