{"name": "EncoderDecoder194epc", "rmse": 188.23269183550133, "abs erro": 1106657.9853111268, "erro comp": "True", "r2 score": -0.039817367114364455, "mape score": 11.630383867148291, "alloc missing": 808186.4703155519, "alloc surplus": 298471.51499557495, "optimal percentage": 52.827380952380956, "better allocation": 52.827380952380956, "beter percentage": 84.21474358974359, "epoca": "194"}