{"name": "EncoderDecoder182epc", "rmse": 170.67781235428004, "abs erro": 1009301.9180366516, "erro comp": "True", "r2 score": 0.14508862366843744, "mape score": 10.129494048193358, "alloc missing": 746035.2942489624, "alloc surplus": 263266.62378768926, "optimal percentage": 52.094780219780226, "better allocation": 52.094780219780226, "beter percentage": 85.06181318681318, "epoca": "182"}