{"name": "EncoderDecoder4epc", "rmse": 197.43735118624497, "abs erro": 1153383.6152791022, "erro comp": "True", "r2 score": -0.14399886272590035, "mape score": 11.308254325476474, "alloc missing": 884355.563978672, "alloc surplus": 269028.0513004303, "optimal percentage": 50.194597069597066, "better allocation": 50.194597069597066, "beter percentage": 83.39056776556777, "epoca": "4"}