{"name": "EncoderDecoder42epc", "rmse": 176.1214725933679, "abs erro": 1034958.5046363831, "erro comp": "True", "r2 score": 0.0896852557933836, "mape score": 10.425632961466706, "alloc missing": 760074.0583129883, "alloc surplus": 274884.4463233948, "optimal percentage": 52.51831501831502, "better allocation": 52.51831501831502, "beter percentage": 84.91300366300366, "epoca": "42"}