{"name": "EncoderDecoder92epc", "rmse": 171.0532622180736, "abs erro": 1009044.8110160828, "erro comp": "True", "r2 score": 0.14132329072320737, "mape score": 10.346478842855616, "alloc missing": 734851.3133781434, "alloc surplus": 274193.49763793946, "optimal percentage": 52.49542124542125, "better allocation": 52.483974358974365, "beter percentage": 85.14194139194139, "epoca": "92"}