{"name": "EncoderDecoder108epc", "rmse": 177.46053675705022, "abs erro": 1032498.427342224, "erro comp": "True", "r2 score": 0.07579025717519228, "mape score": 9.606787933112802, "alloc missing": 788039.8998176574, "alloc surplus": 244458.52752456666, "optimal percentage": 50.812728937728934, "better allocation": 50.812728937728934, "beter percentage": 84.42078754578755, "epoca": "108"}