{"name": "EncoderDecoder64epc", "rmse": 174.1409903667605, "abs erro": 1020860.4213386535, "erro comp": "True", "r2 score": 0.11004308691604825, "mape score": 10.127921785045132, "alloc missing": 757547.4520050049, "alloc surplus": 263312.9693336487, "optimal percentage": 52.00320512820513, "better allocation": 52.00320512820513, "beter percentage": 84.95879120879121, "epoca": "64"}