{"name": "EncoderDecoder198epc", "rmse": 185.36486263317377, "abs erro": 1089747.0072174072, "erro comp": "True", "r2 score": -0.008374345926545512, "mape score": 11.399265037197809, "alloc missing": 791557.8393981934, "alloc surplus": 298189.1678192138, "optimal percentage": 53.331043956043956, "better allocation": 53.331043956043956, "beter percentage": 84.38644688644689, "epoca": "198"}