{"name": "EncoderDecoder52epc", "rmse": 173.33103796855826, "abs erro": 1022918.9534072875, "erro comp": "True", "r2 score": 0.11830244520245647, "mape score": 10.52649840386983, "alloc missing": 741223.7259910584, "alloc surplus": 281695.22741622926, "optimal percentage": 52.74725274725275, "better allocation": 52.74725274725275, "beter percentage": 85.15338827838828, "epoca": "52"}