{"name": "EncoderDecoder132epc", "rmse": 169.2715666101359, "abs erro": 1004693.887349701, "erro comp": "True", "r2 score": 0.1591181314448823, "mape score": 10.54323265918914, "alloc missing": 723211.1254058838, "alloc surplus": 281482.76194381714, "optimal percentage": 53.147893772893774, "better allocation": 53.147893772893774, "beter percentage": 85.25641025641025, "epoca": "132"}