{"name": "EncoderDecoder22epc", "rmse": 178.96247955988906, "abs erro": 1053266.3686965941, "erro comp": "True", "r2 score": 0.06007989864762431, "mape score": 10.982447370099557, "alloc missing": 764612.7355270386, "alloc surplus": 288653.6331695557, "optimal percentage": 52.72435897435898, "better allocation": 52.72435897435898, "beter percentage": 84.75274725274726, "epoca": "22"}