{"name": "EncoderDecoder120epc", "rmse": 169.5279608628184, "abs erro": 1003587.3437088013, "erro comp": "True", "r2 score": 0.15656884848712083, "mape score": 10.311421027276129, "alloc missing": 728571.7464782714, "alloc surplus": 275015.59723052976, "optimal percentage": 52.78159340659341, "better allocation": 52.78159340659341, "beter percentage": 85.2106227106227, "epoca": "120"}