{"name": "EncoderDecoder164epc", "rmse": 167.64171884820252, "abs erro": 995571.6563102723, "erro comp": "True", "r2 score": 0.1752331992861209, "mape score": 10.226889140601989, "alloc missing": 725263.888243103, "alloc surplus": 270307.7680671692, "optimal percentage": 52.690018315018314, "better allocation": 52.690018315018314, "beter percentage": 85.18772893772893, "epoca": "164"}