{"name": "EncoderDecoder140epc", "rmse": 168.62137374044966, "abs erro": 1001512.3969024657, "erro comp": "True", "r2 score": 0.1655655858782734, "mape score": 10.323072724247348, "alloc missing": 725816.5789451599, "alloc surplus": 275695.81795730593, "optimal percentage": 52.644230769230774, "better allocation": 52.63278388278388, "beter percentage": 85.25641025641025, "epoca": "140"}