{"name": "EncoderDecoder46epc", "rmse": 176.01884953197504, "abs erro": 1024360.8939567566, "erro comp": "True", "r2 score": 0.09074579733408317, "mape score": 9.884350943717521, "alloc missing": 767860.5277153016, "alloc surplus": 256500.36624145508, "optimal percentage": 51.59111721611722, "better allocation": 51.59111721611722, "beter percentage": 84.74130036630036, "epoca": "46"}