{"name": "EncoderDecoder62epc", "rmse": 174.24217274088252, "abs erro": 1022597.1018516541, "erro comp": "True", "r2 score": 0.10900859051468059, "mape score": 10.304650696754447, "alloc missing": 752797.0715812683, "alloc surplus": 269800.03027038573, "optimal percentage": 52.49542124542125, "better allocation": 52.49542124542125, "beter percentage": 84.97023809523809, "epoca": "62"}