{"name": "EncoderDecoder128epc", "rmse": 170.8941365644521, "abs erro": 1006331.821924591, "erro comp": "True", "r2 score": 0.14292014933891484, "mape score": 9.977452756537366, "alloc missing": 747980.3897094728, "alloc surplus": 258351.43221511843, "optimal percentage": 51.797161172161175, "better allocation": 51.797161172161175, "beter percentage": 84.86721611721612, "epoca": "128"}