{"name": "EncoderDecoder50epc", "rmse": 176.23772987959674, "abs erro": 1027874.3680259704, "erro comp": "True", "r2 score": 0.08848306676445006, "mape score": 9.971013198125155, "alloc missing": 768501.660120392, "alloc surplus": 259372.70790557863, "optimal percentage": 51.808608058608066, "better allocation": 51.808608058608066, "beter percentage": 84.7184065934066, "epoca": "50"}