{"name": "EncoderDecoder36epc", "rmse": 175.27636678616614, "abs erro": 1033259.7063781739, "erro comp": "True", "r2 score": 0.09840045129447506, "mape score": 10.79019223782142, "alloc missing": 744953.2475761414, "alloc surplus": 288306.45880203246, "optimal percentage": 53.19368131868132, "better allocation": 53.19368131868132, "beter percentage": 84.89010989010988, "epoca": "36"}