{"name": "EncoderDecoder134epc", "rmse": 170.1795399956149, "abs erro": 1005534.3755302429, "erro comp": "True", "r2 score": 0.15007294947501104, "mape score": 10.134842197944453, "alloc missing": 741183.9742477416, "alloc surplus": 264350.40128250123, "optimal percentage": 52.117673992674, "better allocation": 52.117673992674, "beter percentage": 85.00457875457876, "epoca": "134"}