{"name": "EncoderDecoder20epc", "rmse": 181.72151514805753, "abs erro": 1061127.5437469482, "erro comp": "True", "r2 score": 0.030875307257633655, "mape score": 10.484986505130923, "alloc missing": 787685.6388519288, "alloc surplus": 273441.90489501954, "optimal percentage": 52.06043956043956, "better allocation": 52.06043956043956, "beter percentage": 84.52380952380952, "epoca": "20"}