{"name": "EncoderDecoder82epc", "rmse": 172.3424491528206, "abs erro": 1015819.1700500487, "erro comp": "True", "r2 score": 0.12833123952287673, "mape score": 10.153312903173696, "alloc missing": 745706.4954452513, "alloc surplus": 270112.6746047974, "optimal percentage": 52.42673992673993, "better allocation": 52.42673992673993, "beter percentage": 84.99313186813187, "epoca": "82"}