{"name": "EncoderDecoder66epc", "rmse": 172.40128597723395, "abs erro": 1020684.4935966493, "erro comp": "True", "r2 score": 0.12773597147968774, "mape score": 10.64534847173569, "alloc missing": 738154.0600219727, "alloc surplus": 282530.43357467646, "optimal percentage": 52.88461538461539, "better allocation": 52.88461538461539, "beter percentage": 84.98168498168498, "epoca": "66"}