{"name": "EncoderDecoder88epc", "rmse": 172.58071481313831, "abs erro": 1017256.1861167907, "erro comp": "True", "r2 score": 0.1259193868424502, "mape score": 10.374594697907806, "alloc missing": 747167.6849227904, "alloc surplus": 270088.50119400024, "optimal percentage": 52.51831501831502, "better allocation": 52.51831501831502, "beter percentage": 84.94734432234432, "epoca": "88"}