{"name": "EncoderDecoder12epc", "rmse": 182.1247162028909, "abs erro": 1087935.6740898134, "erro comp": "True", "r2 score": 0.02656997670173944, "mape score": 12.242282441724594, "alloc missing": 764552.9055709839, "alloc surplus": 323382.76851882937, "optimal percentage": 54.21245421245421, "better allocation": 54.21245421245421, "beter percentage": 84.6382783882784, "epoca": "12"}