{"name": "EncoderDecoder90epc", "rmse": 170.79004301178136, "abs erro": 1012513.6127494813, "erro comp": "True", "r2 score": 0.14396394542209223, "mape score": 10.596161626145811, "alloc missing": 731120.0993766784, "alloc surplus": 281393.51337280276, "optimal percentage": 52.88461538461539, "better allocation": 52.88461538461539, "beter percentage": 85.22206959706959, "epoca": "90"}