{"name": "EncoderDecoder38epc", "rmse": 178.27728487812726, "abs erro": 1037487.7022697448, "erro comp": "True", "r2 score": 0.06726347543930056, "mape score": 9.991297421709492, "alloc missing": 777305.5529579162, "alloc surplus": 260182.14931182863, "optimal percentage": 51.797161172161175, "better allocation": 51.797161172161175, "beter percentage": 84.60393772893772, "epoca": "38"}