{"name": "EncoderDecoder100epc", "rmse": 168.5942730882692, "abs erro": 1005147.5721710207, "erro comp": "True", "r2 score": 0.16583378319035036, "mape score": 10.7362420622678, "alloc missing": 718639.7000686646, "alloc surplus": 286507.87210235593, "optimal percentage": 53.22802197802198, "better allocation": 53.216575091575095, "beter percentage": 85.18772893772893, "epoca": "100"}