{"name": "EncoderDecoder152epc", "rmse": 169.75831392616644, "abs erro": 1001794.2506134034, "erro comp": "True", "r2 score": 0.1542751979747039, "mape score": 10.132030633467558, "alloc missing": 735700.3179267882, "alloc surplus": 266093.932686615, "optimal percentage": 52.66712454212454, "better allocation": 52.65567765567766, "beter percentage": 85.10760073260073, "epoca": "152"}