{"name": "EncoderDecoder148epc", "rmse": 168.96673831695995, "abs erro": 999231.0800476074, "erro comp": "True", "r2 score": 0.16214396492838756, "mape score": 10.158494588466437, "alloc missing": 731804.1045272828, "alloc surplus": 267426.9755203247, "optimal percentage": 52.38095238095239, "better allocation": 52.38095238095239, "beter percentage": 85.18772893772893, "epoca": "148"}