{"name": "EncoderDecoder102epc", "rmse": 170.53201280474843, "abs erro": 1010440.9986122132, "erro comp": "True", "r2 score": 0.1465485961542351, "mape score": 10.346635045909355, "alloc missing": 736396.7192985535, "alloc surplus": 274044.2793136597, "optimal percentage": 52.38095238095239, "better allocation": 52.38095238095239, "beter percentage": 85.02747252747253, "epoca": "102"}