{"name": "EncoderDecoder184epc", "rmse": 169.1011048274141, "abs erro": 1000839.5041763306, "erro comp": "True", "r2 score": 0.1608108675871186, "mape score": 10.02636803069265, "alloc missing": 738448.7691101073, "alloc surplus": 262390.73506622313, "optimal percentage": 52.083333333333336, "better allocation": 52.083333333333336, "beter percentage": 85.00457875457876, "epoca": "184"}