{"name": "EncoderDecoder6epc", "rmse": 190.39520659865738, "abs erro": 1112978.3993591308, "erro comp": "True", "r2 score": -0.06384653063422974, "mape score": 11.301059730717647, "alloc missing": 826808.4328727722, "alloc surplus": 286169.96648635867, "optimal percentage": 52.46108058608059, "better allocation": 52.46108058608059, "beter percentage": 84.04304029304029, "epoca": "6"}