{"name": "EncoderDecoder72epc", "rmse": 171.65691586958332, "abs erro": 1013851.8345161438, "erro comp": "True", "r2 score": 0.13525198929076898, "mape score": 10.482196751061638, "alloc missing": 735353.8477035522, "alloc surplus": 278497.98681259155, "optimal percentage": 52.85027472527473, "better allocation": 52.85027472527473, "beter percentage": 85.01602564102564, "epoca": "72"}