{"name": "EncoderDecoder196epc", "rmse": 186.6026551484336, "abs erro": 1100790.339893341, "erro comp": "True", "r2 score": -0.021886351936764692, "mape score": 11.745541482120936, "alloc missing": 794503.9307945251, "alloc surplus": 306286.40909881593, "optimal percentage": 53.22802197802198, "better allocation": 53.22802197802198, "beter percentage": 84.2948717948718, "epoca": "196"}