{"name": "EncoderDecoder48epc", "rmse": 174.97158523677575, "abs erro": 1028623.5214874267, "erro comp": "True", "r2 score": 0.10153324096348193, "mape score": 10.409019495064939, "alloc missing": 756042.4964546204, "alloc surplus": 272581.0250328064, "optimal percentage": 52.300824175824175, "better allocation": 52.300824175824175, "beter percentage": 84.76419413919413, "epoca": "48"}