{"name": "EncoderDecoder156epc", "rmse": 168.78868190779812, "abs erro": 999149.6280830384, "erro comp": "True", "r2 score": 0.1639088925454918, "mape score": 10.074868108316302, "alloc missing": 734574.1704704284, "alloc surplus": 264575.45761260984, "optimal percentage": 52.094780219780226, "better allocation": 52.083333333333336, "beter percentage": 85.01602564102564, "epoca": "156"}