{"loss": [5.083122730255127, 4.820227146148682, 4.789206504821777, 4.768565654754639, 4.753020286560059, 4.740810871124268, 4.730736255645752, 4.720120906829834, 4.713109970092773, 4.706751346588135, 4.699586391448975, 4.694802284240723, 4.687372207641602, 4.684513568878174, 4.679315090179443, 4.675715446472168, 4.670029640197754, 4.666581630706787, 4.660819053649902, 4.657969951629639, 4.654838562011719, 4.653303146362305, 4.648068904876709, 4.646924018859863, 4.643571853637695, 4.640770435333252, 4.639291763305664, 4.634319305419922, 4.635586738586426, 4.632996082305908], "reshape_loss": [3.5193541049957275, 3.2813210487365723, 3.2550723552703857, 3.237732172012329, 3.2239763736724854, 3.2131564617156982, 3.2044286727905273, 3.195197105407715, 3.1887621879577637, 3.1828055381774902, 3.176576852798462, 3.17222261428833, 3.165424346923828, 3.162670612335205, 3.1581168174743652, 3.1545493602752686, 3.1497678756713867, 3.1462459564208984, 3.1409707069396973, 3.1386852264404297, 3.135474681854248, 3.134050130844116, 3.129204750061035, 3.127720832824707, 3.1247479915618896, 3.121983766555786, 3.1211137771606445, 3.116610527038574, 3.1176846027374268, 3.1150143146514893], "reshape_1_loss": [1.5637632608413696, 1.5389041900634766, 1.5341341495513916, 1.5308377742767334, 1.5290403366088867, 1.52765691280365, 1.5263029336929321, 1.5249234437942505, 1.5243514776229858, 1.523947834968567, 1.523012399673462, 1.5225799083709717, 1.5219404697418213, 1.5218487977981567, 1.5212002992630005, 1.5211650133132935, 1.5202665328979492, 1.5203338861465454, 1.519848108291626, 1.5192816257476807, 1.51936674118042, 1.5192540884017944, 1.5188604593276978, 1.5192042589187622, 1.51881742477417, 1.5187844038009644, 1.5181827545166016, 1.5177087783813477, 1.5179142951965332, 1.5179822444915771], "reshape_root_mean_squared_error": [203.55516052246094, 199.3507843017578, 198.45730590820312, 197.91726684570312, 197.55101013183594, 197.2382049560547, 196.97540283203125, 196.68968200683594, 196.59600830078125, 196.3288116455078, 196.16909790039062, 196.0860595703125, 195.92819213867188, 195.8874053955078, 195.78448486328125, 195.69454956054688, 195.64312744140625, 195.56057739257812, 195.4586181640625, 195.42198181152344, 195.35379028320312, 195.32994079589844, 195.260009765625, 195.22528076171875, 195.16896057128906, 195.0555877685547, 195.0524444580078, 194.99517822265625, 195.05859375, 194.94032287597656], "reshape_1_categorical_accuracy": [0.31397151947021484, 0.3263718783855438, 0.32829079031944275, 0.3303797245025635, 0.33038976788520813, 0.33101415634155273, 0.33158111572265625, 0.3319055736064911, 0.3329135477542877, 0.332461416721344, 0.3331315219402313, 0.33320900797843933, 0.3336343765258789, 0.33409878611564636, 0.33434629440307617, 0.3342058062553406, 0.33446115255355835, 0.33444276452064514, 0.3341846168041229, 0.33432233333587646, 0.3341829478740692, 0.33458325266838074, 0.33516359329223633, 0.3342883288860321, 0.33467745780944824, 0.3349199593067169, 0.33544009923934937, 0.33565083146095276, 0.33536651730537415, 0.33515968918800354]}