{"loss": [33.407379150390625, 33.38208770751953, 33.3815803527832, 33.381492614746094, 33.38138198852539, 33.38136672973633, 33.381351470947266, 33.38132095336914, 33.381324768066406, 33.38134002685547, 33.38132095336914, 33.381370544433594, 33.381324768066406, 33.381317138671875, 33.38136291503906, 33.3813362121582, 33.38130187988281, 33.381324768066406, 33.38131332397461, 33.38132858276367, 33.381385803222656, 33.38136291503906, 33.381370544433594, 33.38132858276367, 33.38136672973633, 33.3813362121582, 33.38137435913086, 33.38132858276367, 33.38133239746094, 33.38129425048828], "root_mean_squared_error": [779.2271118164062, 779.2234497070312, 779.223388671875, 779.2228393554688, 779.223388671875, 779.2230224609375, 779.2236328125, 779.2238159179688, 779.2230224609375, 779.2235717773438, 779.2233276367188, 779.223388671875, 779.2230224609375, 779.2232666015625, 779.2234497070312, 779.222900390625, 779.223388671875, 779.2230224609375, 779.2232666015625, 779.2235717773438, 779.22314453125, 779.2232666015625, 779.2232666015625, 779.223388671875, 779.2235107421875, 779.2235107421875, 779.2230224609375, 779.2236328125, 779.2235717773438, 779.2230224609375]}