name,rmse,abs erro,erro comp,r2 score,mape score,alloc missing,alloc surplus,optimal percentage,better allocation,beter percentage,epoca
StackedCNN softsign softplus10epc,469.0978680277493,3857803.3397338865,True,-5.457938118760177,84.97785806748644,46983.10637207032,3810820.2333618165,33.21886446886447,32.61217948717949,36.19505494505494,10
StackedCNN softsign softplus20epc,445.8497342797675,3650281.4063964845,True,-4.833698570308065,81.30638693528066,56221.63488159179,3594059.7715148926,35.38232600732601,34.878663003663,38.71336996336996,20
StackedCNN softsign softplus30epc,900.7139892940825,6351850.552270508,False,-22.80897926726233,117.72993951438724,22655.508630371092,6329195.043640137,17.29624542124542,16.552197802197803,18.830128205128204,30
