{"name": "StackedCNN_softsign_softplus20epc", "rmse": 445.8497342797675, "abs erro": 3650281.4063964845, "erro comp": "True", "r2 score": -4.833698570308065, "mape score": 81.30638693528066, "alloc missing": 56221.63488159179, "alloc surplus": 3594059.7715148926, "optimal percentage": 35.38232600732601, "better allocation": 34.878663003663, "beter percentage": 38.71336996336996, "epoca": "20"}