{"name": "StackedCNN_softsign_softplus10epc", "rmse": 469.0978680277493, "abs erro": 3857803.3397338865, "erro comp": "True", "r2 score": -5.457938118760177, "mape score": 84.97785806748644, "alloc missing": 46983.10637207032, "alloc surplus": 3810820.2333618165, "optimal percentage": 33.21886446886447, "better allocation": 32.61217948717949, "beter percentage": 36.19505494505494, "epoca": "10"}