name,rmse,abs erro,erro comp,r2 score,mape score,alloc missing,alloc surplus,optimal percentage,better allocation,beter percentage,epoca
StackedCNN relu elu10epc,743.4977543668522,6056845.765081787,False,-15.222817521790855,128.50766130151015,17058.493652343754,6039787.271429444,16.208791208791208,15.361721611721613,17.27335164835165,10
StackedCNN relu elu20epc,224.29369848592322,1731138.4786712648,True,-0.476390035790913,39.39881842544786,342356.4951843262,1388781.9834869383,78.3768315018315,78.3768315018315,89.80082417582418,20
StackedCNN relu elu30epc,481.5810094710931,3739379.0215209955,True,-5.806215040307893,83.91894963648481,84681.14068603516,3654697.880834961,50.12591575091575,49.64514652014652,53.434065934065934,30
