{"name": "StackedCNN_relu_elu20epc", "rmse": 224.29369848592322, "abs erro": 1731138.4786712648, "erro comp": "True", "r2 score": -0.476390035790913, "mape score": 39.39881842544786, "alloc missing": 342356.4951843262, "alloc surplus": 1388781.9834869383, "optimal percentage": 78.3768315018315, "better allocation": 78.3768315018315, "beter percentage": 89.80082417582418, "epoca": "20"}