{"name": "StackedCNN_relu_elu10epc", "rmse": 743.4977543668522, "abs erro": 6056845.765081787, "erro comp": "False", "r2 score": -15.222817521790855, "mape score": 128.50766130151015, "alloc missing": 17058.493652343754, "alloc surplus": 6039787.271429444, "optimal percentage": 16.208791208791208, "better allocation": 15.361721611721613, "beter percentage": 17.27335164835165, "epoca": "10"}