name,rmse,abs erro,erro comp,r2 score,mape score,alloc missing,alloc surplus,optimal percentage,better allocation,beter percentage,epoca
StackedCNN 48X 24Y10epc,436.87107482512533,3615049.580755615,True,-4.60859838626083,79.68409800245533,58860.33493041992,3556189.2458251957,42.468383017163504,42.03929539295393,45.8446251129178,10
StackedCNN 48X 24Y20epc,455.3092676870886,3788688.446276855,True,-5.092011874584724,82.42696992900862,49200.22754516602,3739488.2187316897,32.21544715447154,31.56052393857272,35.298102981029814,20
StackedCNN 48X 24Y30epc,479.10988759619073,3989558.8588378904,False,-5.745560284089047,86.61587791661591,43807.71104736328,3945751.147790527,29.855465221318877,29.18925022583559,32.72357723577235,30
