{"name": "StackedCNN_48X_24Y30epc", "rmse": 479.10988759619073, "abs erro": 3989558.8588378904, "erro comp": "False", "r2 score": -5.745560284089047, "mape score": 86.61587791661591, "alloc missing": 43807.71104736328, "alloc surplus": 3945751.147790527, "optimal percentage": 29.855465221318877, "better allocation": 29.18925022583559, "beter percentage": 32.72357723577235, "epoca": "30"}