{"name": "StackedCNN_48X_24Y20epc", "rmse": 455.3092676870886, "abs erro": 3788688.446276855, "erro comp": "True", "r2 score": -5.092011874584724, "mape score": 82.42696992900862, "alloc missing": 49200.22754516602, "alloc surplus": 3739488.2187316897, "optimal percentage": 32.21544715447154, "better allocation": 31.56052393857272, "beter percentage": 35.298102981029814, "epoca": "20"}