{"name": "StackedCNN_48X_24Y10epc", "rmse": 436.87107482512533, "abs erro": 3615049.580755615, "erro comp": "True", "r2 score": -4.60859838626083, "mape score": 79.68409800245533, "alloc missing": 58860.33493041992, "alloc surplus": 3556189.2458251957, "optimal percentage": 42.468383017163504, "better allocation": 42.03929539295393, "beter percentage": 45.8446251129178, "epoca": "10"}