{"loss": [3.750185966491699, 3.531559944152832, 3.5211799144744873, 3.5172312259674072, 3.514667272567749, 3.512583017349243, 3.5112929344177246, 3.510593891143799, 3.509876012802124, 3.5092885494232178, 3.508883476257324, 3.5082623958587646, 3.5080082416534424, 3.5074713230133057, 3.5071775913238525, 3.506775140762329, 3.506378412246704, 3.506234645843506, 3.5059237480163574, 3.505661725997925, 3.5053999423980713, 3.505174160003662, 3.5049428939819336, 3.504786968231201, 3.504676103591919, 0.9327051639556885, 0.018160535022616386, 0.017804590985178947, 0.01766645535826683, 0.017476553097367287], "root_mean_squared_error": [342.91900634765625, 286.3750305175781, 272.34490966796875, 269.1086120605469, 268.3789367675781, 265.927490234375, 264.07147216796875, 264.5953369140625, 264.3520812988281, 261.0028381347656, 260.0206298828125, 258.631591796875, 258.9088439941406, 255.2146759033203, 254.72610473632812, 253.18148803710938, 251.7601318359375, 251.87913513183594, 251.48020935058594, 250.58587646484375, 250.65924072265625, 249.5419158935547, 249.02444458007812, 248.65377807617188, 247.9267120361328, 159.1642303466797, 110.31451416015625, 107.48222351074219, 106.48355102539062, 107.06584930419922]}