{"loss": [0.2531081736087799, 0.04409702867269516, 0.03512013331055641, 0.030325379222631454, 0.02759200893342495, 0.02597736194729805, 0.024848541244864464, 0.02429155819118023, 0.02375745214521885, 0.023275980725884438, 0.022770067676901817, 0.022285833954811096, 0.02189459837973118, 0.021464025601744652, 0.02121828868985176, 0.020757382735610008, 0.020555296912789345, 0.020217206329107285, 0.019871216267347336, 0.019502099603414536, 0.0191991925239563, 0.019008424133062363, 0.01867184415459633, 0.018580764532089233, 0.018257996067404747, 0.018047362565994263, 0.01788046397268772, 0.017678607255220413, 0.01745990291237831, 0.017275961115956306], "root_mean_squared_error": [258.443359375, 173.38812255859375, 159.4365692138672, 153.20645141601562, 149.6071014404297, 146.10804748535156, 142.04881286621094, 144.17958068847656, 142.48866271972656, 141.58509826660156, 139.9418487548828, 138.022216796875, 138.0369415283203, 135.97178649902344, 134.75437927246094, 131.98507690429688, 132.34483337402344, 132.5833740234375, 129.97296142578125, 128.76295471191406, 126.74266815185547, 127.35193634033203, 123.61685180664062, 125.46887969970703, 122.24066162109375, 119.66972351074219, 118.55416870117188, 117.55596923828125, 115.80648040771484, 113.20620727539062]}