name,rmse,abs erro,erro comp,r2 score,mape score,alloc missing,alloc surplus,optimal percentage,better allocation,beter percentage,epoca
StackedCNN 24X 24Y10epc,411.10430441833006,3391517.083831787,True,-3.969778575438112,74.6225008477124,72965.72763061523,3318551.356201172,57.31981981981982,57.01576576576577,60.43918918918919,10
StackedCNN 24X 24Y20epc,460.8777469946029,3844773.908795166,True,-5.246035809697485,83.5048296294968,49655.46372070313,3795118.445074463,28.4009009009009,27.725225225225223,31.610360360360364,20
StackedCNN 24X 24Y30epc,468.7849474806825,3907629.316113281,True,-5.462198703561783,84.62130069468192,48042.44528808593,3859586.8708251957,26.351351351351347,25.653153153153152,29.515765765765767,30
