{"name": "StackedCNN_24X_24Y10epc", "rmse": 411.10430441833006, "abs erro": 3391517.083831787, "erro comp": "True", "r2 score": -3.969778575438112, "mape score": 74.6225008477124, "alloc missing": 72965.72763061523, "alloc surplus": 3318551.356201172, "optimal percentage": 57.31981981981982, "better allocation": 57.01576576576577, "beter percentage": 60.43918918918919, "epoca": "10"}