{"name": "StackedCNN_24X_24Y20epc", "rmse": 460.8777469946029, "abs erro": 3844773.908795166, "erro comp": "True", "r2 score": -5.246035809697485, "mape score": 83.5048296294968, "alloc missing": 49655.46372070313, "alloc surplus": 3795118.445074463, "optimal percentage": 28.4009009009009, "better allocation": 27.725225225225223, "beter percentage": 31.610360360360364, "epoca": "20"}