{"name": "StackedCNN_exponential_linear", "rmse": 1255.6711121135982, "abs erro": 117183770.69372559, "erro comp": "False", "r2 score": -58.18504455860715, "mape score": 0.37777154050125583, "alloc missing": 117183770.69372559, "alloc surplus": 0.0, "optimal percentage": 0.0, "better allocation": 0.0, "beter percentage": 0.0}