{"loss": [0.28551337122917175, 0.06946702301502228, 0.04954543709754944, 0.04014042392373085, 0.03462841361761093, 0.029838113114237785, 0.0266139954328537, 0.025286611169576645, 0.02360130101442337, 0.02298116497695446, 0.022475216537714005, 0.021846337243914604, 0.021363239735364914, 0.020812682807445526, 0.02062825858592987, 0.020186908543109894, 0.019865550100803375, 0.01960703544318676, 0.019366029649972916, 0.019570907577872276, 0.018871532753109932, 0.01886443793773651, 0.018515393137931824, 0.018635613843798637, 0.018209083005785942, 0.01824852265417576, 0.018015043810009956, 0.01780395396053791, 0.01765725202858448, 0.017559733241796494], "root_mean_squared_error": [24635.068359375, 292.38531494140625, 231.88916015625, 218.314208984375, 199.0657501220703, 195.6256866455078, 183.6281280517578, 175.146484375, 162.62142944335938, 160.2361297607422, 165.2109375, 169.2984619140625, 148.93365478515625, 149.43336486816406, 147.13746643066406, 146.6573486328125, 143.53314208984375, 170.94476318359375, 136.79588317871094, 185.62457275390625, 144.46267700195312, 144.03392028808594, 132.6508331298828, 133.48391723632812, 137.52978515625, 227.07020568847656, 132.1449737548828, 135.5712127685547, 133.95462036132812, 131.22793579101562]}