{"name": "StackedCNN_RMSprop", "rmse": 1182.5888930419335, "abs erro": 87535643.91918945, "erro comp": "False", "r2 score": -51.49618752266815, "mape score": 0.2852520612181891, "alloc missing": 25758991.666992188, "alloc surplus": 61776652.252197266, "optimal percentage": 0.0, "better allocation": 0.0, "beter percentage": 0.0}