{"loss": [3.6667373180389404, 3.5229265689849854, 3.519911766052246, 3.5182552337646484, 3.516460657119751, 3.515244245529175, 3.51427960395813, 3.513627529144287, 3.5129308700561523, 3.512422800064087, 3.5121965408325195, 3.511897325515747, 3.5116312503814697, 3.5114541053771973, 3.5112600326538086, 3.510910987854004, 3.510678768157959, 3.510528802871704, 3.510328769683838, 3.5103042125701904, 3.5101351737976074, 3.5099241733551025, 3.509620189666748, 3.5096209049224854, 3.5095765590667725, 3.5094149112701416, 3.5093328952789307, 3.5091893672943115, 3.5090832710266113, 3.5090348720550537], "root_mean_squared_error": [310.49664306640625, 275.1540832519531, 272.0991516113281, 270.9827880859375, 269.07916259765625, 268.3078918457031, 267.4527893066406, 267.4092102050781, 266.0086975097656, 265.208251953125, 265.74993896484375, 265.47210693359375, 265.4760437011719, 265.11663818359375, 265.5887756347656, 264.5233459472656, 264.10205078125, 264.1116638183594, 263.4556579589844, 264.0382995605469, 263.93438720703125, 263.2233581542969, 262.2169189453125, 263.0292053222656, 262.89715576171875, 262.3887634277344, 263.7488708496094, 262.80364990234375, 262.3781433105469, 262.2038269042969]}