{"loss": [3.6667373180389404], "root_mean_squared_error": [310.49664306640625]}