{"loss": [3.864938735961914, 3.5384418964385986, 3.5295238494873047, 3.525653600692749, 3.5236270427703857, 3.5217952728271484, 3.5205776691436768, 3.519167184829712, 3.517977714538574, 3.5168910026550293, 3.515841245651245, 3.5149641036987305, 3.514387845993042, 3.513476610183716, 3.5126988887786865, 3.511956214904785, 3.5112955570220947, 1.3670494556427002, 0.027355406433343887, 0.026127751916646957, 0.02562430128455162, 0.025206109508872032, 0.02483389526605606, 0.02437923476099968, 0.024334494024515152, 0.02419358864426613, 0.024115364998579025, 0.024093829095363617, 0.023998653516173363, 0.023848561570048332], "root_mean_squared_error": [375.7725524902344, 307.79345703125, 296.6231689453125, 291.4782409667969, 292.41851806640625, 289.9416809082031, 287.3027038574219, 284.70318603515625, 281.70343017578125, 278.7691955566406, 276.32220458984375, 274.1148681640625, 273.4295349121094, 271.7005615234375, 270.8384704589844, 269.39312744140625, 268.4296875, 214.24819946289062, 160.30174255371094, 154.1186065673828, 151.4071502685547, 150.60623168945312, 149.21029663085938, 148.21279907226562, 149.52493286132812, 148.1440887451172, 148.08572387695312, 147.72811889648438, 146.8949432373047, 145.5708465576172]}