{"loss": [0.22535839676856995, 0.04111095145344734, 0.03348999097943306, 0.03058849461376667, 0.02925279177725315, 0.028181495144963264, 0.027388673275709152, 0.026474013924598694, 0.025685900822281837, 0.025049688294529915, 0.024364305660128593, 0.02393990196287632, 0.02362322248518467, 0.023146221414208412, 0.023010022938251495, 0.022799722850322723, 0.02256593480706215, 0.02249268814921379, 0.022235224023461342, 0.02225581742823124, 0.021891320124268532, 0.021888773888349533, 0.021787919104099274, 0.021656937897205353, 0.021485164761543274, 0.02139521948993206, 0.021412936970591545, 0.02117561176419258, 0.020990747958421707, 0.02091219834983349], "root_mean_squared_error": [268.1075134277344, 173.79696655273438, 154.28402709960938, 152.03445434570312, 152.78355407714844, 152.49542236328125, 152.93319702148438, 147.40501403808594, 146.73129272460938, 143.68238830566406, 136.1715087890625, 134.3085479736328, 132.1847381591797, 128.09129333496094, 127.56626892089844, 126.4484634399414, 124.27041625976562, 124.67897033691406, 124.18885803222656, 124.87982940673828, 122.85679626464844, 121.71599578857422, 123.03926086425781, 121.53076934814453, 120.87898254394531, 120.77372741699219, 122.18559265136719, 121.16889190673828, 120.79534149169922, 120.92984008789062]}