{"name": "StackedCNN_168X_8Y", "rmse": 587.7559060038515, "abs erro": 16878396.287597656, "erro comp": "False", "r2 score": -11.958031768942247, "mape score": 0.16229836414207696, "alloc missing": 16876085.227783203, "alloc surplus": 2311.059814453125, "optimal percentage": 0.0, "better allocation": 0.0, "beter percentage": 0.0}