{"name": "StackedCNN_softplus_softplus", "rmse": 393.20197810240785, "abs erro": 3191326.780786133, "erro comp": "True", "r2 score": -3.537308919246275, "mape score": 72.86768828939815, "alloc missing": 84140.15972290038, "alloc surplus": 3107186.6210632324, "optimal percentage": 69.21932234432234, "better allocation": 69.15064102564102, "beter percentage": 71.84065934065934}