name,rmse,abs erro,erro comp,r2 score,mape score,alloc missing,alloc surplus,optimal percentage,better allocation,beter percentage,epoca
StackedCNN 98X 8Y10epc,640.3952589480026,5233350.369854736,False,-11.060216757270359,112.20128343839428,27504.999401855468,5205845.370452881,24.761363636363637,24.034090909090907,26.375,10
StackedCNN 98X 8Y20epc,360.3346591976477,2921240.0442016604,True,-2.8183081267290175,67.35502842700497,113611.0880859375,2807628.9561157227,86.48863636363636,86.4659090909091,89.2159090909091,20
StackedCNN 98X 8Y30epc,401.18444239284383,3287580.9536315915,True,-3.7331150752932416,74.38102492873425,76725.23904418945,3210855.714587402,51.78409090909091,51.64772727272727,55.36363636363636,30
