{"name": "StackedCNN_98X_8Y20epc", "rmse": 360.3346591976477, "abs erro": 2921240.0442016604, "erro comp": "True", "r2 score": -2.8183081267290175, "mape score": 67.35502842700497, "alloc missing": 113611.0880859375, "alloc surplus": 2807628.9561157227, "optimal percentage": 86.48863636363636, "better allocation": 86.4659090909091, "beter percentage": 89.2159090909091, "epoca": "20"}