name,rmse,abs erro,erro comp,r2 score,mape score,alloc missing,alloc surplus,optimal percentage,better allocation,beter percentage,epoca
StackedCNN 98X 1Y10epc,371.07772350564215,2995096.5804626467,True,-3.0511868098763673,68.61584860092954,120647.24957275389,2874449.3308898928,71.45128321598911,71.39450374744493,75.00567794685442,10
StackedCNN 98X 1Y20epc,367.50394994009844,2992239.544268799,True,-2.9735302653102043,68.65255874074336,103916.26913452148,2888323.2751342775,86.44106291165114,86.41835112423347,88.65546218487394,20
StackedCNN 98X 1Y30epc,445.2756869678523,3671816.0319580077,True,-4.833248357860952,81.14771817433837,54078.28353271484,3617737.748425293,37.09970474676357,36.49784238019532,40.30206677265501,30
