{"name": "StackedCNN_98X_1Y20epc", "rmse": 367.50394994009844, "abs erro": 2992239.544268799, "erro comp": "True", "r2 score": -2.9735302653102043, "mape score": 68.65255874074336, "alloc missing": 103916.26913452148, "alloc surplus": 2888323.2751342775, "optimal percentage": 86.44106291165114, "better allocation": 86.41835112423347, "beter percentage": 88.65546218487394, "epoca": "20"}