{"name": "StackedCNN_98X_1Y10epc", "rmse": 371.07772350564215, "abs erro": 2995096.5804626467, "erro comp": "True", "r2 score": -3.0511868098763673, "mape score": 68.61584860092954, "alloc missing": 120647.24957275389, "alloc surplus": 2874449.3308898928, "optimal percentage": 71.45128321598911, "better allocation": 71.39450374744493, "beter percentage": 75.00567794685442, "epoca": "10"}