name,rmse,abs erro,erro comp,r2 score,mape score,alloc missing,alloc surplus,optimal percentage,better allocation,beter percentage,epoca
StackedCNN 24X 1Y10epc,206.893893287558,1140454.5989984514,True,-0.2587176898432044,5.172749548434086,1027917.596410942,112537.00258750915,41.41891891891892,41.41891891891892,82.39864864864866,10
StackedCNN 24X 1Y20epc,209.09499189206502,1148970.7839416503,True,-0.28564259714452955,4.692505499510898,1051344.5548383712,97626.22910327911,40.02252252252252,40.02252252252252,82.18468468468468,20
StackedCNN 24X 1Y30epc,209.4662006816309,1149047.5637125014,True,-0.29021148188430224,4.427474708007269,1055993.6988985061,93053.86481399536,39.54954954954955,39.54954954954955,82.2072072072072,30
