{"name": "StackedCNN_24X_1Y20epc", "rmse": 209.09499189206502, "abs erro": 1148970.7839416503, "erro comp": "True", "r2 score": -0.28564259714452955, "mape score": 4.692505499510898, "alloc missing": 1051344.5548383712, "alloc surplus": 97626.22910327911, "optimal percentage": 40.02252252252252, "better allocation": 40.02252252252252, "beter percentage": 82.18468468468468, "epoca": "20"}