{"name": "StackedCNN_24X_1Y10epc", "rmse": 206.893893287558, "abs erro": 1140454.5989984514, "erro comp": "True", "r2 score": -0.2587176898432044, "mape score": 5.172749548434086, "alloc missing": 1027917.596410942, "alloc surplus": 112537.00258750915, "optimal percentage": 41.41891891891892, "better allocation": 41.41891891891892, "beter percentage": 82.39864864864866, "epoca": "10"}