{"loss": [3.40745210647583, 3.281979560852051, 3.2552871704101562, 3.238884449005127, 3.2255611419677734, 3.2143752574920654, 3.203493595123291, 3.194105386734009, 3.1868412494659424, 3.1798465251922607, 3.1710102558135986, 3.1659982204437256, 3.1602423191070557, 3.1532342433929443, 3.1492464542388916, 3.144791841506958, 3.1396310329437256, 3.132640838623047, 3.130103826522827, 3.1271555423736572, 3.12263822555542, 3.1185965538024902, 3.1156997680664062, 3.1142921447753906, 3.109487533569336, 3.105664014816284, 3.1053977012634277, 3.1026999950408936, 3.099255084991455, 3.097689390182495], "root_mean_squared_error": [203.1306915283203, 199.43922424316406, 198.47792053222656, 198.0037384033203, 197.6234893798828, 197.25103759765625, 197.0644073486328, 196.81500244140625, 196.67359924316406, 196.560546875, 196.35508728027344, 196.28274536132812, 196.197265625, 196.07769775390625, 195.95556640625, 195.90992736816406, 195.86642456054688, 195.7034149169922, 195.68585205078125, 195.5963897705078, 195.51296997070312, 195.5337371826172, 195.4636688232422, 195.3451385498047, 195.38470458984375, 195.24636840820312, 195.31300354003906, 195.2662353515625, 195.23121643066406, 195.23358154296875]}