{"name": "StackedCNN_98X_24Y", "rmse": 1167.213077944875, "abs erro": 9770108.132873537, "erro comp": "False", "r2 score": -39.08578409800083, "mape score": 191.5405349924239, "alloc missing": 1578.7314941406253, "alloc surplus": 9768529.401379395, "optimal percentage": 2.2540983606557377, "better allocation": 1.8328779599271403, "beter percentage": 2.413479052823315}