{"loss": [33.38522720336914, 33.38135528564453, 33.381317138671875, 33.38136672973633, 33.38132858276367, 33.38134002685547, 33.38136672973633, 33.381351470947266, 33.38130187988281, 33.38133239746094, 33.38131332397461, 33.38136672973633, 33.381324768066406, 33.38135528564453, 33.381370544433594, 33.381378173828125, 33.38134765625, 33.381351470947266, 33.38133239746094, 33.38135528564453, 33.38129425048828, 33.381343841552734, 33.381378173828125, 33.381378173828125, 33.38132095336914, 33.3813362121582, 33.38132858276367, 33.38133239746094, 33.38136672973633, 33.38130187988281], "root_mean_squared_error": [779.2237548828125, 779.2235717773438, 779.2232666015625, 779.22314453125, 779.2233276367188, 779.2236328125, 779.2235717773438, 779.2233276367188, 779.2236328125, 779.22314453125, 779.2225952148438, 779.2230224609375, 779.22314453125, 779.2236328125, 779.2235107421875, 779.2235107421875, 779.2230224609375, 779.2233276367188, 779.2238159179688, 779.222900390625, 779.223388671875, 779.2233276367188, 779.223388671875, 779.22314453125, 779.22314453125, 779.2228393554688, 779.2232666015625, 779.22314453125, 779.223388671875, 779.2236938476562]}