{"name": "StackedCNN_selu_tanh", "rmse": 3277.7602823831608, "abs erro": 309010520.0, "erro comp": "False", "r2 score": -402.28730372841005, "mape score": 0.999694010010513, "alloc missing": 309010520.0, "alloc surplus": 0.0, "optimal percentage": 0.0, "better allocation": 0.0, "beter percentage": 0.0}