{"name": "VanillaCNN_no_weight", "rmse": 1146.5229384550487, "abs erro": 9109107.476067828, "erro comp": "False", "r2 score": -37.57735584177873, "mape score": 185.60543171393564, "alloc missing": 25950.42742891312, "alloc surplus": 9083157.048638914, "optimal percentage": 11.904761904761903, "better allocation": 11.549908424908425, "beter percentage": 12.809065934065933}