name,rmse,abs erro,erro comp,r2 score,mape score,alloc missing,alloc surplus,optimal percentage,better allocation,beter percentage,epoca
StackedCNN 168X 8Y10epc,546.1018765371579,4513631.345800782,False,-7.752140858383193,97.68881846038803,28824.48779296875,4484806.858007813,21.176739926739927,20.192307692307693,23.248626373626376,10
StackedCNN 168X 8Y20epc,300.3996405121307,2367125.391751099,True,-1.6482914482270181,56.64045179293273,198566.7624847412,2168558.6292663575,84.83287545787546,84.82142857142857,90.75091575091575,20
StackedCNN 168X 8Y30epc,277.44971281298723,2189089.5794677734,True,-1.259100335784801,51.96190447755558,226599.6875579834,1962489.8919097902,84.4665750915751,84.4665750915751,91.58653846153845,30
