{"name": "StackedCNN_168X_8Y10epc", "rmse": 546.1018765371579, "abs erro": 4513631.345800782, "erro comp": "False", "r2 score": -7.752140858383193, "mape score": 97.68881846038803, "alloc missing": 28824.48779296875, "alloc surplus": 4484806.858007813, "optimal percentage": 21.176739926739927, "better allocation": 20.192307692307693, "beter percentage": 23.248626373626376, "epoca": "10"}