{"name": "StackedCNN_168X_8Y20epc", "rmse": 300.3996405121307, "abs erro": 2367125.391751099, "erro comp": "True", "r2 score": -1.6482914482270181, "mape score": 56.64045179293273, "alloc missing": 198566.7624847412, "alloc surplus": 2168558.6292663575, "optimal percentage": 84.83287545787546, "better allocation": 84.82142857142857, "beter percentage": 90.75091575091575, "epoca": "20"}