name,rmse,abs erro,erro comp,r2 score,mape score,alloc missing,alloc surplus,optimal percentage,better allocation,beter percentage,epoca
VanillaCNNmse10epc,177.55143725247592,1118348.549667168,True,0.07484319997005517,14.825843857161823,673184.0778820039,445164.4717851639,58.57371794871795,58.57371794871795,85.66849816849816,10
VanillaCNNmse20epc,167.02930770197673,1075131.9343803884,True,0.18124809584877366,15.307905593920276,575557.0718607664,499574.86251962185,62.202380952380956,62.202380952380956,86.92765567765568,20
VanillaCNNmse30epc,162.44339473490137,1038022.8016461134,True,0.22558978236839078,14.301868490271826,568479.5374280692,469543.2642180443,61.02335164835166,61.02335164835166,87.0764652014652,30
