{"name": "VanillaCNNmse20epc", "rmse": 167.02930770197673, "abs erro": 1075131.9343803884, "erro comp": "True", "r2 score": 0.18124809584877366, "mape score": 15.307905593920276, "alloc missing": 575557.0718607664, "alloc surplus": 499574.86251962185, "optimal percentage": 62.202380952380956, "better allocation": 62.202380952380956, "beter percentage": 86.92765567765568, "epoca": "20"}