{"name": "VanillaCNNmse10epc", "rmse": 177.55143725247592, "abs erro": 1118348.549667168, "erro comp": "True", "r2 score": 0.07484319997005517, "mape score": 14.825843857161823, "alloc missing": 673184.0778820039, "alloc surplus": 445164.4717851639, "optimal percentage": 58.57371794871795, "better allocation": 58.57371794871795, "beter percentage": 85.66849816849816, "epoca": "10"}