{"loss": [1137292672.0, 77570.0546875, 66324.890625, 48583.5078125, NaN], "root_mean_squared_error": [33724.00390625, 278.5143737792969, 257.5363464355469, 220.41661071777344, NaN]}