{"name": "StackedCNNmsde", "rmse": 612.3096442180647, "abs erro": 4978280.049768067, "erro comp": "False", "r2 score": -10.002950537297833, "mape score": 81.85509396510999, "alloc missing": 3325165.7777954102, "alloc surplus": 1653114.2719726562, "optimal percentage": 18.269230769230766, "better allocation": 18.063186813186814, "beter percentage": 30.139652014652015}