name,rmse,abs erro,erro comp,r2 score,mape score,alloc missing,alloc surplus,optimal percentage,better allocation,beter percentage,epoca
StackedCNN 24X 8Y10epc,206.62755502211263,1138797.5976291657,True,-0.2554790355012251,4.894060926341717,1030692.7264287949,108104.87120037078,40.484234234234236,40.484234234234236,82.4436936936937,10
StackedCNN 24X 8Y20epc,208.0247504718985,1144055.7106252671,True,-0.272515294678529,4.686856774922928,1043423.7762325288,100631.93439273833,40.247747747747745,40.247747747747745,82.26351351351352,20
StackedCNN 24X 8Y30epc,209.71268735806026,1150163.2169094083,True,-0.2932497482201273,4.4082287964379665,1058328.4906673431,91834.72624206542,39.32432432432432,39.32432432432432,82.240990990991,30
