{"name": "StackedCNN_24X_8Y20epc", "rmse": 208.0247504718985, "abs erro": 1144055.7106252671, "erro comp": "True", "r2 score": -0.272515294678529, "mape score": 4.686856774922928, "alloc missing": 1043423.7762325288, "alloc surplus": 100631.93439273833, "optimal percentage": 40.247747747747745, "better allocation": 40.247747747747745, "beter percentage": 82.26351351351352, "epoca": "20"}