{"name": "StackedCNN_24X_8Y10epc", "rmse": 206.62755502211263, "abs erro": 1138797.5976291657, "erro comp": "True", "r2 score": -0.2554790355012251, "mape score": 4.894060926341717, "alloc missing": 1030692.7264287949, "alloc surplus": 108104.87120037078, "optimal percentage": 40.484234234234236, "better allocation": 40.484234234234236, "beter percentage": 82.4436936936937, "epoca": "10"}