{"loss": [0.4977246820926666, 0.06723011285066605, 0.05667060986161232, 0.051521096378564835, 0.04938279837369919, 0.0471823588013649, 0.04509935528039932, 0.04248293489217758, 0.039502039551734924, 0.03597068414092064, 0.03289689123630524, 0.030703552067279816, 0.029736286029219627, 0.029107997193932533, 0.028689103201031685, 0.02845103293657303, 0.028180992230772972, 0.027979044243693352, 0.027809828519821167, 0.02769792079925537, 0.02756371535360813, 0.027556821703910828, 0.02761414460837841, 0.02727971039712429, 0.027207214385271072, 0.02730509452521801, 0.027217864990234375, 0.027036743238568306, 0.02714543603360653, 0.027142172679305077], "root_mean_squared_error": [324.76715087890625, 228.4787139892578, 195.20765686035156, 182.33197021484375, 185.94509887695312, 181.2013702392578, 181.6109619140625, 179.50144958496094, 174.33450317382812, 167.41830444335938, 164.3831787109375, 164.66598510742188, 168.93002319335938, 166.63247680664062, 164.22203063964844, 164.8955535888672, 161.82208251953125, 161.0216827392578, 160.52565002441406, 160.74339294433594, 157.57730102539062, 159.2543182373047, 160.26742553710938, 156.62118530273438, 155.08721923828125, 157.5580596923828, 158.24642944335938, 154.9062042236328, 155.31082153320312, 156.34690856933594]}