{"loss": [8.714658737182617, 8.1385498046875, 7.714493751525879, 7.676526069641113, 7.650261402130127, 7.6277995109558105, 7.606498718261719, 7.588764667510986, 7.571871757507324, 7.556619644165039, 7.54768180847168, 7.534852981567383, 7.522999286651611, 7.513505458831787, 7.503753185272217, 7.499886989593506, 7.490867614746094, 7.482987403869629, 7.475559234619141, 7.472641468048096, 7.464330673217773, 7.457736492156982, 7.450873851776123, 7.442594528198242, 7.438779354095459, 7.434095859527588, 7.43076229095459, 7.4231133460998535, 7.421282768249512, 7.418164253234863], "reshape_loss": [4.054109573364258, 3.649200439453125, 3.253309965133667, 3.2353594303131104, 3.2230734825134277, 3.212656021118164, 3.202634572982788, 3.1938915252685547, 3.1861348152160645, 3.178530216217041, 3.174593210220337, 3.1679563522338867, 3.162337303161621, 3.1578521728515625, 3.1531169414520264, 3.1510748863220215, 3.1464338302612305, 3.1426315307617188, 3.139007091522217, 3.137573003768921, 3.132826089859009, 3.130434036254883, 3.1271207332611084, 3.123140573501587, 3.121117115020752, 3.119191884994507, 3.1172120571136475, 3.1133172512054443, 3.112260580062866, 3.110671281814575], "reshape_1_loss": [1.2344053983688354, 1.2128596305847168, 1.209191083908081, 1.206755518913269, 1.2051669359207153, 1.203916072845459, 1.2029364109039307, 1.2024844884872437, 1.2014715671539307, 1.2010854482650757, 1.200827956199646, 1.2002897262573242, 1.1996768712997437, 1.1995723247528076, 1.1989543437957764, 1.1987971067428589, 1.198753833770752, 1.1984409093856812, 1.1982948780059814, 1.1982077360153198, 1.1980005502700806, 1.1976118087768555, 1.197399616241455, 1.1970583200454712, 1.197108507156372, 1.1969619989395142, 1.1964901685714722, 1.1962946653366089, 1.196429967880249, 1.196407675743103], "reshape_2_loss": [3.426136016845703, 3.2764885425567627, 3.2519991397857666, 3.234405279159546, 3.222031831741333, 3.2112345695495605, 3.200925588607788, 3.1923913955688477, 3.184269428253174, 3.1770076751708984, 3.1722612380981445, 3.1666066646575928, 3.1609861850738525, 3.156071901321411, 3.151686668395996, 3.150012731552124, 3.1456782817840576, 3.141913652420044, 3.138258695602417, 3.1368520259857178, 3.1335055828094482, 3.129690170288086, 3.1263623237609863, 3.12239146232605, 3.120565176010132, 3.117947816848755, 3.1170670986175537, 3.113492488861084, 3.1125905513763428, 3.1111037731170654], "reshape_root_mean_squared_error": [204.9628143310547, 200.253173828125, 198.3358154296875, 197.8599395751953, 197.42266845703125, 197.11669921875, 196.82554626464844, 196.66610717773438, 196.42086791992188, 196.175537109375, 196.1597900390625, 195.9852752685547, 195.82713317871094, 195.82464599609375, 195.70513916015625, 195.67489624023438, 195.58383178710938, 195.49061584472656, 195.39939880371094, 195.40516662597656, 195.33302307128906, 195.27886962890625, 195.2052764892578, 195.12667846679688, 195.14974975585938, 195.01638793945312, 195.05047607421875, 194.98135375976562, 194.95162963867188, 194.94229125976562], "reshape_1_categorical_accuracy": [0.39140206575393677, 0.4103262722492218, 0.4137938916683197, 0.4161626994609833, 0.41736242175102234, 0.418107807636261, 0.41873273253440857, 0.4193047285079956, 0.41986167430877686, 0.4203873872756958, 0.42031270265579224, 0.42059198021888733, 0.4214460849761963, 0.421491801738739, 0.4218686521053314, 0.4221039116382599, 0.4221574366092682, 0.422238826751709, 0.4219277501106262, 0.4223202168941498, 0.42223215103149414, 0.42265585064888, 0.4225376546382904, 0.4230399429798126, 0.4231877028942108, 0.4229368269443512, 0.4234079122543335, 0.42310574650764465, 0.4236738383769989, 0.42358073592185974], "reshape_2_root_mean_squared_error": [203.28720092773438, 199.1024627685547, 198.2740936279297, 197.8107452392578, 197.38902282714844, 197.0837860107422, 196.80287170410156, 196.6322784423828, 196.3959197998047, 196.16165161132812, 196.1274871826172, 196.00282287597656, 195.85302734375, 195.81483459472656, 195.69210815429688, 195.6844024658203, 195.56692504882812, 195.49349975585938, 195.4068145751953, 195.4536895751953, 195.34927368164062, 195.32591247558594, 195.25753784179688, 195.11538696289062, 195.15261840820312, 195.04763793945312, 195.02163696289062, 194.99813842773438, 194.98350524902344, 194.93801879882812]}