{"name": "StackedCNN_softplus_linear", "rmse": 208.37363037964363, "abs erro": 1113888.3963306248, "erro comp": "True", "r2 score": -0.2742436482600148, "mape score": 3.7449206543524536, "alloc missing": 1032928.5592743338, "alloc surplus": 80959.8370562911, "optimal percentage": 38.23260073260073, "better allocation": 38.23260073260073, "beter percentage": 82.30311355311355}