{"loss": [31781.955078125, 30920.1171875, 30696.12890625, 30512.06640625, 30356.337890625, 30214.50390625, 30088.24609375, 29997.73828125, 29890.66015625, 29775.61328125, 29669.248046875, 29576.623046875, 29468.052734375, 28938.865234375, 28097.794921875, 27947.693359375, 27821.27734375, 27714.806640625, 27562.626953125, 27465.283203125, 27326.07421875, 27246.5390625, 27116.673828125, 27002.404296875, 26927.482421875, 26790.396484375, 26755.669921875, 26598.357421875, 26528.830078125, 26415.375], "root_mean_squared_error": [178.27490234375, 175.84109497070312, 175.20303344726562, 174.67697143554688, 174.23065185546875, 173.82310485839844, 173.45982360839844, 173.1986083984375, 172.88922119140625, 172.5561065673828, 172.24758911132812, 171.97842407226562, 171.66256713867188, 170.1141357421875, 167.6239013671875, 167.1756134033203, 166.797119140625, 166.47775268554688, 166.01995849609375, 165.72645568847656, 165.30606079101562, 165.06527709960938, 164.67152404785156, 164.32412719726562, 164.09591674804688, 163.67771911621094, 163.57159423828125, 163.09005737304688, 162.87669372558594, 162.52801513671875]}