{"name": "VanillaCNNmse", "rmse": 167.84003201819937, "abs erro": 12170630.583695829, "erro comp": "True", "r2 score": -0.09550613396098062, "mape score": 5.486730084768013, "alloc missing": 4508726.439640939, "alloc surplus": 7661904.14405489, "optimal percentage": 68.79396559030427, "better allocation": 68.79396559030427, "beter percentage": 99.99152470548351}