{"loss": [0.16603444516658783, 0.0348898209631443, 0.030973490327596664, 0.028776763007044792, 0.02734571322798729, 0.026396891102194786, 0.025137314572930336, 0.024013156071305275, 0.023325348272919655, 0.022607015445828438, 0.022020000964403152, 0.021592730656266212, 0.021351387724280357, 0.02086930349469185, 0.020720599219202995, 0.020349908620119095, 0.02024914138019085, 0.02003953978419304, 0.019899293780326843, 0.019947949796915054, 0.019731618463993073, 0.019630035385489464, 0.01959194988012314, 0.019557025283575058, 0.019401272758841515, 0.019368769600987434, 0.019269641488790512, 0.019268741831183434, 0.01910567097365856, 0.01920643448829651], "root_mean_squared_error": [257.1190490722656, 160.46163940429688, 152.05528259277344, 150.2284698486328, 147.2458038330078, 148.9462890625, 145.22496032714844, 142.7429962158203, 142.24429321289062, 140.07810974121094, 140.20167541503906, 138.84580993652344, 138.64869689941406, 134.42337036132812, 129.76856994628906, 125.8532485961914, 125.12236022949219, 122.2608413696289, 121.67739868164062, 119.4964828491211, 117.25186920166016, 118.33589935302734, 115.6092758178711, 116.99331665039062, 115.84005737304688, 115.7481918334961, 114.41831970214844, 116.495849609375, 113.08084869384766, 115.01436614990234]}