{"name": "StackedCNN_168X_1Y", "rmse": 942.6388422001638, "abs erro": 3645109.5255126953, "erro comp": "False", "r2 score": -32.319844266129024, "mape score": 0.2816534132993083, "alloc missing": 3645109.5255126953, "alloc surplus": 0.0, "optimal percentage": 0.0, "better allocation": 0.0, "beter percentage": 0.0}