name,rmse,abs erro,erro comp,r2 score,mape score,alloc missing,alloc surplus,optimal percentage,better allocation,beter percentage,epoca
StackedCNN elu relu10epc,474.3437148060305,3854948.251049805,True,-5.60318190997772,86.40755333454861,56169.68104858399,3798778.5700012213,39.76648351648351,39.23992673992674,42.20467032967033,10
StackedCNN elu relu20epc,418.8249180970754,3389867.308679199,True,-4.147922324891773,77.24476592629544,79530.81939086913,3310336.48928833,52.690018315018314,52.415293040293044,55.91804029304029,20
StackedCNN elu relu30epc,373.58126735919114,2984203.4957153318,True,-3.0957849239457653,69.56124888723933,113153.06064453124,2871050.435070801,73.1341575091575,73.07692307692307,76.54532967032966,30
