{"name": "StackedCNN_elu_relu20epc", "rmse": 418.8249180970754, "abs erro": 3389867.308679199, "erro comp": "True", "r2 score": -4.147922324891773, "mape score": 77.24476592629544, "alloc missing": 79530.81939086913, "alloc surplus": 3310336.48928833, "optimal percentage": 52.690018315018314, "better allocation": 52.415293040293044, "beter percentage": 55.91804029304029, "epoca": "20"}