{"name": "StackedCNN_elu_relu10epc", "rmse": 474.3437148060305, "abs erro": 3854948.251049805, "erro comp": "True", "r2 score": -5.60318190997772, "mape score": 86.40755333454861, "alloc missing": 56169.68104858399, "alloc surplus": 3798778.5700012213, "optimal percentage": 39.76648351648351, "better allocation": 39.23992673992674, "beter percentage": 42.20467032967033, "epoca": "10"}