name,rmse,abs erro,erro comp,r2 score,mape score,alloc missing,alloc surplus,optimal percentage,better allocation,beter percentage,epoca
StackedCNN elu softsign10epc,236.2378641930011,1289434.2011911392,True,-0.6378192678945078,0.8512952573099966,1288660.9013604163,773.2998307228088,11.000457875457876,11.000457875457876,80.39148351648352,10
StackedCNN elu softsign20epc,236.23786410354953,1289434.2002061724,True,-0.6378192666541862,0.8512952356565934,1288660.9002358555,773.2999703168869,11.332417582417582,11.332417582417582,80.40293040293041,20
StackedCNN elu softsign30epc,236.2378640857025,1289434.2000141263,True,-0.6378192664067222,0.8512952313421476,1288660.900015497,773.2999986290931,11.469780219780219,11.469780219780219,80.40293040293041,30
