{"name": "StackedCNN_elu_softsign30epc", "rmse": 236.2378640857025, "abs erro": 1289434.2000141263, "erro comp": "True", "r2 score": -0.6378192664067222, "mape score": 0.8512952313421476, "alloc missing": 1288660.900015497, "alloc surplus": 773.2999986290931, "optimal percentage": 11.469780219780219, "better allocation": 11.469780219780219, "beter percentage": 80.40293040293041, "epoca": "30"}