{"name": "StackedCNN_elu_softsign10epc", "rmse": 236.2378641930011, "abs erro": 1289434.2011911392, "erro comp": "True", "r2 score": -0.6378192678945078, "mape score": 0.8512952573099966, "alloc missing": 1288660.9013604163, "alloc surplus": 773.2998307228088, "optimal percentage": 11.000457875457876, "better allocation": 11.000457875457876, "beter percentage": 80.39148351648352, "epoca": "10"}