{"name": "StackedCNN_elu_softsign20epc", "rmse": 236.23786410354953, "abs erro": 1289434.2002061724, "erro comp": "True", "r2 score": -0.6378192666541862, "mape score": 0.8512952356565934, "alloc missing": 1288660.9002358555, "alloc surplus": 773.2999703168869, "optimal percentage": 11.332417582417582, "better allocation": 11.332417582417582, "beter percentage": 80.40293040293041, "epoca": "20"}