{"name": "StackedCNN", "rmse": 197.18456773185275, "abs erro": 1082157.2751078308, "erro comp": "True", "r2 score": -0.14107136336223514, "mape score": 6.084926493010574, "alloc missing": 926942.6748695553, "alloc surplus": 155214.60023827554, "spain alloc missing": 57465.00000000001, "spain alloc surplus": 3831902.4000000004, "optimal percentage": 0.44253663003663, "beter percentage": 0.00011446886446886447}