name,rmse,abs erro,erro comp,r2 score,mape score,alloc missing,alloc surplus,optimal percentage,better allocation,beter percentage,epoca
StackedCNN softsign elu10epc,208.78685353143007,1123919.8524599492,True,-0.27930253282130857,4.466058176497612,1028383.7465930522,95536.1058668971,39.88095238095239,39.88095238095239,82.30311355311355,10
StackedCNN softsign elu20epc,205.97639121754676,1111307.1145336512,True,-0.24509316958871374,4.693638234372257,1005637.6623970092,105669.45213664173,40.51053113553114,40.51053113553114,82.57783882783882,20
StackedCNN softsign elu30epc,205.05018268583746,1105893.270193696,True,-0.23392079112286912,4.875757782251833,995748.7632590412,110144.50693465471,41.17445054945055,41.17445054945055,82.56639194139194,30
