{"name": "StackedCNN_softsign_elu20epc", "rmse": 205.97639121754676, "abs erro": 1111307.1145336512, "erro comp": "True", "r2 score": -0.24509316958871374, "mape score": 4.693638234372257, "alloc missing": 1005637.6623970092, "alloc surplus": 105669.45213664173, "optimal percentage": 40.51053113553114, "better allocation": 40.51053113553114, "beter percentage": 82.57783882783882, "epoca": "20"}