{"name": "StackedCNN_softsign_elu10epc", "rmse": 208.78685353143007, "abs erro": 1123919.8524599492, "erro comp": "True", "r2 score": -0.27930253282130857, "mape score": 4.466058176497612, "alloc missing": 1028383.7465930522, "alloc surplus": 95536.1058668971, "optimal percentage": 39.88095238095239, "better allocation": 39.88095238095239, "beter percentage": 82.30311355311355, "epoca": "10"}