{"name": "StackedCNN_softsign_elu30epc", "rmse": 205.05018268583746, "abs erro": 1105893.270193696, "erro comp": "True", "r2 score": -0.23392079112286912, "mape score": 4.875757782251833, "alloc missing": 995748.7632590412, "alloc surplus": 110144.50693465471, "optimal percentage": 41.17445054945055, "better allocation": 41.17445054945055, "beter percentage": 82.56639194139194, "epoca": "30"}