{"name": "StackedCNN_48X_4Y", "rmse": 443.4657580813088, "abs erro": 3672502.4286132813, "erro comp": "True", "r2 score": -4.779202922524054, "mape score": 80.47386890255585, "alloc missing": 56035.62667236329, "alloc surplus": 3616466.801940918, "optimal percentage": 33.50271002710027, "better allocation": 33.01716350496838, "beter percentage": 36.99186991869919}