name,rmse,abs erro,erro comp,r2 score,mape score,alloc missing,alloc surplus,optimal percentage,better allocation,beter percentage,epoca
UNETmsle10epc,207.78570142070927,1121022.9607408165,True,-0.2670632017604737,4.913197651448682,1012061.4196354391,108961.54110537768,40.96840659340659,40.96840659340659,82.47481684981685,10
UNETmsle20epc,206.69262452223825,1116970.3849527836,True,-0.25376724782126003,4.978119948793332,1005527.6158915042,111442.7690612793,40.97985347985348,40.97985347985348,82.64652014652015,20
UNETmsle30epc,201.13384923329502,1103254.2967156887,True,-0.18723663965906723,6.65263956071018,936874.7056008816,166379.59111480712,45.34111721611722,45.34111721611722,83.23031135531136,30
UNETmsle40epc,208.40523283013076,1124289.862716389,True,-0.2746301873378556,4.904667043037883,1017213.9105891228,107075.95212726592,40.705128205128204,40.705128205128204,82.36034798534799,40
UNETmsle50epc,206.3306986774266,1113521.8904950141,True,-0.2493803134799455,5.085300990087738,999526.6541437149,113995.2363512993,41.36904761904761,41.36904761904761,82.56639194139194,50
UNETmsle60epc,205.99409987872073,1118527.9373294828,True,-0.2453072706394206,5.309335967630915,988580.411897564,129947.5254319191,41.76968864468865,41.76968864468865,82.71520146520146,60
UNETmsle70epc,202.0313360818038,1105077.8603554727,True,-0.19785550409363517,6.052446434628134,954281.3646408081,150796.49571466446,43.612637362637365,43.612637362637365,83.0242673992674,70
