{"name": "UNETmsle30epc", "rmse": 201.13384923329502, "abs erro": 1103254.2967156887, "erro comp": "True", "r2 score": -0.18723663965906723, "mape score": 6.65263956071018, "alloc missing": 936874.7056008816, "alloc surplus": 166379.59111480712, "optimal percentage": 45.34111721611722, "better allocation": 45.34111721611722, "beter percentage": 83.23031135531136, "epoca": "30"}