{"name": "UNETmsle60epc", "rmse": 205.99409987872073, "abs erro": 1118527.9373294828, "erro comp": "True", "r2 score": -0.2453072706394206, "mape score": 5.309335967630915, "alloc missing": 988580.411897564, "alloc surplus": 129947.5254319191, "optimal percentage": 41.76968864468865, "better allocation": 41.76968864468865, "beter percentage": 82.71520146520146, "epoca": "60"}