{"name": "UNETmsle40epc", "rmse": 208.40523283013076, "abs erro": 1124289.862716389, "erro comp": "True", "r2 score": -0.2746301873378556, "mape score": 4.904667043037883, "alloc missing": 1017213.9105891228, "alloc surplus": 107075.95212726592, "optimal percentage": 40.705128205128204, "better allocation": 40.705128205128204, "beter percentage": 82.36034798534799, "epoca": "40"}