{"name": "UNETmsle20epc", "rmse": 206.69262452223825, "abs erro": 1116970.3849527836, "erro comp": "True", "r2 score": -0.25376724782126003, "mape score": 4.978119948793332, "alloc missing": 1005527.6158915042, "alloc surplus": 111442.7690612793, "optimal percentage": 40.97985347985348, "better allocation": 40.97985347985348, "beter percentage": 82.64652014652015, "epoca": "20"}