{"name": "UNETmsle70epc", "rmse": 202.0313360818038, "abs erro": 1105077.8603554727, "erro comp": "True", "r2 score": -0.19785550409363517, "mape score": 6.052446434628134, "alloc missing": 954281.3646408081, "alloc surplus": 150796.49571466446, "optimal percentage": 43.612637362637365, "better allocation": 43.612637362637365, "beter percentage": 83.0242673992674, "epoca": "70"}