{"name": "UNETmsle10epc", "rmse": 207.78570142070927, "abs erro": 1121022.9607408165, "erro comp": "True", "r2 score": -0.2670632017604737, "mape score": 4.913197651448682, "alloc missing": 1012061.4196354391, "alloc surplus": 108961.54110537768, "optimal percentage": 40.96840659340659, "better allocation": 40.96840659340659, "beter percentage": 82.47481684981685, "epoca": "10"}