{"name": "UNETmsle50epc", "rmse": 206.3306986774266, "abs erro": 1113521.8904950141, "erro comp": "True", "r2 score": -0.2493803134799455, "mape score": 5.085300990087738, "alloc missing": 999526.6541437149, "alloc surplus": 113995.2363512993, "optimal percentage": 41.36904761904761, "better allocation": 41.36904761904761, "beter percentage": 82.56639194139194, "epoca": "50"}