{"name": "StackedCNN_delta_mean3epc", "rmse": 181.65563426350917, "abs erro": 1247113.2304694573, "erro comp": "True", "r2 score": 0.0315778681900768, "mape score": 21.803315199337092, "alloc missing": 506662.33402351517, "alloc surplus": 740450.896445942, "optimal percentage": 67.38782051282051, "better allocation": 67.38782051282051, "beter percentage": 87.78617216117216, "epoca": "3"}