{"name": "StackedCNN_delta_mean24epc", "rmse": 179.75470937078714, "abs erro": 1242293.6855283321, "erro comp": "True", "r2 score": 0.05173981648772852, "mape score": 21.708327970457102, "alloc missing": 477869.0315143457, "alloc surplus": 764424.6540139866, "optimal percentage": 68.45238095238095, "better allocation": 68.45238095238095, "beter percentage": 88.06089743589743, "epoca": "24"}