{"name": "StackedCNN_delta_mean9epc", "rmse": 178.62329017648486, "abs erro": 1215827.4430267334, "erro comp": "True", "r2 score": 0.06363940226695952, "mape score": 20.691190961528473, "alloc missing": 517140.95252265927, "alloc surplus": 698686.4905040741, "optimal percentage": 66.60943223443223, "better allocation": 66.60943223443223, "beter percentage": 87.55723443223444, "epoca": "9"}