{"name": "StackedCNN_delta_mean6epc", "rmse": 179.78884197138174, "abs erro": 1223028.53865985, "erro comp": "True", "r2 score": 0.05137966281864825, "mape score": 20.603467286531693, "alloc missing": 515251.0503084093, "alloc surplus": 707777.4883514404, "optimal percentage": 66.67811355311355, "better allocation": 66.67811355311355, "beter percentage": 87.51144688644689, "epoca": "6"}