{"name": "StackedCNN_delta_mean15epc", "rmse": 176.92264351257157, "abs erro": 1178542.7825400645, "erro comp": "True", "r2 score": 0.08138443351421021, "mape score": 18.608098566346452, "alloc missing": 541445.7942560649, "alloc surplus": 637096.9882839995, "optimal percentage": 64.50320512820514, "better allocation": 64.50320512820514, "beter percentage": 87.30540293040293, "epoca": "15"}