{"name": "StackedCNN_delta_mean30epc", "rmse": 177.28892656201623, "abs erro": 1204388.3348897435, "erro comp": "True", "r2 score": 0.07757687553614612, "mape score": 19.986845750869858, "alloc missing": 508061.05760187434, "alloc surplus": 696327.2772878692, "optimal percentage": 66.68956043956044, "better allocation": 66.68956043956044, "beter percentage": 87.71749084249085, "epoca": "30"}