{"name": "StackedCNN_delta_mean18epc", "rmse": 179.41974202591953, "abs erro": 1243021.580167875, "erro comp": "True", "r2 score": 0.05527063072240368, "mape score": 21.821770372631946, "alloc missing": 479484.59442435217, "alloc surplus": 763536.9857435226, "optimal percentage": 68.64697802197803, "better allocation": 68.64697802197803, "beter percentage": 87.98076923076923, "epoca": "18"}