{"name": "StackedCNN_delta_mean21epc", "rmse": 179.1768277050286, "abs erro": 1231743.061251873, "erro comp": "True", "r2 score": 0.0578270154300915, "mape score": 21.226958837860433, "alloc missing": 487904.2707296908, "alloc surplus": 743838.7905221819, "optimal percentage": 67.98305860805861, "better allocation": 67.98305860805861, "beter percentage": 87.91208791208791, "epoca": "21"}