{"name": "StackedCNN_delta_mean27epc", "rmse": 177.89021120039067, "abs erro": 1210503.6144468181, "erro comp": "True", "r2 score": 0.07130937300349627, "mape score": 20.28738715870726, "alloc missing": 507256.49988170597, "alloc surplus": 703247.114565112, "optimal percentage": 66.58653846153845, "better allocation": 66.58653846153845, "beter percentage": 87.72893772893772, "epoca": "27"}