{"name": "StackedCNN_delta_mean12epc", "rmse": 180.65254257327143, "abs erro": 1248618.7234188318, "erro comp": "True", "r2 score": 0.042243478927097455, "mape score": 21.85617026308341, "alloc missing": 481502.7414208651, "alloc surplus": 767115.9819979668, "optimal percentage": 68.47527472527473, "better allocation": 68.47527472527473, "beter percentage": 88.02655677655677, "epoca": "12"}