{"loss": [8.758946418762207, 8.4066801071167, 8.351719856262207, 7.919686317443848, 7.659262657165527, 7.638522148132324, 7.617546558380127, 7.6016011238098145, 7.582579135894775, 7.572993278503418, 7.5618109703063965, 7.548956394195557, 7.53794527053833, 7.531598091125488, 7.516232490539551, 7.509364128112793, 7.505468368530273, 7.493175506591797, 7.490481853485107, 7.482727527618408, 7.477437973022461, 7.469592571258545, 7.464207172393799, 7.45924711227417, 7.457082271575928, 7.447025775909424, 7.445170879364014, 7.437164783477783, 7.430591583251953, 7.430444717407227], "reshape_loss": [4.045693874359131, 3.909534454345703, 3.8847084045410156, 3.4721617698669434, 3.226818561553955, 3.217146158218384, 3.207199811935425, 3.1993346214294434, 3.1900627613067627, 3.1851937770843506, 3.1803462505340576, 3.1739237308502197, 3.1686718463897705, 3.16585373878479, 3.1584784984588623, 3.1556661128997803, 3.1533613204956055, 3.1478121280670166, 3.146803855895996, 3.142963171005249, 3.1397500038146973, 3.136472225189209, 3.1338934898376465, 3.1315829753875732, 3.13089919090271, 3.1257495880126953, 3.1247398853302, 3.1210386753082275, 3.1181206703186035, 3.1179616451263428], "reshape_1_loss": [1.235334873199463, 1.2150537967681885, 1.2109342813491821, 1.2089626789093018, 1.2074025869369507, 1.2064166069030762, 1.2056258916854858, 1.2053606510162354, 1.2046316862106323, 1.2044694423675537, 1.2041563987731934, 1.2036491632461548, 1.2034201622009277, 1.2033307552337646, 1.202671766281128, 1.2025573253631592, 1.2024874687194824, 1.2019792795181274, 1.201979637145996, 1.2019683122634888, 1.2019615173339844, 1.2014710903167725, 1.201159954071045, 1.2011072635650635, 1.2008265256881714, 1.2007023096084595, 1.2005826234817505, 1.199889898300171, 1.1999379396438599, 1.1999670267105103], "reshape_2_loss": [3.477921724319458, 3.2820847034454346, 3.256077766418457, 3.238558769226074, 3.225040912628174, 3.214951992034912, 3.204728364944458, 3.1969096660614014, 3.187884569168091, 3.183321952819824, 3.1773054599761963, 3.171374797821045, 3.1658551692962646, 3.162412643432617, 3.1550862789154053, 3.151143789291382, 3.1496174335479736, 3.1433870792388916, 3.141702175140381, 3.1377956867218018, 3.135733127593994, 3.131647825241089, 3.129157304763794, 3.126570224761963, 3.125354528427124, 3.1205644607543945, 3.1198570728302, 3.116232395172119, 3.112532377243042, 3.112520456314087], "reshape_root_mean_squared_error": [204.86463928222656, 201.0439453125, 200.17774963378906, 198.5741424560547, 197.48326110839844, 197.1958770751953, 196.8670196533203, 196.68814086914062, 196.45211791992188, 196.35671997070312, 196.2212371826172, 196.0506591796875, 196.008056640625, 196.00820922851562, 195.7186737060547, 195.74105834960938, 195.74395751953125, 195.57427978515625, 195.5828399658203, 195.50070190429688, 195.50259399414062, 195.43072509765625, 195.38961791992188, 195.36294555664062, 195.28900146484375, 195.24171447753906, 195.2541961669922, 195.1584930419922, 195.0431671142578, 195.09437561035156], "reshape_1_categorical_accuracy": [0.39190104603767395, 0.4090718924999237, 0.41192626953125, 0.4136389195919037, 0.41470539569854736, 0.4154156446456909, 0.41622623801231384, 0.4168316721916199, 0.4163120985031128, 0.41659364104270935, 0.4170346260070801, 0.41740089654922485, 0.41738080978393555, 0.4176255464553833, 0.4178580343723297, 0.4185080826282501, 0.4183480739593506, 0.41879239678382874, 0.41843950748443604, 0.4185643792152405, 0.4187656342983246, 0.41919657588005066, 0.41968661546707153, 0.4194808900356293, 0.4199179708957672, 0.41986000537872314, 0.4197518527507782, 0.41993191838264465, 0.4198901057243347, 0.420139878988266], "reshape_2_root_mean_squared_error": [203.4496612548828, 199.32302856445312, 198.38954162597656, 197.8265380859375, 197.4326171875, 197.1781463623047, 196.8073272705078, 196.65260314941406, 196.43121337890625, 196.34364318847656, 196.17617797851562, 196.04429626464844, 195.97898864746094, 195.9981231689453, 195.7232208251953, 195.713134765625, 195.7103729248047, 195.5276641845703, 195.51812744140625, 195.45550537109375, 195.43722534179688, 195.4003143310547, 195.27700805664062, 195.30506896972656, 195.23348999023438, 195.1635284423828, 195.153076171875, 195.1339569091797, 195.00701904296875, 195.0283203125]}