name,rmse,abs erro,erro comp,r2 score,mape score,alloc missing,alloc surplus,optimal percentage,better allocation,beter percentage,epoca
StackedCNN softplus softsign10epc,236.35868909325765,1291380.1809618592,True,-0.6394950361380898,0.89813190666397,1290725.8811340572,654.2998278021812,9.260531135531135,9.260531135531135,80.39148351648352,10
StackedCNN softplus softsign20epc,236.35868964651152,1291380.1923875331,True,-0.6394950438133482,0.8981321697130774,1290725.8924328329,654.2999547004699,9.352106227106226,9.352106227106226,80.40293040293041,20
StackedCNN softplus softsign30epc,236.35868974561583,1291380.1944489002,True,-0.639495045188216,0.8981322173624238,1290725.894471133,654.2999777674675,9.386446886446887,9.386446886446887,80.40293040293041,30
