{"name": "StackedCNN_softplus_softsign30epc", "rmse": 236.35868974561583, "abs erro": 1291380.1944489002, "erro comp": "True", "r2 score": -0.639495045188216, "mape score": 0.8981322173624238, "alloc missing": 1290725.894471133, "alloc surplus": 654.2999777674675, "optimal percentage": 9.386446886446887, "better allocation": 9.386446886446887, "beter percentage": 80.40293040293041, "epoca": "30"}