{"name": "StackedCNN_softplus_softsign20epc", "rmse": 236.35868964651152, "abs erro": 1291380.1923875331, "erro comp": "True", "r2 score": -0.6394950438133482, "mape score": 0.8981321697130774, "alloc missing": 1290725.8924328329, "alloc surplus": 654.2999547004699, "optimal percentage": 9.352106227106226, "better allocation": 9.352106227106226, "beter percentage": 80.40293040293041, "epoca": "20"}