{"name": "StackedCNN_softplus_softsign10epc", "rmse": 236.35868909325765, "abs erro": 1291380.1809618592, "erro comp": "True", "r2 score": -0.6394950361380898, "mape score": 0.89813190666397, "alloc missing": 1290725.8811340572, "alloc surplus": 654.2998278021812, "optimal percentage": 9.260531135531135, "better allocation": 9.260531135531135, "beter percentage": 80.39148351648352, "epoca": "10"}