name,rmse,abs erro,erro comp,r2 score,mape score,alloc missing,alloc surplus,optimal percentage,better allocation,beter percentage,epoca
StackedCNN exponential linear10epc,348.76109719517405,2813993.832165527,True,-2.5696285910242462,64.85344476649804,113465.48616333008,2700528.346002197,91.40338827838828,91.40338827838828,93.96749084249085,10
StackedCNN exponential linear20epc,320.03824640626055,2571390.0005676267,True,-2.0058736760338216,60.01923620606019,143199.96604003906,2428190.034527588,89.28571428571429,89.28571428571429,93.28067765567766,20
StackedCNN exponential linear30epc,413.7024688859916,3374459.6397094727,True,-4.022768781210375,76.11226362500531,69631.27473144532,3304828.3649780275,34.63827838827839,34.375,38.87362637362637,30
