{"name": "StackedCNN_exponential_linear20epc", "rmse": 320.03824640626055, "abs erro": 2571390.0005676267, "erro comp": "True", "r2 score": -2.0058736760338216, "mape score": 60.01923620606019, "alloc missing": 143199.96604003906, "alloc surplus": 2428190.034527588, "optimal percentage": 89.28571428571429, "better allocation": 89.28571428571429, "beter percentage": 93.28067765567766, "epoca": "20"}