{"name": "StackedCNN_exponential_linear10epc", "rmse": 348.76109719517405, "abs erro": 2813993.832165527, "erro comp": "True", "r2 score": -2.5696285910242462, "mape score": 64.85344476649804, "alloc missing": 113465.48616333008, "alloc surplus": 2700528.346002197, "optimal percentage": 91.40338827838828, "better allocation": 91.40338827838828, "beter percentage": 93.96749084249085, "epoca": "10"}