{"loss": [0.2527579665184021, 0.041827909648418427, 0.03470396623015404, 0.031226886436343193, 0.02938704565167427, 0.028261635452508926, 0.027369210496544838, 0.02665814571082592, 0.025984318926930428, 0.025468673557043076, 0.02488696575164795, 0.024393150582909584, 0.024210665374994278, 0.023834992200136185, 0.02348463423550129, 0.023147841915488243, 0.022890528663992882, 0.022654276341199875, 0.02251526340842247, 0.022523127496242523, 0.022267015650868416, 0.022157417610287666, 0.021985230967402458, 0.02184133604168892, 0.021808981895446777, 0.021586105227470398, 0.021412773057818413, 0.02126411162316799, 0.02109806053340435, 0.02093328908085823], "root_mean_squared_error": [269.08349609375, 175.21351623535156, 159.07891845703125, 155.86495971679688, 155.37840270996094, 153.75946044921875, 153.53602600097656, 151.97242736816406, 148.17642211914062, 150.4626007080078, 145.8223876953125, 144.93539428710938, 144.31468200683594, 140.951171875, 137.86891174316406, 132.28648376464844, 129.51251220703125, 128.55654907226562, 126.33258819580078, 128.11160278320312, 125.29991912841797, 125.47654724121094, 125.38351440429688, 123.78079986572266, 124.65153503417969, 121.67406463623047, 123.31640625, 123.04874420166016, 122.42912292480469, 121.72425842285156]}