{"name": "StackedCNN_168X_24Y", "rmse": 1278.681211389218, "abs erro": 119473335.08984375, "erro comp": "False", "r2 score": -60.374044022894424, "mape score": 0.38525695960191075, "alloc missing": 119473335.08984375, "alloc surplus": 0.0, "optimal percentage": 0.0, "better allocation": 0.0, "beter percentage": 0.0}