{"name": "UNETwl", "rmse": 30011.41569121503, "abs erro": 141637978.6073425, "erro comp": "False", "r2 score": -26431.602536253507, "mape score": 2558.076207839019, "alloc missing": 10334.280657958983, "alloc surplus": 141627644.32668456, "optimal percentage": 9.352106227106226, "better allocation": 8.619505494505495, "beter percentage": 9.913003663003662}