{"loss": [33.39059829711914, 33.381309509277344, 33.38131332397461, 33.38133239746094, 33.38132095336914, 33.381351470947266, 33.38139343261719, 33.3813362121582, 33.38138198852539, 33.381324768066406, 33.38132858276367, 33.38137435913086, 33.3813362121582, 33.38135528564453, 33.38135528564453, 33.38138198852539, 33.38130187988281, 33.38136291503906, 33.38134765625, 33.381324768066406, 33.381317138671875, 33.38134002685547, 33.38135528564453, 33.3813591003418, 33.38136672973633, 33.3813591003418, 33.38139343261719, 33.38134002685547, 33.38135528564453, 33.38133239746094], "root_mean_squared_error": [779.224609375, 779.2233276367188, 779.22314453125, 779.2230834960938, 779.2232666015625, 779.2232666015625, 779.222900390625, 779.2230224609375, 779.223388671875, 779.2232666015625, 779.2232666015625, 779.2235717773438, 779.2236938476562, 779.2234497070312, 779.223388671875, 779.2233276367188, 779.2230224609375, 779.2232666015625, 779.2232666015625, 779.22314453125, 779.2230224609375, 779.2230224609375, 779.2230834960938, 779.2236328125, 779.2230224609375, 779.2232666015625, 779.2229614257812, 779.2232666015625, 779.22314453125, 779.2236938476562]}