name,rmse,abs erro,erro comp,r2 score,mape score,alloc missing,alloc surplus,optimal percentage,better allocation,beter percentage,epoca
StackedCNN tanh linear10epc,360.85253811651666,2915557.216418457,True,-2.8214351110336637,67.22133591141514,104194.20810546874,2811363.0083129886,90.69368131868131,90.68223443223444,93.06318681318682,10
StackedCNN tanh linear20epc,426.2620428985535,3468646.890301514,True,-4.332370104371659,77.08803057398525,68744.8312866211,3399902.0590148927,50.251831501831504,49.89697802197802,53.17078754578755,20
StackedCNN tanh linear30epc,543.5716602885167,4512608.497436523,False,-7.671227355062371,97.00615492172165,27030.49561767578,4485578.001818848,20.810439560439562,19.78021978021978,22.733516483516482,30
