{"name": "StackedCNN_tanh_linear20epc", "rmse": 426.2620428985535, "abs erro": 3468646.890301514, "erro comp": "True", "r2 score": -4.332370104371659, "mape score": 77.08803057398525, "alloc missing": 68744.8312866211, "alloc surplus": 3399902.0590148927, "optimal percentage": 50.251831501831504, "better allocation": 49.89697802197802, "beter percentage": 53.17078754578755, "epoca": "20"}