{"name": "StackedCNN_tanh_linear10epc", "rmse": 360.85253811651666, "abs erro": 2915557.216418457, "erro comp": "True", "r2 score": -2.8214351110336637, "mape score": 67.22133591141514, "alloc missing": 104194.20810546874, "alloc surplus": 2811363.0083129886, "optimal percentage": 90.69368131868131, "better allocation": 90.68223443223444, "beter percentage": 93.06318681318682, "epoca": "10"}