{"loss": [0.3337918519973755, 0.09171421080827713, 0.05834576487541199, 0.03928470239043236, 0.028146298602223396, 0.02643534541130066, 0.02504054270684719, 0.024083299562335014, 0.024097535759210587, 0.02346009388566017, 0.023218948394060135, 0.02250455506145954, 0.02204984612762928, 0.022014930844306946, 0.021776117384433746, 0.021686576306819916, 0.02170996181666851, 0.021264728158712387, 0.021158475428819656, 0.021076122298836708, 0.020961308851838112, 0.02087888866662979, 0.020858366042375565, 0.020927205681800842, 0.02063589170575142, 0.0207187719643116, 0.020916104316711426, 0.020500941202044487, 0.02074340358376503, 0.020808398723602295], "root_mean_squared_error": [40728968.0, 326.8337707519531, 264.8392639160156, 219.0438232421875, 204.83956909179688, 211.06394958496094, 197.8466796875, 176.84616088867188, 188.929443359375, 175.61166381835938, 175.4362030029297, 150.22784423828125, 156.15017700195312, 146.054931640625, 140.3560791015625, 158.63912963867188, 153.16934204101562, 138.13674926757812, 142.7513885498047, 135.67123413085938, 133.74668884277344, 133.87521362304688, 134.47073364257812, 140.5532989501953, 136.841552734375, 136.45567321777344, 140.25558471679688, 130.1641387939453, 139.51499938964844, 136.47593688964844]}