{"name": "StackedCNN_linear_exponential", "rmse": 198.46349159838584, "abs erro": 13311483.666748047, "erro comp": "False", "r2 score": -0.478500338427684, "mape score": 0.041559192094221584, "alloc missing": 9138643.081298828, "alloc surplus": 4172840.5854492188, "optimal percentage": 0.0, "better allocation": 0.0, "beter percentage": 0.0}