{"loss": [31140.322265625, 30378.400390625, 30219.302734375, 30090.7265625, 29976.28515625, 29880.197265625, 29832.94921875, 29771.4375, 29726.84765625, 29690.32421875, 29631.087890625, 29595.46484375, 29579.19140625, 29529.765625, 29504.39453125, 29517.578125, 29487.185546875, 29449.9375, 29430.916015625, 29436.533203125, 29440.3046875, 29403.8671875, 29407.44921875, 29398.685546875, 29374.16015625, 29371.01953125, 29358.919921875, 29363.626953125, 29333.724609375, 29335.74609375], "root_mean_squared_error": [176.4662322998047, 174.29391479492188, 173.83692932128906, 173.46676635742188, 173.13658142089844, 172.85887145996094, 172.72206115722656, 172.5440216064453, 172.4147491455078, 172.30889892578125, 172.1368408203125, 172.0333709716797, 171.98614501953125, 171.84226989746094, 171.76829528808594, 171.80677795410156, 171.71835327148438, 171.60992431640625, 171.55442810058594, 171.57069396972656, 171.58175659179688, 171.4755401611328, 171.4858856201172, 171.4604034423828, 171.38893127441406, 171.37957763671875, 171.344482421875, 171.35809326171875, 171.27085876464844, 171.27676391601562]}