{"loss": [2.039280414581299, 1.7851791381835938, 1.4544718265533447, 0.0313287191092968, 0.028305305168032646, 0.026589099317789078, 0.025091808289289474, 0.024176662787795067, 0.02330780029296875, 0.02262832038104534, 0.02190770022571087, 0.021174438297748566, 0.020853275433182716, 0.020364826545119286, 0.019899826496839523, 0.019634738564491272, 0.019331403076648712, 0.01902081072330475, 0.018859682604670525, 0.018790924921631813, 0.01852387934923172, 0.01843712106347084, 0.018369147554039955, 0.01810471899807453, 0.018110204488039017, 0.017944442108273506, 0.017854737117886543, 0.01758439838886261, 0.017613759264349937, 0.01745912805199623], "root_mean_squared_error": [310.9884338378906, 232.57228088378906, 212.2793731689453, 155.69444274902344, 149.78086853027344, 144.39889526367188, 137.14610290527344, 136.1718292236328, 133.45091247558594, 130.3095703125, 127.34205627441406, 122.9869384765625, 122.05615234375, 121.3402099609375, 115.13201141357422, 115.15117645263672, 114.40287017822266, 112.28466796875, 112.18196868896484, 112.7950668334961, 110.45289611816406, 111.1773910522461, 112.53289794921875, 108.51995086669922, 109.2867431640625, 108.01256561279297, 107.75943756103516, 104.34142303466797, 106.61273193359375, 105.07420349121094]}