{"name": "StackedCNN_relu_elu", "rmse": 779.6163636911203, "abs erro": 71866531.23876953, "erro comp": "False", "r2 score": -21.815083634950877, "mape score": 0.23098498912046925, "alloc missing": 71866531.23876953, "alloc surplus": 0.0, "optimal percentage": 0.0, "better allocation": 0.0, "beter percentage": 0.0}