{"name": "StackedCNNmape13epc", "rmse": 231.9278254461293, "abs erro": 1252453.3702488511, "erro comp": "True", "r2 score": -0.5786020884467373, "mape score": 1.0809238000898849, "alloc missing": 1245648.7067608326, "alloc surplus": 6804.663488018513, "optimal percentage": 20.11217948717949, "better allocation": 20.11217948717949, "beter percentage": 80.64331501831502, "epoca": "13"}