{"name": "StackedCNNmape22epc", "rmse": 231.8383307767092, "abs erro": 1251793.8701025038, "erro comp": "True", "r2 score": -0.57738404387277, "mape score": 1.0873011339466763, "alloc missing": 1244932.4935249835, "alloc surplus": 6861.37657752037, "optimal percentage": 20.31822344322344, "better allocation": 20.31822344322344, "beter percentage": 80.66620879120879, "epoca": "22"}