{"name": "StackedCNNmape16epc", "rmse": 232.16323588945465, "abs erro": 1254149.439314747, "erro comp": "True", "r2 score": -0.5818083274271566, "mape score": 1.069050068806822, "alloc missing": 1247674.601171285, "alloc surplus": 6474.838143461943, "optimal percentage": 20.146520146520146, "better allocation": 20.146520146520146, "beter percentage": 80.63186813186813, "epoca": "16"}