{"name": "StackedCNNmape12epc", "rmse": 232.10282779948875, "abs erro": 1253775.3729279311, "erro comp": "True", "r2 score": -0.5809852721490942, "mape score": 1.0761381917829176, "alloc missing": 1247173.9113384276, "alloc surplus": 6601.4615895032875, "optimal percentage": 20.06639194139194, "better allocation": 20.06639194139194, "beter percentage": 80.63186813186813, "epoca": "12"}