{"name": "StackedCNNmape5epc", "rmse": 232.31758034251772, "abs erro": 1255687.6166470528, "erro comp": "True", "r2 score": -0.5839122306975038, "mape score": 1.070174328070044, "alloc missing": 1249144.5581415414, "alloc surplus": 6543.058505511283, "optimal percentage": 20.661630036630036, "better allocation": 20.661630036630036, "beter percentage": 80.62042124542124, "epoca": "5"}