{"name": "StackedCNNmape9epc", "rmse": 232.42050391371507, "abs erro": 1256912.0682111694, "erro comp": "True", "r2 score": -0.5853159816729805, "mape score": 1.030731110074871, "alloc missing": 1251244.2159976438, "alloc surplus": 5667.852213525772, "optimal percentage": 19.29945054945055, "better allocation": 19.29945054945055, "beter percentage": 80.59752747252747, "epoca": "9"}