{"name": "StackedCNNmape11epc", "rmse": 232.21813472559163, "abs erro": 1254606.5247329827, "erro comp": "True", "r2 score": -0.5825565053472748, "mape score": 1.0611380994011914, "alloc missing": 1248270.460427946, "alloc surplus": 6336.06430503726, "optimal percentage": 19.940476190476193, "better allocation": 19.940476190476193, "beter percentage": 80.65476190476191, "epoca": "11"}