{"name": "StackedCNNmape21epc", "rmse": 232.59926481645232, "abs erro": 1257626.2987036526, "erro comp": "True", "r2 score": -0.5877555383701092, "mape score": 1.0272220917582715, "alloc missing": 1251993.2556170763, "alloc surplus": 5633.043086576462, "optimal percentage": 19.951923076923077, "better allocation": 19.951923076923077, "beter percentage": 80.59752747252747, "epoca": "21"}