{"name": "StackedCNNmape28epc", "rmse": 232.50453832877682, "abs erro": 1256938.5985821786, "erro comp": "True", "r2 score": -0.586462568852735, "mape score": 1.021328960123666, "alloc missing": 1251385.441337037, "alloc surplus": 5553.157245141267, "optimal percentage": 19.562728937728938, "better allocation": 19.562728937728938, "beter percentage": 80.58608058608058, "epoca": "28"}