{"name": "StackedCNNmape4epc", "rmse": 232.1934467543796, "abs erro": 1255176.2392816588, "erro comp": "True", "r2 score": -0.5822200283305468, "mape score": 1.076578269497655, "alloc missing": 1248516.362488346, "alloc surplus": 6659.876793313026, "optimal percentage": 20.993589743589745, "better allocation": 20.993589743589745, "beter percentage": 80.63186813186813, "epoca": "4"}