{"name": "StackedCNNmape19epc", "rmse": 232.38596117836695, "abs erro": 1256382.0044855652, "erro comp": "True", "r2 score": -0.5848447919102202, "mape score": 1.0398574038489787, "alloc missing": 1250487.7400924384, "alloc surplus": 5894.264393126965, "optimal percentage": 20.043498168498168, "better allocation": 20.043498168498168, "beter percentage": 80.62042124542124, "epoca": "19"}