{"name": "StackedCNNmape20epc", "rmse": 232.46994264567223, "abs erro": 1256646.4607944966, "erro comp": "True", "r2 score": -0.5859904862570569, "mape score": 1.026286297942524, "alloc missing": 1251062.4490099668, "alloc surplus": 5584.011784529686, "optimal percentage": 19.29945054945055, "better allocation": 19.29945054945055, "beter percentage": 80.63186813186813, "epoca": "20"}