{"name": "StackedCNNmape7epc", "rmse": 232.69158295494603, "abs erro": 1258506.1870373888, "erro comp": "True", "r2 score": -0.5890161418734841, "mape score": 1.0402039264149112, "alloc missing": 1252717.474205141, "alloc surplus": 5788.712832248211, "optimal percentage": 20.043498168498168, "better allocation": 20.043498168498168, "beter percentage": 80.60897435897436, "epoca": "7"}