{"name": "StackedCNNmape29epc", "rmse": 232.42060823605104, "abs erro": 1256492.873054105, "erro comp": "True", "r2 score": -0.585317404816815, "mape score": 1.0206265645308965, "alloc missing": 1251013.1110805394, "alloc surplus": 5479.761973565817, "optimal percentage": 19.047619047619047, "better allocation": 19.047619047619047, "beter percentage": 80.58608058608058, "epoca": "29"}