{"name": "StackedCNNmape17epc", "rmse": 232.30919589931403, "abs erro": 1255231.9870426478, "erro comp": "True", "r2 score": -0.5837979045886157, "mape score": 1.0636270710276445, "alloc missing": 1248931.1379703223, "alloc surplus": 6300.849072325229, "optimal percentage": 20.215201465201467, "better allocation": 20.215201465201467, "beter percentage": 80.64331501831502, "epoca": "17"}