{"name": "StackedCNNmape2epc", "rmse": 232.6567358717647, "abs erro": 1258538.494920927, "erro comp": "True", "r2 score": -0.5885402464348375, "mape score": 1.0459172756769848, "alloc missing": 1252637.4503683867, "alloc surplus": 5901.0445525407795, "optimal percentage": 19.74587912087912, "better allocation": 19.74587912087912, "beter percentage": 80.60897435897436, "epoca": "2"}