{"name": "StackedCNNmape23epc", "rmse": 232.40646642799453, "abs erro": 1256184.819204426, "erro comp": "True", "r2 score": -0.5851244910080142, "mape score": 1.0289820074739515, "alloc missing": 1250508.1633786918, "alloc surplus": 5676.6558257341385, "optimal percentage": 19.45970695970696, "better allocation": 19.45970695970696, "beter percentage": 80.63186813186813, "epoca": "23"}