{"name": "StackedCNNmape14epc", "rmse": 231.9092454017804, "abs erro": 1252609.8877758475, "erro comp": "True", "r2 score": -0.5783491707823409, "mape score": 1.0797070465436407, "alloc missing": 1245910.9961382449, "alloc surplus": 6698.891637602449, "optimal percentage": 20.352564102564102, "better allocation": 20.352564102564102, "beter percentage": 80.65476190476191, "epoca": "14"}