{"name": "StackedCNNmape10epc", "rmse": 232.20310842405527, "abs erro": 1254901.1184596866, "erro comp": "True", "r2 score": -0.5823517047885058, "mape score": 1.0666966126357496, "alloc missing": 1248522.6029046508, "alloc surplus": 6378.515555036068, "optimal percentage": 20.16941391941392, "better allocation": 20.16941391941392, "beter percentage": 80.63186813186813, "epoca": "10"}