{"name": "StackedCNNmape26epc", "rmse": 231.68866090138872, "abs erro": 1250633.5464069573, "erro comp": "True", "r2 score": -0.5753480503762116, "mape score": 1.0787143906677206, "alloc missing": 1243755.4358341068, "alloc surplus": 6878.110572850705, "optimal percentage": 20.673076923076923, "better allocation": 20.673076923076923, "beter percentage": 80.67765567765568, "epoca": "26"}