{"name": "StackedCNNmape27epc", "rmse": 231.5763415035057, "abs erro": 1249608.621868631, "erro comp": "True", "r2 score": -0.5738210075398715, "mape score": 1.0965431629690536, "alloc missing": 1242441.5764236061, "alloc surplus": 7167.045445024967, "optimal percentage": 20.478479853479854, "better allocation": 20.478479853479854, "beter percentage": 80.68910256410257, "epoca": "27"}