{"name": "StackedCNNmape15epc", "rmse": 232.36502665733397, "abs erro": 1255950.4790344923, "erro comp": "True", "r2 score": -0.5845592628529468, "mape score": 1.040342653218337, "alloc missing": 1250065.2312507331, "alloc surplus": 5885.247783759236, "optimal percentage": 19.940476190476193, "better allocation": 19.940476190476193, "beter percentage": 80.63186813186813, "epoca": "15"}