{"name": "StackedCNNmape8epc", "rmse": 231.99835316334324, "abs erro": 1253518.3283222376, "erro comp": "True", "r2 score": -0.5795623193256518, "mape score": 1.0910705192487111, "alloc missing": 1246576.7277867256, "alloc surplus": 6941.6005355119705, "optimal percentage": 20.78754578754579, "better allocation": 20.78754578754579, "beter percentage": 80.63186813186813, "epoca": "8"}