{"name": "StackedCNNmape6epc", "rmse": 231.97156553019084, "abs erro": 1252753.6021514295, "erro comp": "True", "r2 score": -0.579197572830173, "mape score": 1.1137824489358839, "alloc missing": 1245446.979491508, "alloc surplus": 7306.622659921646, "optimal percentage": 20.982142857142858, "better allocation": 20.982142857142858, "beter percentage": 80.65476190476191, "epoca": "6"}