{"name": "StackedCNNmape30epc", "rmse": 232.59676927541472, "abs erro": 1257578.8025806248, "erro comp": "True", "r2 score": -0.5877214687194492, "mape score": 1.0126434470327208, "alloc missing": 1252220.3468279124, "alloc surplus": 5358.455752712489, "optimal percentage": 19.150641025641026, "better allocation": 19.150641025641026, "beter percentage": 80.59752747252747, "epoca": "30"}