{"name": "StackedCNNmape1epc", "rmse": 232.73223389061, "abs erro": 1259531.9085533828, "erro comp": "True", "r2 score": -0.5895713887325686, "mape score": 1.0558710939396467, "alloc missing": 1253653.827506228, "alloc surplus": 5878.081047154963, "optimal percentage": 19.242216117216117, "better allocation": 19.242216117216117, "beter percentage": 80.59752747252747, "epoca": "1"}