{"name": "StackedCNNmape25epc", "rmse": 231.98176364143865, "abs erro": 1252941.5468073548, "erro comp": "True", "r2 score": -0.5793364276635198, "mape score": 1.063414937430115, "alloc missing": 1246493.473823762, "alloc surplus": 6448.07298359275, "optimal percentage": 20.07783882783883, "better allocation": 20.07783882783883, "beter percentage": 80.63186813186813, "epoca": "25"}