{"name": "StackedCNNmape18epc", "rmse": 232.0575907697253, "abs erro": 1253711.7658105611, "erro comp": "True", "r2 score": -0.5803690615761636, "mape score": 1.0525618860708916, "alloc missing": 1247437.6513022422, "alloc surplus": 6274.114508318901, "optimal percentage": 20.215201465201467, "better allocation": 20.215201465201467, "beter percentage": 80.65476190476191, "epoca": "18"}