{"name": "StackedCNNmape24epc", "rmse": 231.99917419663697, "abs erro": 1252940.4192630202, "erro comp": "True", "r2 score": -0.5795734993666373, "mape score": 1.05568158478566, "alloc missing": 1246586.8963577182, "alloc surplus": 6353.522905302047, "optimal percentage": 20.032051282051285, "better allocation": 20.032051282051285, "beter percentage": 80.62042124542124, "epoca": "24"}