{"name": "StackedCNNmape3epc", "rmse": 232.50832263097362, "abs erro": 1257214.1596249088, "erro comp": "True", "r2 score": -0.5865142125985827, "mape score": 1.0636990776516062, "alloc missing": 1250959.217483984, "alloc surplus": 6254.942140924931, "optimal percentage": 20.100732600732602, "better allocation": 20.100732600732602, "beter percentage": 80.57463369963371, "epoca": "3"}