{"loss": [0.2946069538593292, 0.04808938875794411, 0.03725463151931763, 0.0339227095246315, 0.03213188052177429, 0.030954696238040924, 0.029731744900345802, 0.028884446248412132, 0.028119098395109177, 0.02746652439236641, 0.026954898610711098, 0.026520611718297005, 0.02609991282224655, 0.025626063346862793, 0.025360850617289543, 0.025229116901755333, 0.024874374270439148, 0.02465444803237915, 0.024353787302970886, 0.023976562544703484, 0.023825425654649734, 0.023446938022971153, 0.023251468315720558, 0.022860640659928322, 0.022439895197749138, 0.02224535308778286, 0.02188814803957939, 0.021760784089565277, 0.02174527570605278, 0.02155972085893154], "root_mean_squared_error": [277.575439453125, 180.22854614257812, 158.30873107910156, 156.02684020996094, 156.43780517578125, 158.76666259765625, 154.9268798828125, 153.38670349121094, 150.22665405273438, 148.4267578125, 147.726318359375, 145.3352813720703, 143.8604278564453, 140.52894592285156, 140.3517608642578, 142.16903686523438, 138.66529846191406, 138.96768188476562, 136.9962158203125, 133.7907257080078, 137.15530395507812, 134.47776794433594, 133.12940979003906, 132.2873992919922, 130.54945373535156, 130.22134399414062, 129.06480407714844, 128.85086059570312, 130.34434509277344, 127.63121032714844]}