{"name": "StackedCNN_98X_12Y", "rmse": 777.9283833645356, "abs erro": 35226732.59057617, "erro comp": "False", "r2 score": -21.70857757426829, "mape score": 0.22633314756615222, "alloc missing": 35226704.56982422, "alloc surplus": 28.020751953125, "optimal percentage": 0.0, "better allocation": 0.0, "beter percentage": 0.0}