name,rmse,abs erro,erro comp,r2 score,mape score,alloc missing,alloc surplus,optimal percentage,better allocation,beter percentage,epoca
StackedCNN 168X 12Y10epc,333.00880248249996,2645139.8191558835,True,-2.2544558763047284,59.919342424893145,136563.7384399414,2508576.0807159427,82.01694139194139,81.95970695970696,86.37820512820514,10
StackedCNN 168X 12Y20epc,406.1127560276726,3233520.84533081,True,-3.8401656224780334,70.88038685983074,87263.25954589844,3146257.585784912,67.35347985347985,67.04441391941391,70.45558608058609,20
StackedCNN 168X 12Y30epc,404.20456787217324,3219562.528552246,True,-3.7947878387920753,70.85337745845762,90454.58035888673,3129107.948193359,67.742673992674,67.29624542124543,71.00503663003663,30
