{"name": "StackedCNN_168X_12Y10epc", "rmse": 333.00880248249996, "abs erro": 2645139.8191558835, "erro comp": "True", "r2 score": -2.2544558763047284, "mape score": 59.919342424893145, "alloc missing": 136563.7384399414, "alloc surplus": 2508576.0807159427, "optimal percentage": 82.01694139194139, "better allocation": 81.95970695970696, "beter percentage": 86.37820512820514, "epoca": "10"}