{"name": "StackedCNN_168X_12Y20epc", "rmse": 406.1127560276726, "abs erro": 3233520.84533081, "erro comp": "True", "r2 score": -3.8401656224780334, "mape score": 70.88038685983074, "alloc missing": 87263.25954589844, "alloc surplus": 3146257.585784912, "optimal percentage": 67.35347985347985, "better allocation": 67.04441391941391, "beter percentage": 70.45558608058609, "epoca": "20"}