name,rmse,abs erro,erro comp,r2 score,mape score,alloc missing,alloc surplus,optimal percentage,better allocation,beter percentage,epoca
StackedCNN elu elu10epc,476.7362582570989,3863727.3891967777,True,-5.669961512760691,86.94579168423978,54392.5930480957,3809334.796148682,39.36584249084249,38.75915750915751,41.792582417582416,10
StackedCNN elu elu20epc,470.243072445061,3848013.415686035,True,-5.489508020238381,85.75889444256596,50851.78533935547,3797161.6303466796,31.570512820512818,31.02106227106227,34.53525641025641,20
StackedCNN elu elu30epc,329.7901139233148,2639977.9971435545,True,-2.1918481824448937,61.79293134416106,138194.89567871095,2501783.101464844,87.7632783882784,87.7632783882784,91.33470695970696,30
