{"name": "StackedCNN_elu_elu10epc", "rmse": 476.7362582570989, "abs erro": 3863727.3891967777, "erro comp": "True", "r2 score": -5.669961512760691, "mape score": 86.94579168423978, "alloc missing": 54392.5930480957, "alloc surplus": 3809334.796148682, "optimal percentage": 39.36584249084249, "better allocation": 38.75915750915751, "beter percentage": 41.792582417582416, "epoca": "10"}