{"name": "StackedCNN_elu_elu20epc", "rmse": 470.243072445061, "abs erro": 3848013.415686035, "erro comp": "True", "r2 score": -5.489508020238381, "mape score": 85.75889444256596, "alloc missing": 50851.78533935547, "alloc surplus": 3797161.6303466796, "optimal percentage": 31.570512820512818, "better allocation": 31.02106227106227, "beter percentage": 34.53525641025641, "epoca": "20"}