{"loss": [3.899462938308716, 3.537736415863037, 3.526824712753296, 3.519530773162842, 3.5168840885162354, 3.5152785778045654, 2.056506633758545, 1.7714508771896362, 1.7707757949829102, 1.7700687646865845, 1.769299864768982, 1.768813133239746, 1.7684701681137085, 1.7679997682571411, 1.7675724029541016, 1.7673413753509521, 1.7669479846954346, 1.7668005228042603, 1.7664016485214233, 1.766160011291504, 1.7660243511199951, 1.7658451795578003, 1.7657103538513184, 1.7655556201934814, 1.7652647495269775, 1.7652674913406372, 1.7650521993637085, 1.7649188041687012, 1.7648309469223022, 1.7646865844726562], "root_mean_squared_error": [380.1139221191406, 302.52008056640625, 278.6488342285156, 271.2644348144531, 269.23919677734375, 266.74554443359375, 225.91064453125, 215.1421356201172, 215.27890014648438, 214.19161987304688, 212.45199584960938, 212.16546630859375, 212.02207946777344, 211.37765502929688, 210.5228271484375, 211.1385040283203, 209.57289123535156, 210.5654296875, 209.2882537841797, 208.74461364746094, 209.177490234375, 208.31015014648438, 208.29238891601562, 208.7614288330078, 206.4097900390625, 207.93626403808594, 207.2102813720703, 206.29713439941406, 206.96934509277344, 207.5177764892578]}