{"loss": [9953144.0, 9466070.0, 9345768.0, 9273845.0, 9223257.0, 9186757.0, 9133521.0, 9109679.0, 9081403.0, 9040935.0, 9003601.0, 8993097.0, 8986048.0, 8968968.0, 8933149.0, 8928546.0, 8911826.0, 8904809.0, 8888068.0, 8872014.0, 8879498.0, 8859644.0, 8871176.0, 8853768.0, 8839808.0, 8834254.0, 8830151.0, 8823286.0, 8841615.0, 8811461.0], "root_mean_squared_error": [207.7809600830078, 205.55491638183594, 204.9888458251953, 204.7532196044922, 204.57781982421875, 204.3468475341797, 204.02609252929688, 203.84133911132812, 203.78460693359375, 203.47760009765625, 203.43899536132812, 203.37335205078125, 203.40855407714844, 203.20489501953125, 203.1112823486328, 203.00389099121094, 202.9620819091797, 202.92320251464844, 202.9302520751953, 202.76202392578125, 202.91317749023438, 202.886962890625, 202.89805603027344, 202.79922485351562, 202.79196166992188, 202.75515747070312, 202.66763305664062, 202.53440856933594, 202.7621307373047, 202.64361572265625]}