{"name": "UNETmsde", "rmse": 199.8168207135169, "abs erro": 1111926.571168673, "erro comp": "True", "r2 score": -0.17173944515303585, "mape score": 7.556704541910014, "alloc missing": 912655.9100290776, "alloc surplus": 199270.6611395955, "optimal percentage": 45.020604395604394, "better allocation": 45.020604395604394, "beter percentage": 83.67673992673993}