{"loss": [3.691873073577881], "root_mean_squared_error": [210.0605010986328]}