{"loss": [3.691873073577881, 3.5421152114868164, 3.4603099822998047, 3.3965342044830322, 3.372359275817871, 3.3571619987487793, 3.3448097705841064, 3.335465431213379, 3.3269715309143066, 3.321258068084717, 3.3155899047851562, 3.3097519874572754, 3.3059797286987305, 3.301729440689087, 3.297877550125122, 3.294196605682373, 3.2906901836395264, 3.2877326011657715, 3.2860424518585205, 3.282487630844116, 3.2805991172790527, 3.276825428009033, 3.275799512863159, 3.2754979133605957, 3.270582437515259, 3.2690083980560303, 3.2678232192993164, 3.2664170265197754, 3.2645325660705566, 3.2606868743896484], "root_mean_squared_error": [210.0605010986328, 207.85899353027344, 205.93983459472656, 203.9431915283203, 203.11761474609375, 202.57496643066406, 202.0967254638672, 201.710205078125, 201.29591369628906, 201.0833282470703, 200.76365661621094, 200.54075622558594, 200.335693359375, 200.16574096679688, 200.02447509765625, 199.87184143066406, 199.73526000976562, 199.6337127685547, 199.5511474609375, 199.43336486816406, 199.34829711914062, 199.2349853515625, 199.13751220703125, 199.1025848388672, 198.99595642089844, 198.87762451171875, 198.86976623535156, 198.81442260742188, 198.78073120117188, 198.650390625]}