name,rmse,abs erro,erro comp,r2 score,mape score,alloc missing,alloc surplus,optimal percentage,better allocation,beter percentage,epoca
StackedCNN tanh relu10epc,415.4739352186814,3382928.4938049316,True,-4.065875681863513,76.41699273530818,72025.76615600585,3310902.7276489255,46.966575091575095,46.74908424908425,50.40064102564102,10
StackedCNN tanh relu20epc,455.876605235101,3697415.696911621,True,-5.099041269208676,82.67722929439579,62537.183612060544,3634878.5132995606,40.16712454212454,39.67490842490842,43.00595238095239,20
StackedCNN tanh relu30epc,548.2880154280422,4556413.791693116,False,-7.822353737900336,97.85422418764838,26362.425567626953,4530051.366125489,20.661630036630036,19.65430402930403,22.516025641025642,30
