{"name": "StackedCNN_tanh_relu10epc", "rmse": 415.4739352186814, "abs erro": 3382928.4938049316, "erro comp": "True", "r2 score": -4.065875681863513, "mape score": 76.41699273530818, "alloc missing": 72025.76615600585, "alloc surplus": 3310902.7276489255, "optimal percentage": 46.966575091575095, "better allocation": 46.74908424908425, "beter percentage": 50.40064102564102, "epoca": "10"}