{"name": "StackedCNN_tanh_relu20epc", "rmse": 455.876605235101, "abs erro": 3697415.696911621, "erro comp": "True", "r2 score": -5.099041269208676, "mape score": 82.67722929439579, "alloc missing": 62537.183612060544, "alloc surplus": 3634878.5132995606, "optimal percentage": 40.16712454212454, "better allocation": 39.67490842490842, "beter percentage": 43.00595238095239, "epoca": "20"}