name,rmse,abs erro,erro comp,r2 score,mape score,alloc missing,alloc surplus,optimal percentage,better allocation,beter percentage,epoca
StackedCNNmse10epc,178.01117097084224,1107041.510679245,True,0.07004598255414207,14.629206836907573,681479.6902511597,425561.8204280853,58.505036630036635,58.505036630036635,85.58836996336996,10
StackedCNNmse20epc,177.1880742708206,1105981.4271102904,True,0.07862603328492168,14.86849680494592,674222.8668685913,431758.5602416992,58.57371794871795,58.57371794871795,85.65705128205127,20
StackedCNNmse30epc,176.70760089733406,1103152.675954437,True,0.08361615962773838,14.8109138763698,673158.5333229064,429994.14263153076,58.74542124542125,58.74542124542125,85.67994505494505,30
