{"name": "StackedCNNmse20epc", "rmse": 177.1880742708206, "abs erro": 1105981.4271102904, "erro comp": "True", "r2 score": 0.07862603328492168, "mape score": 14.86849680494592, "alloc missing": 674222.8668685913, "alloc surplus": 431758.5602416992, "optimal percentage": 58.57371794871795, "better allocation": 58.57371794871795, "beter percentage": 85.65705128205127, "epoca": "20"}