{"name": "StackedCNNmse10epc", "rmse": 178.01117097084224, "abs erro": 1107041.510679245, "erro comp": "True", "r2 score": 0.07004598255414207, "mape score": 14.629206836907573, "alloc missing": 681479.6902511597, "alloc surplus": 425561.8204280853, "optimal percentage": 58.505036630036635, "better allocation": 58.505036630036635, "beter percentage": 85.58836996336996, "epoca": "10"}