name,rmse,abs erro,erro comp,r2 score,mape score,alloc missing,alloc surplus,optimal percentage,better allocation,beter percentage,epoca
StackedCNN softplus elu10epc,815.4864509661455,6710430.770617676,False,-18.51643369482666,139.97364638493357,80107.8344482422,6630322.936169434,7.95558608058608,7.165750915750915,11.481227106227106,10
StackedCNN softplus elu20epc,293.24808048593366,2293662.625927734,True,-1.523697613117934,53.32699099460752,259253.6515991211,2034408.9743286134,80.70054945054946,80.70054945054946,89.22847985347985,20
StackedCNN softplus elu30epc,294.0044148617971,2287913.4644195554,True,-1.5367324521240122,52.61712882628609,273134.71970214846,2014778.7447174073,79.26968864468864,79.24679487179486,88.22115384615384,30
