{"name": "StackedCNN_softplus_elu20epc", "rmse": 293.24808048593366, "abs erro": 2293662.625927734, "erro comp": "True", "r2 score": -1.523697613117934, "mape score": 53.32699099460752, "alloc missing": 259253.6515991211, "alloc surplus": 2034408.9743286134, "optimal percentage": 80.70054945054946, "better allocation": 80.70054945054946, "beter percentage": 89.22847985347985, "epoca": "20"}