{"name": "StackedCNN_softplus_elu10epc", "rmse": 815.4864509661455, "abs erro": 6710430.770617676, "erro comp": "False", "r2 score": -18.51643369482666, "mape score": 139.97364638493357, "alloc missing": 80107.8344482422, "alloc surplus": 6630322.936169434, "optimal percentage": 7.95558608058608, "better allocation": 7.165750915750915, "beter percentage": 11.481227106227106, "epoca": "10"}