name,rmse,abs erro,erro comp,r2 score,mape score,alloc missing,alloc surplus,optimal percentage,better allocation,beter percentage,epoca
StackedCNNmsle10epc,614.5823387284081,4940985.213977051,False,-10.084780876688571,108.35135644558598,31883.20291748047,4909102.011059571,26.774267399267398,26.110347985347985,28.57142857142857,10
StackedCNNmsle20epc,729.8513285247351,6008132.495379639,False,-14.632763822494907,127.43106443487223,10940.694830322265,5997191.800549316,14.148351648351648,13.198260073260073,15.018315018315018,20
StackedCNNmsle30epc,290.69830220012506,2299543.307421875,True,-1.4800015458169646,54.802726441034565,193283.74790039065,2106259.559521484,86.34386446886447,86.34386446886447,92.13598901098901,30
StackedCNNmsle40epc,398.57586322796186,3236083.088635254,True,-3.662179083464471,73.7075104530351,79205.65874023437,3156877.4298950196,65.00686813186813,64.85805860805861,67.86858974358975,40
StackedCNNmsle50epc,422.1615793169859,3447103.256207275,True,-4.23027317707345,77.45475228734487,64790.76332397461,3382312.492883301,34.913003663003664,34.569597069597066,38.839285714285715,50
StackedCNNmsle60epc,439.4682792537044,3598685.5206237794,True,-4.667898017347716,80.3099668708026,57113.216119384764,3541572.3045043945,34.809981684981686,34.27197802197802,38.335622710622715,60
StackedCNNmsle70epc,445.1923919536626,3647096.9109191895,True,-4.816509325569643,81.28868731706152,54709.659069824214,3592387.2518493654,34.69551282051282,34.180402930402934,38.12957875457875,70
