{"name": "StackedCNNmsle40epc", "rmse": 398.57586322796186, "abs erro": 3236083.088635254, "erro comp": "True", "r2 score": -3.662179083464471, "mape score": 73.7075104530351, "alloc missing": 79205.65874023437, "alloc surplus": 3156877.4298950196, "optimal percentage": 65.00686813186813, "better allocation": 64.85805860805861, "beter percentage": 67.86858974358975, "epoca": "40"}