{"name": "StackedCNNmsle10epc", "rmse": 614.5823387284081, "abs erro": 4940985.213977051, "erro comp": "False", "r2 score": -10.084780876688571, "mape score": 108.35135644558598, "alloc missing": 31883.20291748047, "alloc surplus": 4909102.011059571, "optimal percentage": 26.774267399267398, "better allocation": 26.110347985347985, "beter percentage": 28.57142857142857, "epoca": "10"}