{"name": "StackedCNNmsle70epc", "rmse": 445.1923919536626, "abs erro": 3647096.9109191895, "erro comp": "True", "r2 score": -4.816509325569643, "mape score": 81.28868731706152, "alloc missing": 54709.659069824214, "alloc surplus": 3592387.2518493654, "optimal percentage": 34.69551282051282, "better allocation": 34.180402930402934, "beter percentage": 38.12957875457875, "epoca": "70"}