{"name": "StackedCNNmsle60epc", "rmse": 439.4682792537044, "abs erro": 3598685.5206237794, "erro comp": "True", "r2 score": -4.667898017347716, "mape score": 80.3099668708026, "alloc missing": 57113.216119384764, "alloc surplus": 3541572.3045043945, "optimal percentage": 34.809981684981686, "better allocation": 34.27197802197802, "beter percentage": 38.335622710622715, "epoca": "60"}