{"name": "StackedCNNmsle50epc", "rmse": 422.1615793169859, "abs erro": 3447103.256207275, "erro comp": "True", "r2 score": -4.23027317707345, "mape score": 77.45475228734487, "alloc missing": 64790.76332397461, "alloc surplus": 3382312.492883301, "optimal percentage": 34.913003663003664, "better allocation": 34.569597069597066, "beter percentage": 38.839285714285715, "epoca": "50"}