{"name": "StackedCNNmsle20epc", "rmse": 729.8513285247351, "abs erro": 6008132.495379639, "erro comp": "False", "r2 score": -14.632763822494907, "mape score": 127.43106443487223, "alloc missing": 10940.694830322265, "alloc surplus": 5997191.800549316, "optimal percentage": 14.148351648351648, "better allocation": 13.198260073260073, "beter percentage": 15.018315018315018, "epoca": "20"}