name,rmse,abs erro,erro comp,r2 score,mape score,alloc missing,alloc surplus,optimal percentage,better allocation,beter percentage,epoca
StackedCNN softplus linear10epc,209.56189492923957,1126100.363201344,True,-0.2888180048150748,3.994376963156359,1041577.8391379118,84522.52406343223,38.67902930402931,38.67902930402931,82.18864468864469,10
StackedCNN softplus linear20epc,206.59519058248293,1109056.921869093,True,-0.25258548635233113,4.206334616142459,1016253.4257913529,92803.49607774019,39.789377289377285,39.789377289377285,82.40613553113553,20
StackedCNN softplus linear30epc,208.37363037964363,1113888.3963306248,True,-0.2742436482600148,3.7449206543524536,1032928.5592743338,80959.8370562911,38.23260073260073,38.23260073260073,82.30311355311355,30
