{"name": "StackedCNN_softplus_linear20epc", "rmse": 206.59519058248293, "abs erro": 1109056.921869093, "erro comp": "True", "r2 score": -0.25258548635233113, "mape score": 4.206334616142459, "alloc missing": 1016253.4257913529, "alloc surplus": 92803.49607774019, "optimal percentage": 39.789377289377285, "better allocation": 39.789377289377285, "beter percentage": 82.40613553113553, "epoca": "20"}