{"name": "StackedCNN_softplus_linear10epc", "rmse": 209.56189492923957, "abs erro": 1126100.363201344, "erro comp": "True", "r2 score": -0.2888180048150748, "mape score": 3.994376963156359, "alloc missing": 1041577.8391379118, "alloc surplus": 84522.52406343223, "optimal percentage": 38.67902930402931, "better allocation": 38.67902930402931, "beter percentage": 82.18864468864469, "epoca": "10"}