{"name": "StackedCNN_98X_4Y", "rmse": 623.5875208072047, "abs erro": 9423704.994873047, "erro comp": "False", "r2 score": -13.588476520633794, "mape score": 0.18110301056480924, "alloc missing": 9423704.994873047, "alloc surplus": 0.0, "optimal percentage": 0.0, "better allocation": 0.0, "beter percentage": 0.0}