{"loss": [0.2600856423377991, 0.04309363290667534, 0.03647777438163757, 0.03328956291079521, 0.031188853085041046, 0.029896002262830734, 0.0290802214294672, 0.02829134464263916, 0.027538787573575974, 0.02705920673906803, 0.026323264464735985, 0.025855520740151405, 0.025420399382710457, 0.025160713121294975, 0.025009293109178543, 0.02463764138519764, 0.02465512789785862, 0.024143079295754433, 0.02402937225997448, 0.02373685874044895, 0.02356714941561222, 0.023349909111857414, 0.022884884849190712, 0.022825470194220543, 0.022301778197288513, 0.02206704579293728, 0.021792344748973846, 0.021583467721939087, 0.021660353988409042, 0.02131487987935543], "root_mean_squared_error": [270.7729797363281, 176.70220947265625, 156.5894317626953, 152.0258026123047, 153.37522888183594, 150.27456665039062, 151.99891662597656, 150.17062377929688, 149.12152099609375, 149.8011016845703, 146.88619995117188, 143.3922576904297, 140.03758239746094, 139.95143127441406, 138.46005249023438, 137.64739990234375, 136.73483276367188, 133.09793090820312, 133.70411682128906, 130.88287353515625, 130.54690551757812, 129.998291015625, 127.0794677734375, 128.51394653320312, 125.5704574584961, 124.51750946044922, 126.73780822753906, 124.79796600341797, 127.16714477539062, 126.3282699584961]}