{"loss": [3490176.75, 55237.87890625, NaN, NaN, NaN, NaN, NaN, NaN, NaN, NaN, NaN, NaN, NaN, NaN, NaN, NaN, NaN, NaN, NaN, NaN, NaN, NaN, NaN, NaN, NaN, NaN, NaN, NaN, NaN, NaN, NaN, NaN, NaN, NaN, NaN, NaN, NaN, NaN, 61675.546875, 48670.9375, NaN, NaN, 8336441.5, NaN, NaN, NaN, NaN, NaN, NaN, NaN, NaN, NaN, NaN, NaN, NaN, NaN, NaN, NaN, NaN, NaN, NaN, NaN, NaN, NaN, NaN, NaN, NaN, NaN, NaN, NaN, NaN, NaN, NaN, NaN, NaN, NaN, NaN, 174086586368.0, 212216.40625, NaN, NaN, NaN, NaN, NaN, NaN, NaN, NaN, NaN, NaN, NaN, NaN, NaN, NaN, NaN, NaN, NaN, NaN, NaN, NaN, NaN, NaN, NaN, NaN, NaN, NaN, 10769385472.0, 42846.15234375, 41578.63671875, 40003.1484375, 46483.29296875, 37506.87109375, NaN, NaN, NaN, NaN, NaN, 12625126400.0, 36994.8984375, NaN, NaN, NaN, NaN, NaN, NaN, NaN, NaN, NaN, NaN, NaN, NaN, NaN, NaN, NaN, NaN, NaN, NaN, NaN, NaN, NaN, NaN, NaN, NaN, NaN, NaN, NaN, NaN, NaN, NaN, NaN, NaN, 221565.875, 44448.58203125, 39953.29296875, NaN, NaN, NaN, NaN, NaN, NaN, 1096574763008.0, 6918865.0, 54656.34375, 40737.8046875, 36398.13671875, 36981.72265625, 36587.42578125, NaN, NaN, NaN, NaN, NaN, NaN, 250439024.0, 35786.84375, 35166.98046875, 35908.546875, 35799.625, 35689.5546875, 35566.6953125, 35293.8515625, NaN, NaN, NaN, NaN, NaN, NaN, NaN, 36352.95703125, 34470.71484375, NaN, NaN, NaN, 32644.109375, NaN, NaN, NaN, 99251.6640625, 34099.12890625, 33441.3046875, 33042.95703125, 33011.94140625, 32764.66015625, 32602.515625, NaN, 33649.3671875, 33846.1796875, 33720.34765625, 33460.7578125, 33082.09765625, 32812.80078125, 32566.119140625, NaN, NaN, NaN, NaN, NaN, NaN, NaN, NaN, NaN, NaN, NaN, NaN, NaN, 32720.2109375, NaN, NaN, NaN, NaN, NaN, NaN, NaN, 32499.2265625, NaN, NaN, NaN, NaN, 33090.5546875, 32415.0859375, NaN, 32756.26171875, 32229.228515625, 32124.138671875, 31991.35546875, NaN, NaN, 31960.16015625, NaN, 31677.2890625, NaN, NaN, 31828.4765625, NaN, 35496.078125, NaN, NaN, NaN, 31887.779296875, NaN, NaN, NaN, NaN, NaN, 31842.91796875, 31232.359375, NaN, NaN, NaN, 31159.302734375, 30703.818359375, 30477.7734375, 30480.544921875, 30168.140625, NaN, NaN, NaN, NaN, 37332.9375, 35491.53125, NaN, 32433.3046875, 31062.7890625, 30851.732421875, NaN, 30746.6171875, NaN, NaN, NaN, NaN, NaN, 32193.587890625, 30620.859375, 30609.912109375, 30563.109375, 30521.359375, 30487.98046875], "root_mean_squared_error": [1868.201904296875, 235.02737426757812, NaN, NaN, NaN, NaN, NaN, NaN, NaN, NaN, NaN, NaN, NaN, NaN, NaN, NaN, NaN, NaN, NaN, NaN, NaN, NaN, NaN, NaN, NaN, NaN, NaN, NaN, NaN, NaN, NaN, NaN, NaN, NaN, NaN, NaN, NaN, NaN, 248.3455352783203, 220.61492919921875, NaN, NaN, 2887.28564453125, NaN, NaN, NaN, NaN, NaN, NaN, NaN, NaN, NaN, NaN, NaN, NaN, NaN, NaN, NaN, NaN, NaN, NaN, NaN, NaN, NaN, NaN, NaN, NaN, NaN, NaN, NaN, NaN, NaN, NaN, NaN, NaN, NaN, NaN, 417236.78125, 460.6698303222656, NaN, NaN, NaN, NaN, NaN, NaN, NaN, NaN, NaN, NaN, NaN, NaN, NaN, NaN, NaN, NaN, NaN, NaN, NaN, NaN, NaN, NaN, NaN, NaN, NaN, NaN, 103775.65625, 206.9932098388672, 203.9085693359375, 200.0079345703125, 215.60000610351562, 193.66690063476562, NaN, NaN, NaN, NaN, NaN, 112361.59375, 192.34042358398438, NaN, NaN, NaN, NaN, NaN, NaN, NaN, NaN, NaN, NaN, NaN, NaN, NaN, NaN, NaN, NaN, NaN, NaN, NaN, NaN, NaN, NaN, NaN, NaN, NaN, NaN, NaN, NaN, NaN, NaN, NaN, NaN, 470.7080078125, 210.8281707763672, 199.88351440429688, NaN, NaN, NaN, NaN, NaN, NaN, 1047174.625, 2630.3701171875, 233.78700256347656, 201.8361358642578, 190.78289794921875, 192.30638122558594, 191.27842712402344, NaN, NaN, NaN, NaN, NaN, NaN, 15825.1220703125, 189.17430114746094, 187.5286407470703, 189.49549865722656, 189.20782470703125, 188.91680908203125, 188.59115600585938, 187.86656188964844, NaN, NaN, NaN, NaN, NaN, NaN, NaN, 190.6644744873047, 185.66285705566406, NaN, NaN, NaN, 180.67686462402344, NaN, NaN, NaN, 315.0423583984375, 184.6595001220703, 182.86953735351562, 181.7772216796875, 181.6920166015625, 181.01004028320312, 180.5616455078125, NaN, 183.43756103515625, 183.97325134277344, 183.6309051513672, 182.9228973388672, 181.884765625, 181.14309692382812, 180.4608917236328, NaN, NaN, NaN, NaN, NaN, NaN, NaN, NaN, NaN, NaN, NaN, NaN, NaN, 180.88717651367188, NaN, NaN, NaN, NaN, NaN, NaN, NaN, 180.27540588378906, NaN, NaN, NaN, NaN, 181.90814208984375, 180.0420379638672, NaN, 180.9867401123047, 179.5250244140625, 179.23202514648438, 178.86129760742188, NaN, NaN, 178.7740020751953, NaN, 177.98118591308594, NaN, NaN, 178.40525817871094, NaN, 188.40402221679688, NaN, NaN, NaN, 178.5713653564453, NaN, NaN, NaN, NaN, NaN, 178.4458770751953, 176.72682189941406, NaN, NaN, NaN, 176.5198974609375, 175.22506713867188, 174.5788116455078, 174.5867462158203, 173.68968200683594, NaN, NaN, NaN, NaN, 193.21731567382812, 188.3919677734375, NaN, 180.0924530029297, 176.24623107910156, 175.6466827392578, NaN, 175.34713745117188, NaN, NaN, NaN, NaN, NaN, 179.42576599121094, 174.9880828857422, 174.9568328857422, 174.82308959960938, 174.70384216308594, 174.60812377929688]}