{"loss": [43340124913664.0, 99331280.0, 340905.875, 257137770496.0, 55375.265625, 55244.18359375, 55049.4453125, 54750.98046875, 54313.54296875, 53736.6484375, 53031.0703125, 52285.953125, NaN, NaN], "root_mean_squared_error": [6583321.5, 9966.51171875, 583.8712768554688, 507087.5625, 235.3196563720703, 235.04080200195312, 234.6263427734375, 233.98907470703125, 233.05276489257812, 231.81179809570312, 230.2847442626953, 228.66104125976562, NaN, NaN]}