name,rmse,abs erro,erro comp,r2 score,mape score,alloc missing,alloc surplus,optimal percentage,better allocation,beter percentage,epoca
StackedCNNmsde10epc,886.9683039271243,7440062.1154174805,False,-22.08783243809241,126.53729193447782,4680603.983105469,2759458.1323120114,5.517399267399267,5.105311355311355,7.6923076923076925,10
StackedCNNmsde20epc,704.4281694356104,5796678.611627198,False,-13.562649278693367,98.01461194813609,3773468.319909668,2023210.2917175295,11.30952380952381,10.977564102564102,18.830128205128204,20
StackedCNNmsde30epc,612.3096442180647,4978280.049768067,False,-10.002950537297833,81.85509396510999,3325165.7777954102,1653114.2719726562,18.269230769230766,18.063186813186814,30.139652014652015,30
