{"name": "StackedCNNmsde20epc", "rmse": 704.4281694356104, "abs erro": 5796678.611627198, "erro comp": "False", "r2 score": -13.562649278693367, "mape score": 98.01461194813609, "alloc missing": 3773468.319909668, "alloc surplus": 2023210.2917175295, "optimal percentage": 11.30952380952381, "better allocation": 10.977564102564102, "beter percentage": 18.830128205128204, "epoca": "20"}