{"name": "StackedCNNmsde10epc", "rmse": 886.9683039271243, "abs erro": 7440062.1154174805, "erro comp": "False", "r2 score": -22.08783243809241, "mape score": 126.53729193447782, "alloc missing": 4680603.983105469, "alloc surplus": 2759458.1323120114, "optimal percentage": 5.517399267399267, "better allocation": 5.105311355311355, "beter percentage": 7.6923076923076925, "epoca": "10"}