name,rmse,abs erro,erro comp,r2 score,mape score,alloc missing,alloc surplus,optimal percentage,better allocation,beter percentage,epoca
StackedCNN relu exponential10epc,512.2292966149878,4238787.776000977,False,-6.700089780833774,91.76889936724456,33659.821484375,4205127.954516602,21.93223443223443,20.902014652014653,24.221611721611723,10
StackedCNN relu exponential20epc,511.0423296221681,4220892.077465821,False,-6.664444951872684,91.14666560885223,34785.14897460937,4186106.928491211,25.297619047619047,24.29029304029304,27.506868131868135,20
StackedCNN relu exponential30epc,542.8815331584143,4482255.282031249,False,-7.649223079131751,96.22785602047445,31472.224798583986,4450783.057232666,22.03525641025641,21.00503663003663,24.00412087912088,30
