{"name": "StackedCNN_relu_exponential10epc", "rmse": 512.2292966149878, "abs erro": 4238787.776000977, "erro comp": "False", "r2 score": -6.700089780833774, "mape score": 91.76889936724456, "alloc missing": 33659.821484375, "alloc surplus": 4205127.954516602, "optimal percentage": 21.93223443223443, "better allocation": 20.902014652014653, "beter percentage": 24.221611721611723, "epoca": "10"}