{"name": "StackedCNN_relu_exponential20epc", "rmse": 511.0423296221681, "abs erro": 4220892.077465821, "erro comp": "False", "r2 score": -6.664444951872684, "mape score": 91.14666560885223, "alloc missing": 34785.14897460937, "alloc surplus": 4186106.928491211, "optimal percentage": 25.297619047619047, "better allocation": 24.29029304029304, "beter percentage": 27.506868131868135, "epoca": "20"}