name,rmse,abs erro,erro comp,r2 score,mape score,alloc missing,alloc surplus,optimal percentage,better allocation,beter percentage,epoca
StackedCNN 98X 4Y10epc,2469.8103008145918,21609651.4154541,False,-178.43189090867648,389.1326597691788,0.0,21609651.4154541,0.0,0.0,0.0,10
StackedCNN 98X 4Y20epc,1242.8231995419837,10786151.427832033,False,-44.43506375342427,202.2653775192742,111.90151367187491,10786039.52631836,0.24988641526578828,0.0,0.26124488868696044,20
StackedCNN 98X 4Y30epc,495.8089763092019,4120357.482543946,False,-6.231047409485305,88.95231168747003,36888.60330810547,4083468.87923584,27.146751476601544,26.215356656065424,29.577464788732392,30
