{"name": "StackedCNN_98X_4Y10epc", "rmse": 2469.8103008145918, "abs erro": 21609651.4154541, "erro comp": "False", "r2 score": -178.43189090867648, "mape score": 389.1326597691788, "alloc missing": 0.0, "alloc surplus": 21609651.4154541, "optimal percentage": 0.0, "better allocation": 0.0, "beter percentage": 0.0, "epoca": "10"}