name,rmse,abs erro,erro comp,r2 score,mape score,alloc missing,alloc surplus,optimal percentage,better allocation,beter percentage,epoca
VanillaCNNmsle10epc,1071.5505124822928,9172252.810656738,False,-32.6970791147944,177.06602153896748,339.17490234374986,9171913.635754395,0.4120879120879121,0.0,0.4464285714285714,10
VanillaCNNmsle20epc,1008.6196569247301,8591985.397998048,False,-28.855325919971285,164.32872720814925,1156.0943969726563,8590829.303601075,0.6868131868131868,0.1945970695970696,0.7669413919413919,20
VanillaCNNmsle30epc,1250.1039434126137,10759371.895056153,False,-44.862656970237126,201.9694438433197,0.0,10759371.895056153,0.2174908424908425,0.0,0.2174908424908425,30
