{"name": "VanillaCNNmsle20epc", "rmse": 1008.6196569247301, "abs erro": 8591985.397998048, "erro comp": "False", "r2 score": -28.855325919971285, "mape score": 164.32872720814925, "alloc missing": 1156.0943969726563, "alloc surplus": 8590829.303601075, "optimal percentage": 0.6868131868131868, "better allocation": 0.1945970695970696, "beter percentage": 0.7669413919413919, "epoca": "20"}