{"name": "VanillaCNNmsle30epc", "rmse": 1250.1039434126137, "abs erro": 10759371.895056153, "erro comp": "False", "r2 score": -44.862656970237126, "mape score": 201.9694438433197, "alloc missing": 0.0, "alloc surplus": 10759371.895056153, "optimal percentage": 0.2174908424908425, "better allocation": 0.0, "beter percentage": 0.2174908424908425, "epoca": "30"}