name,rmse,abs erro,erro comp,r2 score,mape score,alloc missing,alloc surplus,optimal percentage,better allocation,beter percentage,epoca
StackedCNN 168X 1Y10epc,387.29786825670885,3113457.9195861816,True,-3.402072329166397,71.59270647126708,101273.2281616211,3012184.6914245603,63.369963369963365,63.24404761904761,66.8040293040293,10
StackedCNN 168X 1Y20epc,506.64041108597064,4157887.0179138184,False,-6.532976553795869,90.55757308155422,37527.59092407227,4120359.4269897463,27.323717948717945,26.533882783882785,29.88782051282051,20
StackedCNN 168X 1Y30epc,568.1410330746405,4694571.8612915035,False,-8.472819762777858,100.17998584061742,23253.650231933592,4671318.211059569,20.467032967032967,19.49404761904762,22.149725274725274,30
