{"name": "StackedCNN_168X_1Y10epc", "rmse": 387.29786825670885, "abs erro": 3113457.9195861816, "erro comp": "True", "r2 score": -3.402072329166397, "mape score": 71.59270647126708, "alloc missing": 101273.2281616211, "alloc surplus": 3012184.6914245603, "optimal percentage": 63.369963369963365, "better allocation": 63.24404761904761, "beter percentage": 66.8040293040293, "epoca": "10"}