{"name": "StackedCNN_168X_1Y20epc", "rmse": 506.64041108597064, "abs erro": 4157887.0179138184, "erro comp": "False", "r2 score": -6.532976553795869, "mape score": 90.55757308155422, "alloc missing": 37527.59092407227, "alloc surplus": 4120359.4269897463, "optimal percentage": 27.323717948717945, "better allocation": 26.533882783882785, "beter percentage": 29.88782051282051, "epoca": "20"}