{"name": "UNET", "rmse": 193.9076766279366, "abs erro": 1088839.0180732966, "erro comp": "True", "r2 score": -0.10346094417204399, "mape score": 8.15700067554387, "alloc missing": 861541.0548170566, "alloc surplus": 227297.9632562399, "spain alloc missing": 57465.00000000001, "spain alloc surplus": 3831902.4000000004, "optimal percentage": 0.4835164835164835, "beter percentage": 0.00011446886446886447}