name,rmse,abs erro,erro comp,r2 score,mape score,alloc missing,alloc surplus,optimal percentage,better allocation,beter percentage
UNETmse,180.83694911832765,1269085.3983169554,True,0.04028716309681235,23.319500931083954,521000.394380188,748085.0039367676,68.78434065934066,68.78434065934066,87.30540293040293
StackedCNNmae,198.29191669126948,1083872.2916007042,True,-0.1539234051103182,5.92516832425012,937786.2787695408,146086.01283116342,43.64697802197802,43.64697802197802,83.32188644688645
StackedCNNmape,232.59676927541472,1257578.8025806248,True,-0.5877214687194492,1.0126434470327208,1252220.3468279124,5358.455752712489,19.150641025641026,19.150641025641026,80.59752747252747
StackedCNNmse,176.70760089733406,1103152.675954437,True,0.08361615962773838,14.8109138763698,673158.5333229064,429994.14263153076,58.74542124542125,58.74542124542125,85.67994505494505
StackedCNNwl,2002.8078722794164,17092114.229956053,False,-116.718722505798,320.2102285417657,0.0,17092114.229956053,0.045787545787545784,0.0,0.045787545787545784
UNETmae,195.49222039111,1083463.6030956388,True,-0.12156880014819804,7.1421024957442985,887646.7351205468,195816.86797509194,45.9478021978022,45.9478021978022,83.69963369963371
StackedCNNmsle,225.42443302455902,1761315.4013397219,True,-0.49131344392592324,40.411504997967036,320813.2674926758,1440502.133847046,79.46428571428571,79.46428571428571,89.92673992673993
StackedCNNmsde,612.3096442180647,4978280.049768067,False,-10.002950537297833,81.85509396510999,3325165.7777954102,1653114.2719726562,18.269230769230766,18.063186813186814,30.139652014652015
UNETmsle,211.40084463352727,1142731.2075336457,True,-0.3115365474923113,4.695291990201792,1048097.4033376693,94633.80419597626,39.640567765567766,39.640567765567766,82.10851648351648
