{"name": "UNET", "rmse": 1772.3667389489376, "Absolute Error": 345758647.16625977, "r2 score": -0.747431446399963, "mape score": 0.42296753114819985, "erro_per_mean score": 0.4238788488456599, "alloc_erro": 340448078.27523804, "spain_alloc_erro": 0.0, "alloc_erro_comp_bool": 100628.0, "alloc_erro_comp_value": 0.0}