{"loss": [32815.78125, 11947.869140625, 10353.162109375, 9706.42578125, 9254.169921875, 8886.6328125, 8620.0009765625, 8397.3798828125, 8215.623046875, 8069.72607421875, 7933.41650390625, 7816.205078125, 7722.93310546875, 7645.544921875, 7579.49951171875, 7515.7998046875, 7452.17626953125, 7387.54638671875, 7346.1015625, 7290.18505859375, 7236.63916015625, 7202.974609375, 7170.36328125, 7131.28564453125, 7072.1103515625, 7065.1064453125, 7011.34716796875, 6980.03857421875, 6957.50439453125, 6914.2158203125, 6908.55224609375, 6867.21630859375, 6832.90576171875, 6818.31005859375, 6785.935546875, 6741.39892578125, 6731.171875, 6696.6787109375, 6674.28857421875, 6663.93115234375, 6623.0185546875, 6594.45458984375, 6593.14794921875, 6567.0537109375, 6555.8046875, 6526.2890625, 6528.2861328125, 6503.3056640625, 6480.4150390625, 6462.35107421875, 6450.11962890625, 6431.7607421875, 6417.95947265625, 6409.02734375, 6393.13671875, 6415.77001953125, 6358.26123046875, 6353.16650390625, 6338.71875, 6313.27978515625, 6311.05078125, 6293.32763671875, 6302.77587890625, 6275.390625, 6290.47509765625, 6258.45849609375, 6249.71044921875, 6230.46142578125, 6226.02734375, 6230.708984375, 6213.517578125, 6193.419921875, 6192.65283203125, 6179.95458984375, 6185.3046875, 6185.91162109375, 6146.77490234375, 6153.11669921875, 6152.26025390625, 6129.6318359375, 6133.267578125, 6130.62109375, 6119.25, 6100.833984375, 6098.38525390625, 6090.548828125, 6074.75390625, 6070.6103515625, 6070.0224609375, 6059.3701171875, 6059.2099609375, 6047.6787109375, 6049.73046875, 6034.375, 6044.63232421875, 6013.99658203125, 6029.6337890625, 6017.611328125, 6008.27978515625, 6013.201171875], "root_mean_squared_error": [181.15138244628906, 109.30628204345703, 101.75056457519531, 98.52122497558594, 96.19860076904297, 94.26905059814453, 92.84394073486328, 91.63716888427734, 90.64006042480469, 89.8317642211914, 89.06977844238281, 88.40937805175781, 87.88018035888672, 87.43881225585938, 87.06034851074219, 86.69371032714844, 86.3260269165039, 85.95077514648438, 85.70945739746094, 85.38256072998047, 85.06845092773438, 84.87036895751953, 84.67799377441406, 84.44684600830078, 84.09584045410156, 84.05420684814453, 83.73372650146484, 83.54662322998047, 83.41165924072266, 83.15174102783203, 83.11772918701172, 82.86859893798828, 82.66143798828125, 82.57301330566406, 82.3768310546875, 82.1060562133789, 82.04373931884766, 81.83319854736328, 81.69630432128906, 81.63288879394531, 81.38192749023438, 81.20621490478516, 81.19818878173828, 81.037353515625, 80.96797180175781, 80.7855224609375, 80.79779815673828, 80.64308166503906, 80.5010757446289, 80.3888168334961, 80.31268310546875, 80.19829559326172, 80.11215209960938, 80.05633544921875, 79.95706176757812, 80.09849548339844, 79.73867797851562, 79.70674133300781, 79.61607360839844, 79.4561538696289, 79.44210052490234, 79.33050537109375, 79.3899917602539, 79.21733856201172, 79.31254577636719, 79.11044311523438, 79.05516815185547, 78.93331146240234, 78.90518188476562, 78.93476104736328, 78.8259048461914, 78.69828033447266, 78.69335174560547, 78.61270904541016, 78.64665985107422, 78.65061950683594, 78.4013671875, 78.44182586669922, 78.43634796142578, 78.29194641113281, 78.31511688232422, 78.29829406738281, 78.22561645507812, 78.10783386230469, 78.09221649169922, 78.04196166992188, 77.94074249267578, 77.91411590576172, 77.91034698486328, 77.84194946289062, 77.8409652709961, 77.76679229736328, 77.7800064086914, 77.68124389648438, 77.74723052978516, 77.54999542236328, 77.65068054199219, 77.57325744628906, 77.51303100585938, 77.54483032226562]}