{"loss": [0.3363681733608246, 0.07493183016777039, 0.052465323358774185, 0.04105270653963089, 0.035651884973049164, 0.030858511105179787, 0.02719256468117237, 0.025429990142583847, 0.024027926847338676, 0.023622330278158188, 0.022739965468645096, 0.021969586610794067, 0.02150891348719597, 0.020964987576007843, 0.020390629768371582, 0.020025335252285004, 0.01984129287302494, 0.019356733188033104, 0.019219916313886642, 0.01879485510289669, 0.018527202308177948, 0.01833188161253929, 0.01836603507399559, 0.01791328191757202, 0.017619771882891655, 0.017570096999406815, 0.017399145290255547, 0.017288057133555412, 0.017171714454889297, 0.01688370481133461], "root_mean_squared_error": [6605.70654296875, 296.234619140625, 251.47853088378906, 217.3378448486328, 205.8440704345703, 188.51065063476562, 179.22061157226562, 176.2713165283203, 173.07630920410156, 169.66770935058594, 154.99267578125, 155.54147338867188, 154.31829833984375, 154.93533325195312, 147.04318237304688, 143.38926696777344, 158.2793731689453, 146.10250854492188, 148.73452758789062, 140.8289031982422, 138.165771484375, 136.98846435546875, 149.43768310546875, 132.36077880859375, 136.13218688964844, 133.80859375, 131.1898956298828, 236.02423095703125, 135.71556091308594, 132.15087890625]}