{"loss": [5.894706726074219, 1.891269564628601, 0.8118100762367249, 0.3213564455509186, 0.13662737607955933, 0.09780076146125793, 0.09438695013523102, 0.08095760643482208, 0.0715092197060585, 0.06150892749428749, 0.051972340792417526, 0.04641284793615341, 0.042911939322948456, 0.03974030911922455, 0.03646582365036011, 0.033351629972457886, 0.030762914568185806, 0.028638437390327454, 0.026993373408913612, 0.025725513696670532, 0.024772128090262413, 0.02405361458659172, 0.023351578041911125, 0.022815659642219543, 0.02234085462987423, 0.02192213013768196, 0.02148600108921528, 0.02103019505739212, 0.020756857469677925, 0.020462486892938614], "root_mean_squared_error": [718.6824951171875, 635.9411010742188, 553.1664428710938, 470.1571960449219, 407.6589050292969, 382.3749694824219, 378.03973388671875, 363.0886535644531, 344.72552490234375, 326.15631103515625, 308.5460205078125, 293.7818298339844, 281.06298828125, 269.3993225097656, 258.21160888671875, 247.6756134033203, 237.93821716308594, 228.86767578125, 220.56619262695312, 212.88133239746094, 205.94776916503906, 199.6579132080078, 193.6542205810547, 188.36935424804688, 183.33055114746094, 178.5696258544922, 174.06509399414062, 169.57278442382812, 165.8365020751953, 162.25674438476562]}