name,rmse,abs erro,erro comp,r2 score,mape score,alloc missing,alloc surplus,optimal percentage,better allocation,beter percentage,epoca
StackedCNN selu softsign10epc,236.23786423222558,1289434.2016050934,True,-0.637819268438389,0.8512952662467704,1288660.9018328427,773.2997722506523,11.000457875457876,11.000457875457876,80.39148351648352,10
StackedCNN selu softsign20epc,236.237864121478,1289434.2004021525,True,-0.6378192669027796,0.8512952398342212,1288660.9004586576,773.2999434947967,11.034798534798535,11.034798534798535,80.39148351648352,20
StackedCNN selu softsign30epc,236.23786410199617,1289434.2001893043,True,-0.6378192666326477,0.851295234988947,1288660.9002138018,773.299975502491,11.206501831501832,11.206501831501832,80.40293040293041,30
