{"name": "StackedCNN_selu_softsign30epc", "rmse": 236.23786410199617, "abs erro": 1289434.2001893043, "erro comp": "True", "r2 score": -0.6378192666326477, "mape score": 0.851295234988947, "alloc missing": 1288660.9002138018, "alloc surplus": 773.299975502491, "optimal percentage": 11.206501831501832, "better allocation": 11.206501831501832, "beter percentage": 80.40293040293041, "epoca": "30"}