{"name": "StackedCNN_selu_softsign20epc", "rmse": 236.237864121478, "abs erro": 1289434.2004021525, "erro comp": "True", "r2 score": -0.6378192669027796, "mape score": 0.8512952398342212, "alloc missing": 1288660.9004586576, "alloc surplus": 773.2999434947967, "optimal percentage": 11.034798534798535, "better allocation": 11.034798534798535, "beter percentage": 80.39148351648352, "epoca": "20"}