{"name": "StackedCNN_selu_softsign10epc", "rmse": 236.23786423222558, "abs erro": 1289434.2016050934, "erro comp": "True", "r2 score": -0.637819268438389, "mape score": 0.8512952662467704, "alloc missing": 1288660.9018328427, "alloc surplus": 773.2997722506523, "optimal percentage": 11.000457875457876, "better allocation": 11.000457875457876, "beter percentage": 80.39148351648352, "epoca": "10"}