{"name": "StackedCNNwl", "rmse": 175.8656105343235, "abs erro": 1186767.3594009401, "erro comp": "True", "r2 score": 0.09232827048905046, "mape score": 20.024483359077884, "alloc missing": 572945.1006835938, "alloc surplus": 613822.2587173461, "optimal percentage": 64.91529304029304, "better allocation": 64.91529304029304, "beter percentage": 86.81318681318682}