{"name": "StackedCNNwl", "rmse": 2002.8078722794164, "abs erro": 17092114.229956053, "erro comp": "False", "r2 score": -116.718722505798, "mape score": 320.2102285417657, "alloc missing": 0.0, "alloc surplus": 17092114.229956053, "optimal percentage": 0.045787545787545784, "better allocation": 0.0, "beter percentage": 0.045787545787545784}