name,rmse,abs erro,erro comp,r2 score,mape score,alloc missing,alloc surplus,optimal percentage,better allocation,beter percentage,epoca
UNETmape10epc,854149.056350031,5133287503.691993,False,-21410867.873592597,85596.96676866773,0.0,5133287503.691993,0.0,0.0,0.0,10
UNETmape20epc,698357.1215055732,3229297153.5412965,False,-14312716.300930396,51854.61775908142,0.0,3229297153.5412965,0.0,0.0,0.0,20
UNETmape30epc,3545800.2396155503,18933122401.842384,False,-368973766.6917614,276314.32357113186,0.0,18933122401.842384,0.0,0.0,0.0,30
