{"name": "UNETmape10epc", "rmse": 854149.056350031, "abs erro": 5133287503.691993, "erro comp": "False", "r2 score": -21410867.873592597, "mape score": 85596.96676866773, "alloc missing": 0.0, "alloc surplus": 5133287503.691993, "optimal percentage": 0.0, "better allocation": 0.0, "beter percentage": 0.0, "epoca": "10"}