{"name": "UNETmape20epc", "rmse": 698357.1215055732, "abs erro": 3229297153.5412965, "erro comp": "False", "r2 score": -14312716.300930396, "mape score": 51854.61775908142, "alloc missing": 0.0, "alloc surplus": 3229297153.5412965, "optimal percentage": 0.0, "better allocation": 0.0, "beter percentage": 0.0, "epoca": "20"}