{"loss": [0.1969188153743744, 0.03955952078104019, 0.03394211828708649, 0.0313420370221138, 0.0301763154566288, 0.028889376670122147, 0.02776932716369629, 0.026626046746969223, 0.026162652298808098, 0.025134379044175148, 0.024580804631114006, 0.024200869724154472, 0.023563848808407784, 0.02331661619246006, 0.023085638880729675, 0.022693732753396034, 0.02242836356163025, 0.022086074575781822, 0.02182321809232235, 0.021661201491951942, 0.02161109261214733, 0.02119274064898491, 0.021014679223299026, 0.02074332721531391, 0.02040337584912777, 0.020227886736392975, 0.02022620290517807, 0.01996968686580658, 0.019701821729540825, 0.019617626443505287], "root_mean_squared_error": [261.3320007324219, 167.2001190185547, 153.4354705810547, 151.60635375976562, 152.03709411621094, 150.9193115234375, 148.595703125, 144.53009033203125, 146.2130889892578, 141.37472534179688, 140.31979370117188, 142.07406616210938, 138.1982421875, 137.98516845703125, 135.35804748535156, 135.1659698486328, 133.9347686767578, 133.21096801757812, 133.90965270996094, 132.3025665283203, 134.73533630371094, 131.69427490234375, 132.56884765625, 131.20138549804688, 129.3995361328125, 128.71693420410156, 130.932373046875, 129.60533142089844, 128.9412384033203, 129.85804748535156]}