{"name": "StackedLSTMA22epc", "rmse": 185.33165638772272, "abs erro": 1199355.4788330079, "erro comp": "True", "r2 score": -0.008013098100262406, "mape score": 18.15082506676779, "alloc missing": 679754.9944068908, "alloc surplus": 519600.484426117, "optimal percentage": 60.78296703296703, "better allocation": 60.78296703296703, "beter percentage": 85.26785714285714, "epoca": "22"}