{"name": "StackedLSTMA18epc", "rmse": 194.06203304878773, "abs erro": 1182129.3810436248, "erro comp": "True", "r2 score": -0.10521842048562258, "mape score": 14.502537680112058, "alloc missing": 800304.4898523331, "alloc surplus": 381824.89119129186, "optimal percentage": 55.50595238095239, "better allocation": 55.50595238095239, "beter percentage": 84.0315934065934, "epoca": "18"}