{"name": "StackedLSTMA38epc", "rmse": 180.73258561869383, "abs erro": 1189931.8918243407, "erro comp": "True", "r2 score": 0.04139457050689033, "mape score": 19.117891421791928, "alloc missing": 626891.923928833, "alloc surplus": 563039.9678955078, "optimal percentage": 62.76327838827839, "better allocation": 62.76327838827839, "beter percentage": 86.10347985347985, "epoca": "38"}