{"name": "StackedLSTMA14epc", "rmse": 185.38927692092324, "abs erro": 1185676.9332397464, "erro comp": "True", "r2 score": -0.00863998810220079, "mape score": 17.41127453777247, "alloc missing": 699431.8231498719, "alloc surplus": 486245.11008987424, "optimal percentage": 60.09615384615385, "better allocation": 60.09615384615385, "beter percentage": 85.1304945054945, "epoca": "14"}