{"name": "StackedLSTMA26epc", "rmse": 184.8678578444781, "abs erro": 1206623.7373901366, "erro comp": "True", "r2 score": -0.0029742393347451657, "mape score": 18.978523472409048, "alloc missing": 671246.8204513551, "alloc surplus": 535376.9169387817, "optimal percentage": 61.847527472527474, "better allocation": 61.847527472527474, "beter percentage": 85.41666666666666, "epoca": "26"}