{"name": "StackedLSTMA34epc", "rmse": 182.34590255321268, "abs erro": 1206689.7619750977, "erro comp": "True", "r2 score": 0.024204123424285573, "mape score": 19.575412474009028, "alloc missing": 625434.1582748413, "alloc surplus": 581255.6037002563, "optimal percentage": 63.026556776556774, "better allocation": 63.026556776556774, "beter percentage": 85.96611721611723, "epoca": "34"}