{"name": "StackedLSTMA48epc", "rmse": 180.19985221061958, "abs erro": 1208284.2468223572, "erro comp": "True", "r2 score": 0.04703747640916367, "mape score": 20.38959467542342, "alloc missing": 600959.6527565003, "alloc surplus": 607324.5940658569, "optimal percentage": 63.988095238095234, "better allocation": 63.988095238095234, "beter percentage": 86.45833333333334, "epoca": "48"}