{"name": "StackedLSTMA44epc", "rmse": 181.47135571162073, "abs erro": 1169467.6499481201, "erro comp": "True", "r2 score": 0.03354168187184814, "mape score": 17.527251212479126, "alloc missing": 667106.6264923096, "alloc surplus": 502361.02345581056, "optimal percentage": 60.65705128205128, "better allocation": 60.65705128205128, "beter percentage": 85.62271062271061, "epoca": "44"}