{"name": "StackedLSTMA20epc", "rmse": 188.87103715239132, "abs erro": 1202932.8467041017, "erro comp": "True", "r2 score": -0.04688190021666627, "mape score": 17.5141248820134, "alloc missing": 720746.3571792602, "alloc surplus": 482186.4895248413, "optimal percentage": 59.75274725274725, "better allocation": 59.75274725274725, "beter percentage": 84.94734432234432, "epoca": "20"}