{"name": "StackedLSTMA24epc", "rmse": 184.75971570943784, "abs erro": 1203375.5964660645, "erro comp": "True", "r2 score": -0.0018011630317733562, "mape score": 18.663606281812466, "alloc missing": 673183.1180999756, "alloc surplus": 530192.4783660889, "optimal percentage": 61.76739926739927, "better allocation": 61.76739926739927, "beter percentage": 85.54258241758241, "epoca": "24"}