{"name": "StackedLSTMA46epc", "rmse": 180.2503414040698, "abs erro": 1198792.4824737548, "erro comp": "True", "r2 score": 0.046503391069422806, "mape score": 19.77690912902072, "alloc missing": 615986.4114074707, "alloc surplus": 582806.0710662841, "optimal percentage": 63.35851648351648, "better allocation": 63.35851648351648, "beter percentage": 86.2408424908425, "epoca": "46"}