{"name": "StackedLSTMA36epc", "rmse": 180.91126239088416, "abs erro": 1189617.2571624757, "erro comp": "True", "r2 score": 0.03949823079069936, "mape score": 18.921770088202052, "alloc missing": 630444.4357833862, "alloc surplus": 559172.8213790894, "optimal percentage": 62.637362637362635, "better allocation": 62.637362637362635, "beter percentage": 85.98901098901099, "epoca": "36"}