{"name": "StackedLSTMA42epc", "rmse": 181.56554767299946, "abs erro": 1188109.7880584716, "erro comp": "True", "r2 score": 0.03253814906340169, "mape score": 18.686177456469213, "alloc missing": 648894.4927581787, "alloc surplus": 539215.295300293, "optimal percentage": 61.87042124542125, "better allocation": 61.87042124542125, "beter percentage": 85.77152014652015, "epoca": "42"}