{"name": "StackedLSTMA10epc", "rmse": 189.39020103963807, "abs erro": 1238797.314291382, "erro comp": "True", "r2 score": -0.052645094711485596, "mape score": 19.752629528874316, "alloc missing": 680416.5121917725, "alloc surplus": 558380.8020996093, "optimal percentage": 61.458333333333336, "better allocation": 61.458333333333336, "beter percentage": 85.33653846153845, "epoca": "10"}