{"name": "StackedLSTMA30epc", "rmse": 184.58127136776503, "abs erro": 1208495.6219238283, "erro comp": "True", "r2 score": 0.00013301856954728297, "mape score": 19.144290772680264, "alloc missing": 665491.4467163086, "alloc surplus": 543004.1752075196, "optimal percentage": 61.81318681318682, "better allocation": 61.81318681318682, "beter percentage": 85.62271062271061, "epoca": "30"}