{"loss": [33.40571594238281, 33.382266998291016, 33.38160705566406, 33.381412506103516, 33.38142395019531, 33.381370544433594, 33.38131332397461, 33.381309509277344, 33.38135528564453, 33.381324768066406, 33.38134002685547, 33.38136291503906, 33.38129806518555, 33.381351470947266, 33.381351470947266, 33.38134765625, 33.38136291503906, 33.381378173828125, 33.381351470947266, 33.381378173828125, 33.38134002685547, 33.381351470947266, 33.38129806518555, 33.381309509277344, 33.381324768066406, 33.38132858276367, 33.381324768066406, 33.381385803222656, 33.38136291503906, 33.38134002685547], "root_mean_squared_error": [779.2268676757812, 779.2236328125, 779.223388671875, 779.22314453125, 779.2234497070312, 779.2234497070312, 779.2236938476562, 779.2232666015625, 779.2230224609375, 779.22314453125, 779.22314453125, 779.2236328125, 779.222900390625, 779.2232666015625, 779.2230224609375, 779.2229614257812, 779.2230224609375, 779.2232055664062, 779.2236328125, 779.2233276367188, 779.2235107421875, 779.223388671875, 779.2237548828125, 779.2230834960938, 779.223388671875, 779.2233276367188, 779.22314453125, 779.2237548828125, 779.2235107421875, 779.2237548828125]}