{"name": "StackedCNN_linear_softsign", "rmse": 3277.7602823980073, "abs erro": 309010520.00140506, "erro comp": "False", "r2 score": -402.2873037320634, "mape score": 0.9996940100150732, "alloc missing": 309010520.00140506, "alloc surplus": 0.0, "optimal percentage": 0.0, "better allocation": 0.0, "beter percentage": 0.0}