name,rmse,abs erro,erro comp,r2 score,mape score,alloc missing,alloc surplus,optimal percentage,better allocation,beter percentage,epoca
StackedCNN 168X 4Y10epc,295.6502650113857,2341931.3292785645,True,-1.5652134369162742,55.755055403980165,184571.3426147461,2157359.9866638184,86.50412087912088,86.50412087912088,91.99862637362637,10
StackedCNN 168X 4Y20epc,258.79245630811766,2037102.906439209,True,-0.9654870478376827,47.84676950785796,255983.1243133545,1781119.7821258546,83.01282051282051,83.01282051282051,90.99130036630036,20
StackedCNN 168X 4Y30epc,247.11256001609803,1941513.7114959715,True,-0.7920767304136598,45.260054355273546,272577.0230957031,1668936.6884002686,82.07417582417582,82.07417582417582,90.7165750915751,30
