{"name": "StackedCNN_168X_4Y30epc", "rmse": 247.11256001609803, "abs erro": 1941513.7114959715, "erro comp": "True", "r2 score": -0.7920767304136598, "mape score": 45.260054355273546, "alloc missing": 272577.0230957031, "alloc surplus": 1668936.6884002686, "optimal percentage": 82.07417582417582, "better allocation": 82.07417582417582, "beter percentage": 90.7165750915751, "epoca": "30"}