{"name": "StackedCNN_168X_4Y10epc", "rmse": 295.6502650113857, "abs erro": 2341931.3292785645, "erro comp": "True", "r2 score": -1.5652134369162742, "mape score": 55.755055403980165, "alloc missing": 184571.3426147461, "alloc surplus": 2157359.9866638184, "optimal percentage": 86.50412087912088, "better allocation": 86.50412087912088, "beter percentage": 91.99862637362637, "epoca": "10"}