{"name": "StackedCNN_168X_4Y20epc", "rmse": 258.79245630811766, "abs erro": 2037102.906439209, "erro comp": "True", "r2 score": -0.9654870478376827, "mape score": 47.84676950785796, "alloc missing": 255983.1243133545, "alloc surplus": 1781119.7821258546, "optimal percentage": 83.01282051282051, "better allocation": 83.01282051282051, "beter percentage": 90.99130036630036, "epoca": "20"}