name,rmse,abs erro,erro comp,r2 score,mape score,alloc missing,alloc surplus,optimal percentage,better allocation,beter percentage,epoca
StackedCNN selu exponential10epc,287.88391942029494,2248161.097897339,True,-1.4322139468472095,53.597557154160896,223891.4918701172,2024269.6060272218,84.24908424908425,84.24908424908425,91.42628205128204,10
StackedCNN selu exponential20epc,353.3026423677814,2842395.6983825685,True,-2.6632008560443703,66.13855154153882,117834.99927368163,2724560.6991088865,85.03891941391942,85.02747252747253,88.16391941391942,20
StackedCNN selu exponential30epc,410.60579421945533,3339799.303686524,True,-3.9478566426205832,75.70676079691725,73291.03973388672,3266508.2639526366,53.90338827838828,53.720238095238095,57.05128205128205,30
