{"name": "StackedCNN_selu_exponential10epc", "rmse": 287.88391942029494, "abs erro": 2248161.097897339, "erro comp": "True", "r2 score": -1.4322139468472095, "mape score": 53.597557154160896, "alloc missing": 223891.4918701172, "alloc surplus": 2024269.6060272218, "optimal percentage": 84.24908424908425, "better allocation": 84.24908424908425, "beter percentage": 91.42628205128204, "epoca": "10"}