{"name": "StackedCNN_selu_exponential30epc", "rmse": 410.60579421945533, "abs erro": 3339799.303686524, "erro comp": "True", "r2 score": -3.9478566426205832, "mape score": 75.70676079691725, "alloc missing": 73291.03973388672, "alloc surplus": 3266508.2639526366, "optimal percentage": 53.90338827838828, "better allocation": 53.720238095238095, "beter percentage": 57.05128205128205, "epoca": "30"}