{"name": "StackedCNN_selu_exponential20epc", "rmse": 353.3026423677814, "abs erro": 2842395.6983825685, "erro comp": "True", "r2 score": -2.6632008560443703, "mape score": 66.13855154153882, "alloc missing": 117834.99927368163, "alloc surplus": 2724560.6991088865, "optimal percentage": 85.03891941391942, "better allocation": 85.02747252747253, "beter percentage": 88.16391941391942, "epoca": "20"}