name,rmse,abs erro,erro comp,r2 score,mape score,alloc missing,alloc surplus,spain alloc missing,spain alloc surplus,optimal percentage,beter percentage
VanillaDense,201.23493241051472,1321263.4934584498,True,-0.18843027075133678,19.709551713183806,668097.9900392175,653165.5034192322,57465.00000000001,3831902.4000000004,0.5834478021978022,0.00011446886446886447
StackedCNN,426.0310028650423,3439562.6349670407,True,-4.3265912314464465,77.66240928604057,77918.15982666015,3361644.4751403807,57465.00000000001,3831902.4000000004,0.4728708791208791,0.00011446886446886447
UNET,2338772.720563094,16475956678.74375,False,-160525117.82546973,287783.793912874,0.0,16475956678.74375,57465.00000000001,3831902.4000000004,0.0,0.0
VanillaCNN,174.8475560390256,1134326.9501005888,True,0.10280655188703813,16.784772744012205,587532.9064198256,546794.0436807632,57465.00000000001,3831902.4000000004,0.6222527472527473,0.00011446886446886447
VanillaLSTM,236.86319783678692,1296623.5999999999,True,-0.6465015257286457,1.0,1296623.5999999999,0.0,57465.00000000001,3831902.4000000004,0.0637591575091575,0.00011446886446886447
