name,rmse,abs erro,erro comp,r2 score,mape score,alloc missing,alloc surplus,optimal percentage,better allocation,beter percentage,epoca
StackedCNN softsign exponential10epc,343.1148780830456,2691030.0076141357,True,-2.4549841663891003,61.576366698511144,136542.99792175295,2554487.009692383,83.43635531135531,83.39056776556777,87.43131868131869,10
StackedCNN softsign exponential20epc,447.52906767291773,3617924.3344970704,True,-4.877727641923734,81.40421920253029,62091.17922363281,3555833.1552734375,46.01648351648351,45.39835164835165,48.96978021978022,20
StackedCNN softsign exponential30epc,508.89558563600417,4187396.7282836917,False,-6.600187876877019,91.15375057732545,32147.808612060548,4155248.919671631,25.81272893772894,24.90842490842491,28.09065934065934,30
