{"name": "StackedCNN_softsign_exponential20epc", "rmse": 447.52906767291773, "abs erro": 3617924.3344970704, "erro comp": "True", "r2 score": -4.877727641923734, "mape score": 81.40421920253029, "alloc missing": 62091.17922363281, "alloc surplus": 3555833.1552734375, "optimal percentage": 46.01648351648351, "better allocation": 45.39835164835165, "beter percentage": 48.96978021978022, "epoca": "20"}