{"name": "StackedCNN_softsign_exponential10epc", "rmse": 343.1148780830456, "abs erro": 2691030.0076141357, "erro comp": "True", "r2 score": -2.4549841663891003, "mape score": 61.576366698511144, "alloc missing": 136542.99792175295, "alloc surplus": 2554487.009692383, "optimal percentage": 83.43635531135531, "better allocation": 83.39056776556777, "beter percentage": 87.43131868131869, "epoca": "10"}