name,rmse,abs erro,erro comp,r2 score,mape score,alloc missing,alloc surplus,optimal percentage,better allocation,beter percentage,epoca
StackedCNN relu linear10epc,816.9149499692247,6731149.32204895,False,-18.584867999874767,132.11348538133376,197081.57361145018,6534067.7484375,6.63919413919414,5.8493589743589745,13.301282051282051,10
StackedCNN relu linear20epc,404.6933785619581,3232643.4100708007,True,-3.806391669621785,71.91803275574718,162497.48153686526,3070145.9285339355,55.01373626373627,54.75045787545788,61.73305860805861,20
StackedCNN relu linear30epc,431.37851084506724,3464311.6462547304,True,-4.461148356776026,76.13783295620604,133075.5394920349,3331236.1067626956,45.07783882783883,44.53983516483517,51.568223443223445,30
