{"name": "StackedCNN_relu_linear20epc", "rmse": 404.6933785619581, "abs erro": 3232643.4100708007, "erro comp": "True", "r2 score": -3.806391669621785, "mape score": 71.91803275574718, "alloc missing": 162497.48153686526, "alloc surplus": 3070145.9285339355, "optimal percentage": 55.01373626373627, "better allocation": 54.75045787545788, "beter percentage": 61.73305860805861, "epoca": "20"}