{"name": "StackedCNN_relu_linear10epc", "rmse": 816.9149499692247, "abs erro": 6731149.32204895, "erro comp": "False", "r2 score": -18.584867999874767, "mape score": 132.11348538133376, "alloc missing": 197081.57361145018, "alloc surplus": 6534067.7484375, "optimal percentage": 6.63919413919414, "better allocation": 5.8493589743589745, "beter percentage": 13.301282051282051, "epoca": "10"}