name,rmse,abs erro,erro comp,r2 score,mape score,alloc missing,alloc surplus,optimal percentage,better allocation,beter percentage,epoca
StackedCNN softsign linear10epc,465.2249352204765,3792741.0684417724,True,-5.3517431670715085,82.40670159838744,69817.99673461914,3722923.0717071528,35.33653846153847,34.672619047619044,38.79349816849817,10
StackedCNN softsign linear20epc,939.9007656770405,7821236.121813965,False,-24.92572843983446,155.10961167599717,3869.8437255859376,7817366.278088379,6.043956043956044,5.299908424908425,6.387362637362637,20
StackedCNN softsign linear30epc,1112.7039614946707,8936608.013537597,False,-35.33508909055875,178.93654169891474,8185.6040710449215,8928422.409466553,7.989926739926739,7.497710622710622,8.59661172161172,30
