{"name": "StackedCNN_softsign_linear20epc", "rmse": 939.9007656770405, "abs erro": 7821236.121813965, "erro comp": "False", "r2 score": -24.92572843983446, "mape score": 155.10961167599717, "alloc missing": 3869.8437255859376, "alloc surplus": 7817366.278088379, "optimal percentage": 6.043956043956044, "better allocation": 5.299908424908425, "beter percentage": 6.387362637362637, "epoca": "20"}