{"name": "StackedCNN_softsign_linear10epc", "rmse": 465.2249352204765, "abs erro": 3792741.0684417724, "erro comp": "True", "r2 score": -5.3517431670715085, "mape score": 82.40670159838744, "alloc missing": 69817.99673461914, "alloc surplus": 3722923.0717071528, "optimal percentage": 35.33653846153847, "better allocation": 34.672619047619044, "beter percentage": 38.79349816849817, "epoca": "10"}