{"name": "StackedCNN_softsign_linear30epc", "rmse": 1112.7039614946707, "abs erro": 8936608.013537597, "erro comp": "False", "r2 score": -35.33508909055875, "mape score": 178.93654169891474, "alloc missing": 8185.6040710449215, "alloc surplus": 8928422.409466553, "optimal percentage": 7.989926739926739, "better allocation": 7.497710622710622, "beter percentage": 8.59661172161172, "epoca": "30"}