{"loss": [5.002244472503662, 4.8153181076049805, 4.780883312225342, 4.761791706085205, 4.746546745300293, 4.734921455383301, 4.724184036254883, 4.71696662902832, 4.707678318023682, 4.699798583984375, 4.691681385040283, 4.685526371002197, 4.68066930770874, 4.675865650177002, 4.670008659362793, 4.668829917907715, 4.664860725402832, 4.660200595855713, 4.656761169433594, 4.653304100036621, 4.6511030197143555, 4.649135112762451, 4.644109725952148, 4.645106792449951, 4.640399932861328, 4.639016151428223, 4.637324333190918, 4.634698867797852, 4.632224082946777, 4.630900859832764], "reshape_loss": [3.439237117767334, 3.276211738586426, 3.247875213623047, 3.2322208881378174, 3.218931198120117, 3.2087395191192627, 3.1996850967407227, 3.192948579788208, 3.1844470500946045, 3.1773743629455566, 3.1701440811157227, 3.164515972137451, 3.1600563526153564, 3.1552975177764893, 3.1500015258789062, 3.1490318775177, 3.145406484603882, 3.140820026397705, 3.137855291366577, 3.134739398956299, 3.13244366645813, 3.130797863006592, 3.126101016998291, 3.126821756362915, 3.122835636138916, 3.121626615524292, 3.119983673095703, 3.117663860321045, 3.1154942512512207, 3.1142656803131104], "reshape_1_loss": [1.5630085468292236, 1.5391016006469727, 1.5330097675323486, 1.5295722484588623, 1.5276132822036743, 1.5261831283569336, 1.5245099067687988, 1.5240117311477661, 1.5232293605804443, 1.5224311351776123, 1.5215404033660889, 1.521014928817749, 1.5206198692321777, 1.5205703973770142, 1.5200016498565674, 1.5197988748550415, 1.5194568634033203, 1.5193809270858765, 1.5189062356948853, 1.5185647010803223, 1.5186653137207031, 1.5183367729187012, 1.5180127620697021, 1.5182836055755615, 1.5175660848617554, 1.5173892974853516, 1.5173401832580566, 1.517040491104126, 1.5167269706726074, 1.5166351795196533], "reshape_root_mean_squared_error": [203.39663696289062, 199.228759765625, 198.26870727539062, 197.79127502441406, 197.33595275878906, 197.1421356201172, 196.83314514160156, 196.66847229003906, 196.47999572753906, 196.320556640625, 196.0903778076172, 196.0307159423828, 195.91143798828125, 195.8358612060547, 195.73919677734375, 195.7117462158203, 195.58787536621094, 195.56594848632812, 195.5011444091797, 195.4054412841797, 195.3939971923828, 195.37704467773438, 195.2839813232422, 195.25856018066406, 195.2185516357422, 195.15139770507812, 195.1491241455078, 195.08973693847656, 195.0523681640625, 195.0421905517578], "reshape_1_categorical_accuracy": [0.3128643333911896, 0.3260267972946167, 0.32854390144348145, 0.33057260513305664, 0.33080509305000305, 0.33191952109336853, 0.3327440619468689, 0.3328321576118469, 0.3333255350589752, 0.3336081802845001, 0.3340357840061188, 0.33424708247184753, 0.33435800671577454, 0.3340117931365967, 0.3345213532447815, 0.334878146648407, 0.33447062969207764, 0.3346914052963257, 0.3345732092857361, 0.3348865211009979, 0.3349205255508423, 0.3349629044532776, 0.33566978573799133, 0.3353804647922516, 0.33557167649269104, 0.33550310134887695, 0.3357049226760864, 0.33559006452560425, 0.33584317564964294, 0.3359184265136719]}