{"loss": [33242.015625, 20964.482421875, 18831.955078125, 18262.560546875, 17664.439453125, 17539.42578125, 17193.89453125, 16816.06640625, 16607.189453125, 16533.521484375, 16374.7001953125, 15884.8671875, 16028.2724609375, 15874.103515625, 15370.888671875, 13786.8017578125, 13280.59375, 12997.837890625, 12622.1826171875, 12794.759765625, 12527.3994140625, 12510.0888671875, 12524.103515625, 12499.607421875, 12378.6015625, 12557.248046875, 12442.5, 12245.9990234375, 12343.490234375, 12057.0625], "root_mean_squared_error": [182.32394409179688, 144.79122924804688, 137.22952270507812, 135.13905334472656, 132.9075469970703, 132.4364776611328, 131.12554931640625, 129.6768341064453, 128.8688201904297, 128.58279418945312, 127.96377563476562, 126.03527069091797, 126.6028823852539, 125.9925308227539, 123.97937774658203, 117.41724395751953, 115.2414779663086, 114.00817108154297, 112.34846496582031, 113.11392974853516, 111.92593383789062, 111.84859466552734, 111.9111099243164, 111.8017578125, 111.2591781616211, 112.05914306640625, 111.5460433959961, 110.66154479980469, 111.1011962890625, 109.80475616455078]}