{"loss": [8.081962585449219, 7.786412715911865, 7.726839542388916, 7.69287633895874, 7.657914638519287, 7.6398725509643555, 7.6212053298950195, 7.606213092803955, 7.59034538269043, 7.579965114593506, 7.569270133972168, 7.557022571563721, 7.549078941345215, 7.538387775421143, 7.530318737030029, 7.519317150115967, 7.5145440101623535, 7.50707483291626, 7.496332168579102, 7.494439601898193, 7.487651824951172, 7.482410430908203, 7.4756178855896, 7.471131324768066, 7.466283321380615, 7.465470790863037, 7.460683822631836, 7.45327091217041, 7.447461128234863, 7.447315692901611], "reshape_loss": [3.422422409057617, 3.2859113216400146, 3.2576699256896973, 3.2415735721588135, 3.2249624729156494, 3.2164552211761475, 3.207162857055664, 3.1998701095581055, 3.19191575050354, 3.186574697494507, 3.1810593605041504, 3.1750214099884033, 3.1706907749176025, 3.16536283493042, 3.161668300628662, 3.156176805496216, 3.1539385318756104, 3.1502022743225098, 3.144763708114624, 3.143878221511841, 3.1404075622558594, 3.138155460357666, 3.134747266769409, 3.1329143047332764, 3.1301164627075195, 3.1302928924560547, 3.1277294158935547, 3.1246044635772705, 3.1210551261901855, 3.122528076171875], "reshape_1_loss": [1.2343028783798218, 1.2151800394058228, 1.211102843284607, 1.2090067863464355, 1.2071974277496338, 1.2059088945388794, 1.2050822973251343, 1.20433509349823, 1.2036775350570679, 1.2035280466079712, 1.203072428703308, 1.2027969360351562, 1.2025843858718872, 1.2026324272155762, 1.2020829916000366, 1.2018476724624634, 1.201727271080017, 1.2015620470046997, 1.2011473178863525, 1.2010210752487183, 1.2009172439575195, 1.2008215188980103, 1.2004717588424683, 1.200219988822937, 1.1999119520187378, 1.1998199224472046, 1.199742078781128, 1.1993290185928345, 1.1991243362426758, 1.1990667581558228], "reshape_2_loss": [3.425236940383911, 3.28532075881958, 3.258071184158325, 3.242292881011963, 3.225766181945801, 3.217510223388672, 3.2089669704437256, 3.202009439468384, 3.194746494293213, 3.189852237701416, 3.1851325035095215, 3.179213762283325, 3.1758008003234863, 3.1703948974609375, 3.1665687561035156, 3.161295175552368, 3.158886194229126, 3.15531587600708, 3.150418519973755, 3.149541139602661, 3.1463232040405273, 3.1434290409088135, 3.140404462814331, 3.1379902362823486, 3.136258602142334, 3.1353652477264404, 3.1332037448883057, 3.1293270587921143, 3.127281665802002, 3.1257307529449463], "reshape_root_mean_squared_error": [203.2252960205078, 199.36727905273438, 198.45376586914062, 197.94346618652344, 197.43190002441406, 197.16958618164062, 196.90744018554688, 196.68540954589844, 196.4670867919922, 196.29786682128906, 196.1386260986328, 196.04550170898438, 195.9917449951172, 195.8567352294922, 195.73080444335938, 195.65658569335938, 195.61672973632812, 195.5034637451172, 195.47706604003906, 195.4136199951172, 195.39376831054688, 195.34071350097656, 195.21238708496094, 195.18621826171875, 195.1932373046875, 195.1553497314453, 195.22674560546875, 195.0956268310547, 195.0436553955078, 195.01524353027344], "reshape_1_categorical_accuracy": [0.3926887810230255, 0.4088371992111206, 0.41257017850875854, 0.4146028161048889, 0.4158705770969391, 0.41696715354919434, 0.4178909361362457, 0.4188503623008728, 0.4186948239803314, 0.4186346232891083, 0.4191497564315796, 0.4197368025779724, 0.4200880229473114, 0.4198070466518402, 0.4198276698589325, 0.42013317346572876, 0.419933021068573, 0.42037513852119446, 0.42063549160957336, 0.42084622383117676, 0.42126601934432983, 0.42108815908432007, 0.42123255133628845, 0.4217097759246826, 0.4218786954879761, 0.4220264256000519, 0.42185136675834656, 0.4219444692134857, 0.4220888614654541, 0.42213401198387146], "reshape_2_root_mean_squared_error": [203.21035766601562, 199.3063201904297, 198.46258544921875, 197.95445251464844, 197.44825744628906, 197.18499755859375, 196.9248809814453, 196.7552947998047, 196.502685546875, 196.34796142578125, 196.22535705566406, 196.0904083251953, 196.03025817871094, 195.89007568359375, 195.83091735839844, 195.73109436035156, 195.669189453125, 195.6024932861328, 195.5294952392578, 195.5316619873047, 195.5258026123047, 195.41744995117188, 195.2769012451172, 195.29820251464844, 195.2663116455078, 195.23416137695312, 195.2910614013672, 195.2010955810547, 195.13015747070312, 195.11488342285156]}