{"name": "StackedCNN_softplus_softsign", "rmse": 3278.010037305821, "abs erro": 309034117.94431096, "erro comp": "False", "r2 score": -402.3487644931156, "mape score": 0.9997705077070581, "alloc missing": 309034117.94431096, "alloc surplus": 0.0, "optimal percentage": 0.0, "better allocation": 0.0, "beter percentage": 0.0}