{"loss": [34.68819046020508, 34.441978454589844, 34.441436767578125, 34.441200256347656, 34.44122314453125, 34.44119644165039, 34.44118118286133, 34.44119644165039, 34.4411735534668, 34.44117736816406, 34.44120407104492, 34.44114685058594, 34.44121551513672, 34.441162109375, 34.44118881225586, 34.441165924072266, 34.441158294677734, 34.441192626953125, 34.44115447998047, 34.441162109375, 34.44118881225586, 34.441162109375, 34.44115447998047, 34.44116973876953, 34.441200256347656, 34.44118881225586, 34.441219329833984, 34.441184997558594, 34.44113540649414, 34.441162109375], "root_mean_squared_error": [779.4901123046875, 779.4429321289062, 779.4423217773438, 779.4425659179688, 779.4425659179688, 779.4427490234375, 779.4425659179688, 779.4426879882812, 779.4425048828125, 779.442626953125, 779.4430541992188, 779.4425048828125, 779.4421997070312, 779.4425659179688, 779.4425659179688, 779.4425048828125, 779.4425048828125, 779.4425659179688, 779.4427490234375, 779.4426879882812, 779.4425048828125, 779.4428100585938, 779.4423217773438, 779.4427490234375, 779.4428100585938, 779.4425659179688, 779.4426879882812, 779.4423828125, 779.4423217773438, 779.4426879882812]}