name,rmse,abs erro,erro comp,r2 score,mape score,alloc missing,alloc surplus,optimal percentage,better allocation,beter percentage,epoca
StackedCNN softplus selu10epc,789.1222092711026,6433269.361220169,False,-17.27492039282833,132.5126236612227,137451.36809272767,6295817.993127441,8.53937728937729,7.703754578754579,15.350274725274726,10
StackedCNN softplus selu20epc,498.8338729230902,4000055.3186237337,False,-6.3026222049969824,86.82325803524755,167679.5925678253,3832375.726055908,25.48076923076923,24.633699633699635,34.02014652014652,20
StackedCNN softplus selu30epc,287.8582874782372,2249601.9558532713,True,-1.4317808584570315,53.56664399312133,218301.68486328126,2031300.27098999,84.44368131868131,84.44368131868131,91.23168498168498,30
