{"name": "StackedCNN_softplus_selu10epc", "rmse": 789.1222092711026, "abs erro": 6433269.361220169, "erro comp": "False", "r2 score": -17.27492039282833, "mape score": 132.5126236612227, "alloc missing": 137451.36809272767, "alloc surplus": 6295817.993127441, "optimal percentage": 8.53937728937729, "better allocation": 7.703754578754579, "beter percentage": 15.350274725274726, "epoca": "10"}