{"name": "StackedCNN_softplus_selu20epc", "rmse": 498.8338729230902, "abs erro": 4000055.3186237337, "erro comp": "False", "r2 score": -6.3026222049969824, "mape score": 86.82325803524755, "alloc missing": 167679.5925678253, "alloc surplus": 3832375.726055908, "optimal percentage": 25.48076923076923, "better allocation": 24.633699633699635, "beter percentage": 34.02014652014652, "epoca": "20"}