{"name": "StackedCNNmsle", "rmse": 686.7199987735873, "abs erro": 61527232.09350586, "erro comp": "False", "r2 score": -16.701886964416175, "mape score": 0.19741581604930084, "alloc missing": 61527101.30029297, "alloc surplus": 130.793212890625, "optimal percentage": 0.0, "better allocation": 0.0, "beter percentage": 0.0}