{"loss": [0.23341023921966553, 0.046444982290267944, 0.035430822521448135, 0.03187873587012291, 0.030155304819345474, 0.028878821060061455, 0.027869440615177155, 0.02698320336639881, 0.02608690783381462, 0.02549927867949009, 0.025100475177168846, 0.02452385611832142, 0.02408956177532673, 0.023735519498586655, 0.023522276431322098, 0.023257963359355927, 0.023081853985786438, 0.022786805406212807, 0.022769520059227943, 0.022557072341442108, 0.022388244047760963, 0.022274715825915337, 0.022075751796364784, 0.021940894424915314, 0.021769411861896515, 0.021671155467629433, 0.02152932807803154, 0.02147812396287918, 0.021298855543136597, 0.021007100120186806, 0.020966796204447746, 0.020720483735203743, 0.020645391196012497, 0.020661961287260056, 0.02046450413763523, 0.020371632650494576, 0.02025691419839859, 0.020099230110645294, 0.02004566229879856, 0.020128078758716583, 0.02003548853099346, 0.019899165257811546, 0.01996203139424324, 0.01981721632182598, 0.01986262947320938, 0.01982218772172928, 0.019815925508737564, 0.01970525272190571, 0.019797207787632942, 0.01963486336171627, 0.019738534465432167, 0.019594263285398483, 0.019533488899469376, 0.019551577046513557, 0.01949341781437397, 0.019492169842123985, 0.019417619332671165, 0.019420573487877846, 0.019500942900776863, 0.019367054104804993, 0.019350344315171242, 0.01939607970416546, 0.019340045750141144, 0.019347410649061203, 0.019285446032881737, 0.019457345828413963, 0.019282566383481026, 0.019318735226988792, 0.019302763044834137, 0.019290020689368248], "root_mean_squared_error": [261.0843811035156, 181.4413604736328, 156.7194366455078, 154.0179443359375, 157.3057861328125, 156.09608459472656, 152.29376220703125, 151.36936950683594, 148.9474334716797, 147.93399047851562, 146.8612823486328, 143.94053649902344, 140.92173767089844, 138.32342529296875, 134.96295166015625, 132.2265167236328, 130.26254272460938, 128.5032958984375, 129.83444213867188, 127.27584838867188, 127.39366912841797, 126.78704833984375, 127.25757598876953, 125.83958435058594, 125.7183837890625, 125.6546859741211, 125.3615493774414, 126.57034301757812, 124.81439971923828, 123.41680145263672, 124.47362518310547, 123.51699829101562, 123.93013763427734, 125.03271484375, 124.5433120727539, 124.22189331054688, 123.99354553222656, 125.16417694091797, 124.29859924316406, 125.13167572021484, 124.8445816040039, 124.34081268310547, 125.41168975830078, 124.16958618164062, 126.10284423828125, 124.28980255126953, 124.51974487304688, 123.25464630126953, 126.61638641357422, 124.27098846435547, 124.67005157470703, 123.99457550048828, 122.9629135131836, 122.80511474609375, 122.6538314819336, 122.88099670410156, 122.55412292480469, 122.44537353515625, 123.2468032836914, 121.46461486816406, 121.52674102783203, 122.3497314453125, 121.32359313964844, 122.29782104492188, 120.27623748779297, 123.72252655029297, 121.05276489257812, 122.21369171142578, 121.77147674560547, 121.68560791015625]}