{"name": "StackedCNNmsle", "rmse": 995.1620360832306, "abs erro": 92370328.68835449, "erro comp": "False", "r2 score": -36.17472571446806, "mape score": 0.29755470963944924, "alloc missing": 92370328.68835449, "alloc surplus": 0.0, "spain alloc missing": 0.0, "spain alloc surplus": 0.0, "optimal percentage": 0.0, "beter percentage": 0.0}