{"loss": [0.24822264909744263, 0.041176579892635345, 0.034640856087207794, 0.03147471696138382, 0.02958676405251026, 0.02878798544406891, 0.027949851006269455, 0.027019338682293892, 0.026068605482578278, 0.025645209476351738, 0.024955712258815765, 0.02435232140123844, 0.024086806923151016, 0.023718547075986862, 0.023369699716567993, 0.02307809516787529, 0.02278359793126583, 0.022550096735358238, 0.02242489531636238, 0.022269193083047867, 0.022118723019957542, 0.02187846601009369, 0.02177274413406849, 0.02155597135424614, 0.02140253223478794, 0.02135772444307804, 0.02120128832757473, 0.02106240577995777, 0.020882589742541313, 0.020827827975153923, 3.2787344455718994], "root_mean_squared_error": [255.03436279296875, 170.5380859375, 158.77333068847656, 157.90394592285156, 156.34877014160156, 156.18214416503906, 156.53866577148438, 151.97482299804688, 145.45150756835938, 144.994384765625, 138.21656799316406, 133.7186279296875, 132.53086853027344, 131.5968780517578, 131.05206298828125, 128.11463928222656, 127.75286865234375, 125.3027114868164, 126.4300308227539, 125.85359954833984, 124.0503921508789, 124.38192749023438, 123.6556396484375, 122.66159057617188, 120.8942642211914, 121.59565734863281, 120.9883041381836, 121.33377075195312, 120.7679214477539, 121.10370635986328, 199.36944580078125]}