{"name": "StackedCNN_168X_12Y", "rmse": 974.7450109046964, "abs erro": 44922535.10192871, "erro comp": "False", "r2 score": -34.64601536650411, "mape score": 0.28919015074676346, "alloc missing": 44922535.10192871, "alloc surplus": 0.0, "optimal percentage": 0.0, "better allocation": 0.0, "beter percentage": 0.0}