{"loss": [0.21240130066871643, 0.040950167924165726, 0.03387047350406647, 0.03063085302710533, 0.028348704800009727, 0.027325788512825966, 0.026647038757801056, 0.02587834931910038, 0.025359729304909706, 0.024706488475203514, 0.024238483980298042, 0.023622503504157066, 0.023384753614664078, 0.02305099554359913, 0.02294672280550003, 0.02271014079451561, 0.022486234083771706, 0.02236214280128479, 0.02207339182496071, 0.02193569950759411, 0.021819159388542175, 0.021795935928821564, 0.021799135953187943, 0.021525291725993156, 0.021413080394268036, 0.021312827244400978, 0.02127271331846714, 0.021173205226659775, 0.02110356278717518, 0.020902538672089577], "root_mean_squared_error": [265.8730773925781, 172.9088592529297, 156.01718139648438, 152.07476806640625, 149.68112182617188, 150.77822875976562, 149.37794494628906, 147.75570678710938, 147.8192138671875, 145.3660430908203, 143.21212768554688, 139.0183868408203, 139.87203979492188, 136.6264190673828, 136.35401916503906, 132.08262634277344, 129.70489501953125, 128.79049682617188, 126.67475891113281, 125.8375244140625, 125.83503723144531, 125.20150756835938, 126.17298126220703, 123.09691619873047, 122.7934341430664, 122.07594299316406, 123.82291412353516, 122.88882446289062, 123.5047836303711, 122.05575561523438]}