name,rmse,abs erro,erro comp,r2 score,mape score,alloc missing,alloc surplus,optimal percentage,better allocation,beter percentage,epoca
StackedCNN Adafactor10epc,208.46809968593283,1127336.6542081835,True,-0.2753993050541452,4.785760597809396,1025864.9711468696,101471.68306131363,40.476190476190474,40.476190476190474,82.31456043956044,10
StackedCNN Adafactor15epc,209.00212791926126,1128119.148161602,True,-0.2819420002416111,4.524600387855898,1032635.6279186249,95483.52024297715,39.96108058608059,39.96108058608059,82.26877289377289,15
StackedCNN Adafactor20epc,209.21366004336812,1127906.5075018168,True,-0.2845382335358422,4.36773035025256,1035573.6280696152,92332.87943220139,39.56043956043956,39.56043956043956,82.20009157509158,20
StackedCNN Adafactor25epc,208.59032528427593,1125001.097312641,True,-0.2768952858954665,4.392485162166965,1030904.360842371,94096.73647027016,39.65201465201465,39.65201465201465,82.24587912087912,25
StackedCNN Adafactor30epc,209.16495737809223,1127287.0143279317,True,-0.2839402500780277,4.253954655721954,1036653.4715739012,90633.54275403022,39.15979853479853,39.15979853479853,82.23443223443223,30
StackedCNN Adafactor5epc,209.06058759028758,1131847.6453380585,True,-0.282659240676427,4.908970399924275,1029249.2164156913,102598.42892236711,40.52197802197802,40.52197802197802,82.31456043956044,5
