{"name": "StackedCNN_Adafactor15epc", "rmse": 209.00212791926126, "abs erro": 1128119.148161602, "erro comp": "True", "r2 score": -0.2819420002416111, "mape score": 4.524600387855898, "alloc missing": 1032635.6279186249, "alloc surplus": 95483.52024297715, "optimal percentage": 39.96108058608059, "better allocation": 39.96108058608059, "beter percentage": 82.26877289377289, "epoca": "15"}