{"name": "StackedCNN_Adafactor20epc", "rmse": 209.21366004336812, "abs erro": 1127906.5075018168, "erro comp": "True", "r2 score": -0.2845382335358422, "mape score": 4.36773035025256, "alloc missing": 1035573.6280696152, "alloc surplus": 92332.87943220139, "optimal percentage": 39.56043956043956, "better allocation": 39.56043956043956, "beter percentage": 82.20009157509158, "epoca": "20"}