{"name": "StackedCNN_Adafactor25epc", "rmse": 208.59032528427593, "abs erro": 1125001.097312641, "erro comp": "True", "r2 score": -0.2768952858954665, "mape score": 4.392485162166965, "alloc missing": 1030904.360842371, "alloc surplus": 94096.73647027016, "optimal percentage": 39.65201465201465, "better allocation": 39.65201465201465, "beter percentage": 82.24587912087912, "epoca": "25"}