{"name": "StackedCNN_Adafactor10epc", "rmse": 208.46809968593283, "abs erro": 1127336.6542081835, "erro comp": "True", "r2 score": -0.2753993050541452, "mape score": 4.785760597809396, "alloc missing": 1025864.9711468696, "alloc surplus": 101471.68306131363, "optimal percentage": 40.476190476190474, "better allocation": 40.476190476190474, "beter percentage": 82.31456043956044, "epoca": "10"}