{"name": "StackedCNN_Adafactor5epc", "rmse": 209.06058759028758, "abs erro": 1131847.6453380585, "erro comp": "True", "r2 score": -0.282659240676427, "mape score": 4.908970399924275, "alloc missing": 1029249.2164156913, "alloc surplus": 102598.42892236711, "optimal percentage": 40.52197802197802, "better allocation": 40.52197802197802, "beter percentage": 82.31456043956044, "epoca": "5"}