name,rmse,abs erro,erro comp,r2 score,mape score,alloc missing,alloc surplus,optimal percentage,better allocation,beter percentage,epoca
StackedCNN 48X 8Y10epc,970.0623529991534,8235982.755651855,False,-26.65330612865769,163.85647941208518,3164.669799804687,8232818.085852051,3.760162601626017,3.071364046973803,4.031165311653116,10
StackedCNN 48X 8Y20epc,504.3551194488055,4217895.36609497,False,-6.475162317845382,90.91611162727506,35060.232360839844,4182835.1337341308,24.311201445347788,23.362691960252935,26.580849141824753,20
StackedCNN 48X 8Y30epc,425.7635777765582,3528446.380163574,True,-4.327025477631974,78.29106867650283,63798.09078979493,3464648.289373779,35.0609756097561,34.73351400180669,38.866305329719964,30
