{"name": "StackedCNN_48X_8Y10epc", "rmse": 970.0623529991534, "abs erro": 8235982.755651855, "erro comp": "False", "r2 score": -26.65330612865769, "mape score": 163.85647941208518, "alloc missing": 3164.669799804687, "alloc surplus": 8232818.085852051, "optimal percentage": 3.760162601626017, "better allocation": 3.071364046973803, "beter percentage": 4.031165311653116, "epoca": "10"}