{"name": "StackedCNN_48X_8Y20epc", "rmse": 504.3551194488055, "abs erro": 4217895.36609497, "erro comp": "False", "r2 score": -6.475162317845382, "mape score": 90.91611162727506, "alloc missing": 35060.232360839844, "alloc surplus": 4182835.1337341308, "optimal percentage": 24.311201445347788, "better allocation": 23.362691960252935, "beter percentage": 26.580849141824753, "epoca": "20"}