{"name": "StackedCNN_48X_8Y30epc", "rmse": 425.7635777765582, "abs erro": 3528446.380163574, "erro comp": "True", "r2 score": -4.327025477631974, "mape score": 78.29106867650283, "alloc missing": 63798.09078979493, "alloc surplus": 3464648.289373779, "optimal percentage": 35.0609756097561, "better allocation": 34.73351400180669, "beter percentage": 38.866305329719964, "epoca": "30"}