{"loss": [33.73902130126953, 33.73458480834961, 33.43708419799805, 33.381263732910156, 33.38135528564453, 33.38134002685547, 33.38136672973633, 33.38134765625, 33.38136672973633, 33.38130187988281, 33.38132858276367, 33.38133239746094, 33.38136672973633, 33.381351470947266, 33.381317138671875, 33.381385803222656, 33.38135528564453, 33.38132095336914, 33.3813591003418, 33.38140869140625, 33.38132095336914, 33.381370544433594, 33.38135528564453, 33.38137435913086, 33.38134765625, 33.381290435791016, 33.38134765625, 33.381317138671875, 33.38132858276367, 33.38138961791992], "root_mean_squared_error": [779.296875, 779.2966918945312, 779.2344360351562, 779.2229614257812, 779.2232666015625, 779.2229614257812, 779.2233276367188, 779.2228393554688, 779.222900390625, 779.2230224609375, 779.223388671875, 779.2234497070312, 779.2232666015625, 779.223388671875, 779.22314453125, 779.2227172851562, 779.2232055664062, 779.22314453125, 779.2229614257812, 779.2232666015625, 779.2238159179688, 779.222900390625, 779.22314453125, 779.223388671875, 779.2229614257812, 779.2232666015625, 779.2236328125, 779.22314453125, 779.2228393554688, 779.223388671875]}