{"name": "VanillaCNN", "rmse": 188.20773206389592, "abs erro": 1056285.8991526724, "erro comp": "True", "r2 score": -0.039541624542662746, "mape score": 7.663517131394136, "alloc missing": 841944.5734275043, "alloc surplus": 214341.325725168, "spain alloc missing": 57465.00000000001, "spain alloc surplus": 3831902.4000000004, "optimal percentage": 0.47802197802197804, "beter percentage": 0.00011446886446886447}