{"loss": [0.5540415644645691, 0.06837011128664017, 0.06191946193575859, 0.056702882051467896, 0.051341261714696884, 0.049073848873376846, 0.04634776711463928, 0.043029651045799255, 0.03934057801961899, 0.03565419465303421, 0.032359302043914795, 0.030614102259278297, 0.02995999902486801, 0.029312854632735252, 0.029135234653949738, 0.028849726542830467, 0.028660021722316742, 0.02850930020213127, 0.028393976390361786, 0.028390897437930107, 0.028402984142303467, 0.028279434889554977, 0.02816006727516651, 0.028197642415761948, 0.028141869232058525, 0.028201522305607796, 0.028061186894774437, 0.028126288205385208, 0.0280387494713068, 0.0279814712703228], "root_mean_squared_error": [329.3977966308594, 222.83273315429688, 199.08224487304688, 189.33575439453125, 187.60736083984375, 189.40638732910156, 187.4044647216797, 182.0889129638672, 175.203125, 171.02783203125, 167.8575897216797, 167.60826110839844, 170.04644775390625, 165.15994262695312, 164.93414306640625, 162.3810272216797, 163.0175018310547, 161.79713439941406, 161.65896606445312, 162.73684692382812, 163.05003356933594, 160.05859375, 160.56744384765625, 161.549560546875, 159.42396545410156, 161.3634490966797, 159.05738830566406, 160.3211669921875, 158.99514770507812, 160.053955078125]}