name,rmse,abs erro,erro comp,r2 score,mape score,alloc missing,alloc surplus,optimal percentage,better allocation,beter percentage,epoca
StackedCNN elu softplus10epc,487.9485328177504,3999401.450750733,False,-5.987390158695536,88.83121221060397,45515.20361328125,3953886.247137451,27.24358974358974,26.54532967032967,29.956501831501832,10
StackedCNN elu softplus20epc,477.11315036446535,3855223.712396241,True,-5.6805117886970615,88.0229076837112,57573.34011230468,3797650.3722839355,38.57600732600733,38.06089743589743,41.163003663003664,20
StackedCNN elu softplus30epc,479.9754474488547,3896926.032324219,False,-5.7609076720526815,88.03544949400083,51115.58581542968,3845810.446508789,33.722527472527474,33.12728937728938,36.446886446886445,30
