{"name": "StackedCNN_elu_softplus10epc", "rmse": 487.9485328177504, "abs erro": 3999401.450750733, "erro comp": "False", "r2 score": -5.987390158695536, "mape score": 88.83121221060397, "alloc missing": 45515.20361328125, "alloc surplus": 3953886.247137451, "optimal percentage": 27.24358974358974, "better allocation": 26.54532967032967, "beter percentage": 29.956501831501832, "epoca": "10"}