{"name": "StackedCNN_elu_softplus20epc", "rmse": 477.11315036446535, "abs erro": 3855223.712396241, "erro comp": "True", "r2 score": -5.6805117886970615, "mape score": 88.0229076837112, "alloc missing": 57573.34011230468, "alloc surplus": 3797650.3722839355, "optimal percentage": 38.57600732600733, "better allocation": 38.06089743589743, "beter percentage": 41.163003663003664, "epoca": "20"}