{"loss": [13.53917407989502, 13.507525444030762, 13.507463455200195, 13.507439613342285, 13.507436752319336, 13.507441520690918, 13.507428169250488, 13.507438659667969, 13.50743293762207, 13.50742244720459, 13.507439613342285, 13.507426261901855, 13.50743293762207, 13.507436752319336, 13.507431983947754, 13.50741958618164, 13.50743579864502, 13.507428169250488, 13.50743293762207, 13.507428169250488, 13.507426261901855, 13.507427215576172, 13.5074462890625, 13.507430076599121, 13.507438659667969, 13.507424354553223, 13.507415771484375, 13.50742244720459, 13.507433891296387, 13.507441520690918], "root_mean_squared_error": [236.72166442871094, 236.71392822265625, 236.71405029296875, 236.71377563476562, 236.7138671875, 236.71376037597656, 236.71389770507812, 236.7139129638672, 236.7139129638672, 236.71376037597656, 236.71383666992188, 236.71377563476562, 236.71377563476562, 236.7139434814453, 236.71368408203125, 236.71380615234375, 236.7138214111328, 236.7137908935547, 236.71383666992188, 236.7137451171875, 236.71383666992188, 236.71385192871094, 236.7136993408203, 236.71380615234375, 236.71389770507812, 236.71377563476562, 236.71388244628906, 236.71395874023438, 236.71376037597656, 236.71392822265625]}