name,rmse,abs erro,erro comp,r2 score,mape score,alloc missing,alloc surplus,optimal percentage,better allocation,beter percentage,epoca
StackedCNN softplus softplus10epc,533.8669235102897,4413919.892456055,False,-7.364365260380849,95.41968791685501,30821.309155273437,4383098.583300781,19.276556776556777,18.303571428571427,21.4514652014652,10
StackedCNN softplus softplus20epc,396.01257052484135,3213823.1065734867,True,-3.602405760356863,73.33504295113563,82393.99884033203,3131429.1077331547,67.13598901098901,67.04441391941391,69.89468864468864,20
StackedCNN softplus softplus30epc,393.20197810240785,3191326.780786133,True,-3.537308919246275,72.86768828939815,84140.15972290038,3107186.6210632324,69.21932234432234,69.15064102564102,71.84065934065934,30
