{"name": "StackedCNN_softplus_softplus10epc", "rmse": 533.8669235102897, "abs erro": 4413919.892456055, "erro comp": "False", "r2 score": -7.364365260380849, "mape score": 95.41968791685501, "alloc missing": 30821.309155273437, "alloc surplus": 4383098.583300781, "optimal percentage": 19.276556776556777, "better allocation": 18.303571428571427, "beter percentage": 21.4514652014652, "epoca": "10"}