{"name": "StackedCNN_softplus_softplus20epc", "rmse": 396.01257052484135, "abs erro": 3213823.1065734867, "erro comp": "True", "r2 score": -3.602405760356863, "mape score": 73.33504295113563, "alloc missing": 82393.99884033203, "alloc surplus": 3131429.1077331547, "optimal percentage": 67.13598901098901, "better allocation": 67.04441391941391, "beter percentage": 69.89468864468864, "epoca": "20"}