{"name": "StackedCNN_168X_12Y", "rmse": 404.20456787217324, "abs erro": 3219562.528552246, "erro comp": "True", "r2 score": -3.7947878387920753, "mape score": 70.85337745845762, "alloc missing": 90454.58035888673, "alloc surplus": 3129107.948193359, "optimal percentage": 67.742673992674, "better allocation": 67.29624542124543, "beter percentage": 71.00503663003663}