{"name": "ARIMA", "rmse": 152.29425920488586, "Absolute Error": 972800.8066967905, "r2 score": 0.16530104568836912, "mape score": 7.81360976563718, "alloc_missing": 492356.63669496734, "alloc_surplus": 480444.1700018232, "spain_alloc_missing": 492356.63669496734, "spain_alloc_surplus": 492356.63669496734, "optimal_percentage": 0.626855446448961}