{"name": "ARIMA", "rmse": 170.1263714194908, "abs erro": 1111215.1220342275, "erro comp": "True", "r2 score": 0.15009341145199373, "mape score": 16.51911363379068, "alloc missing": 556281.6213216331, "alloc surplus": 554933.5007125944, "optimal percentage": 64.0296803652968, "better allocation": 64.0296803652968, "beter percentage": 87.00913242009133}