{"name": "ARMA", "rmse": 151.94665387555224, "Absolute Error": 969784.2535675017, "r2 score": 0.16910702870491778, "mape score": 7.810321889429782, "alloc_missing": 488633.89448637876, "alloc_surplus": 481150.35908112285, "spain_alloc_missing": 488633.89448637876, "spain_alloc_surplus": 488633.89448637876, "optimal_percentage": 0.6259419958894725}