{"name": "ARMA", "rmse": 169.9856831688684, "abs erro": 1108555.941522188, "erro comp": "True", "r2 score": 0.1514985131933484, "mape score": 16.363190886740796, "alloc missing": 554443.3388845773, "alloc surplus": 554112.6026376109, "optimal percentage": 64.04109589041096, "better allocation": 64.04109589041096, "beter percentage": 87.1689497716895}