{"name": "MA", "rmse": 152.78043575236313, "Absolute Error": 977778.2200539254, "r2 score": 0.1599632371152423, "mape score": 8.109899483484307, "alloc_missing": 495862.6344509677, "alloc_surplus": 481915.58560295764, "spain_alloc_missing": 495862.6344509677, "spain_alloc_surplus": 495862.6344509677, "optimal_percentage": 0.6240009134505595}