{"name": "MA", "rmse": 171.14303678326198, "abs erro": 1123214.128970773, "erro comp": "True", "r2 score": 0.13990507437356647, "mape score": 17.03785972785292, "alloc missing": 560507.0190077865, "alloc surplus": 562707.1099629863, "optimal percentage": 63.789954337899545, "better allocation": 63.789954337899545, "beter percentage": 86.837899543379}