{"name": "SARIMA", "rmse": 171.8774995207213, "abs erro": 1115725.3598563138, "erro comp": "True", "r2 score": 0.1325070151055988, "mape score": 16.43318260644525, "alloc missing": 568538.034633457, "alloc surplus": 547187.3252228567, "optimal percentage": 63.44748858447489, "better allocation": 63.44748858447489, "beter percentage": 86.91780821917808}