{"name": "VAR model", "rmse": 184.60055236666938, "abs erro": 1253196.0247367613, "erro comp": "True", "r2 score": -0.0006769819153029655, "mape score": 21.62920967817895, "alloc missing": 619929.7928523012, "alloc surplus": 633266.2318844602, "optimal percentage": 64.81735159817352, "better allocation": 64.81735159817352, "beter percentage": 86.0730593607306}