{"loss": [4.720663070678711, 4.491716384887695, 4.461138725280762, 4.442287921905518, 4.427724838256836, 4.4166412353515625, 4.405342102050781, 4.397308349609375, 4.388930320739746, 4.381646156311035, 4.376270294189453, 4.369913578033447, 4.3640031814575195, 4.359175205230713, 4.35516881942749, 4.349539756774902, 4.344979286193848, 4.339193820953369, 4.3372392654418945, 4.332015037536621, 4.3287224769592285, 4.324702262878418, 4.321077823638916, 4.317571640014648, 4.317115306854248, 4.313205242156982, 4.312424659729004, 4.309194564819336, 4.307267189025879, 4.303025245666504], "reshape_loss": [3.486743688583374, 3.2801098823547363, 3.2534193992614746, 3.2368154525756836, 3.2238664627075195, 3.2136547565460205, 3.203214645385742, 3.1959686279296875, 3.1882104873657227, 3.18137526512146, 3.1764795780181885, 3.17071270942688, 3.165148973464966, 3.160313844680786, 3.156755208969116, 3.1511471271514893, 3.1470634937286377, 3.141507148742676, 3.1397013664245605, 3.134852886199951, 3.131679058074951, 3.127873420715332, 3.1242799758911133, 3.1213629245758057, 3.1207003593444824, 3.1171047687530518, 3.116340398788452, 3.1132760047912598, 3.1113533973693848, 3.107361316680908], "reshape_1_loss": [1.233911156654358, 1.211612582206726, 1.2077189683914185, 1.2054719924926758, 1.2038582563400269, 1.2029811143875122, 1.2021265029907227, 1.201342225074768, 1.2007216215133667, 1.2002776861190796, 1.1997954845428467, 1.1992013454437256, 1.1988520622253418, 1.1988587379455566, 1.1984097957611084, 1.1983851194381714, 1.1979209184646606, 1.1976865530014038, 1.1975412368774414, 1.1971584558486938, 1.1970385313034058, 1.1968284845352173, 1.1968014240264893, 1.1962050199508667, 1.1964117288589478, 1.196101427078247, 1.1960865259170532, 1.1959168910980225, 1.1959176063537598, 1.1956586837768555], "reshape_root_mean_squared_error": [203.7405548095703, 199.4378662109375, 198.4366912841797, 197.88121032714844, 197.49951171875, 197.20950317382812, 196.92138671875, 196.74114990234375, 196.53964233398438, 196.4010009765625, 196.1899871826172, 196.1665496826172, 196.0194854736328, 195.982177734375, 195.82864379882812, 195.7716522216797, 195.6642608642578, 195.52783203125, 195.48016357421875, 195.412841796875, 195.31822204589844, 195.29551696777344, 195.20785522460938, 195.18333435058594, 195.17506408691406, 195.11509704589844, 195.10513305664062, 195.13160705566406, 195.04833984375, 194.98831176757812], "reshape_1_categorical_accuracy": [0.3919612467288971, 0.4114657938480377, 0.4152667820453644, 0.41705968976020813, 0.41832074522972107, 0.4190739393234253, 0.4197629988193512, 0.42085179686546326, 0.42095381021499634, 0.42129889130592346, 0.42188259959220886, 0.42178893089294434, 0.42200523614883423, 0.4221256673336029, 0.42215409874916077, 0.4224161207675934, 0.42288944125175476, 0.42277792096138, 0.422467976808548, 0.42329028248786926, 0.4229769706726074, 0.423753559589386, 0.42324233055114746, 0.4237663745880127, 0.4231821298599243, 0.4237000346183777, 0.42373794317245483, 0.4233839213848114, 0.42410311102867126, 0.4235260784626007]}