name,rmse,abs erro,erro comp,r2 score,mape score,alloc missing,alloc surplus,optimal percentage,better allocation,beter percentage,epoca
StackedCNN 98X 24Y10epc,1250.5550460162124,10578391.894152833,False,-45.01460720027461,208.6918801251487,652.7185180664062,10577739.175634768,1.2636612021857925,0.7855191256830601,1.3205828779599271,10
StackedCNN 98X 24Y20epc,1341.236152007107,11453956.6107666,False,-51.92984170433383,220.690052783855,159.45930175781245,11453797.151464844,0.2163023679417122,0.03415300546448088,0.23907103825136614,20
StackedCNN 98X 24Y30epc,1167.213077944875,9770108.132873537,False,-39.08578409800083,191.5405349924239,1578.7314941406253,9768529.401379395,2.2540983606557377,1.8328779599271403,2.413479052823315,30
