{"name": "StackedCNN_98X_24Y10epc", "rmse": 1250.5550460162124, "abs erro": 10578391.894152833, "erro comp": "False", "r2 score": -45.01460720027461, "mape score": 208.6918801251487, "alloc missing": 652.7185180664062, "alloc surplus": 10577739.175634768, "optimal percentage": 1.2636612021857925, "better allocation": 0.7855191256830601, "beter percentage": 1.3205828779599271, "epoca": "10"}