{"name": "StackedCNN_98X_24Y20epc", "rmse": 1341.236152007107, "abs erro": 11453956.6107666, "erro comp": "False", "r2 score": -51.92984170433383, "mape score": 220.690052783855, "alloc missing": 159.45930175781245, "alloc surplus": 11453797.151464844, "optimal percentage": 0.2163023679417122, "better allocation": 0.03415300546448088, "beter percentage": 0.23907103825136614, "epoca": "20"}