{"name": "VanillaCNNmsde", "rmse": 796.0263038848502, "abs erro": 6765714.265100098, "erro comp": "False", "r2 score": -17.596096812804788, "mape score": 136.09061958119617, "alloc missing": 3529.9945922851566, "alloc surplus": 6762184.270507812, "optimal percentage": 3.456959706959707, "better allocation": 2.6327838827838828, "beter percentage": 3.83470695970696}