{"loss": [0.9592761993408203, 0.9568396210670471, 0.9559502601623535, 0.9553345441818237, 0.9549040198326111, 0.9545972347259521, 0.954238772392273, 0.9541680216789246, 0.9539414048194885, 0.9538159370422363, 0.9536997079849243, 0.9536087512969971, 0.9535327553749084, 0.9532963037490845, 0.9533732533454895, 0.9532836675643921, 0.9532747864723206, 0.9531309604644775, 0.9530938267707825, 0.9531169533729553, 0.9530548453330994, 0.9529331922531128, 0.952833890914917, 0.9528380632400513, 0.9528627395629883, 0.9528970122337341, 0.952803909778595, 0.9526817798614502, 0.9526830315589905, 0.9525743126869202], "root_mean_squared_error": [229.01950073242188, 228.16334533691406, 227.8824005126953, 227.7367706298828, 227.5990447998047, 227.51968383789062, 227.39141845703125, 227.3231658935547, 227.27748107910156, 227.2529296875, 227.19793701171875, 227.17477416992188, 227.1507568359375, 227.05142211914062, 227.11561584472656, 227.0697479248047, 227.06663513183594, 227.01327514648438, 226.98484802246094, 226.99984741210938, 226.97547912597656, 226.9795684814453, 226.96859741210938, 226.93008422851562, 226.91445922851562, 226.93936157226562, 226.9334259033203, 226.87542724609375, 226.8958740234375, 226.87457275390625]}