{"name": "StackedCNNmape", "rmse": 204.56226051207017, "abs erro": 12561367.84667621, "erro comp": "True", "r2 score": -0.6273266420740191, "mape score": 1.1089352341094412, "alloc missing": 12327830.404996421, "alloc surplus": 233537.44167978765, "spain alloc missing": 0.0, "spain alloc surplus": 294440672.50000006, "optimal percentage": 14.036147131112806, "better allocation": 14.036147131112806, "beter percentage": 99.97457411645054}