{"loss": [134.67332458496094, 16021188.0, 186.90342712402344, 154.68450927734375, 148.90286254882812, 197.8870086669922, 148.1501922607422, 146.5320587158203], "root_mean_squared_error": [305.6813049316406, 1832815488.0, 6480.46923828125, 1891.5906982421875, 1653.1553955078125, 10616.7626953125, 1912.218017578125, 2195.292236328125]}