{"loss": [33.38946533203125, 33.38135528564453, 33.38136291503906, 33.38136291503906, 33.38130187988281, 33.38132858276367, 33.38134765625, 33.38135528564453, 33.38132095336914, 33.381412506103516, 33.38132858276367, 33.38135528564453, 33.38134765625, 33.38134765625, 33.38136672973633, 33.381351470947266, 33.38132858276367, 33.38135528564453, 33.38135528564453, 33.381370544433594, 33.3813591003418, 33.38133239746094, 33.381309509277344, 33.38133239746094, 33.3813591003418, 33.38131332397461, 33.38135528564453, 33.381370544433594, 33.38133239746094, 33.38135528564453], "root_mean_squared_error": [779.2247314453125, 779.2230224609375, 779.22314453125, 779.2232666015625, 779.2236328125, 779.2235107421875, 779.2235107421875, 779.223388671875, 779.2234497070312, 779.22314453125, 779.2232666015625, 779.22314453125, 779.2232666015625, 779.2236328125, 779.2236328125, 779.2233276367188, 779.222900390625, 779.223388671875, 779.223388671875, 779.2235107421875, 779.2235107421875, 779.22314453125, 779.2232666015625, 779.2235717773438, 779.2232666015625, 779.2232055664062, 779.2233276367188, 779.2237548828125, 779.2233276367188, 779.22314453125]}