name,rmse,abs erro,erro comp,r2 score,mape score,alloc missing,alloc surplus,optimal percentage,better allocation,beter percentage,epoca
VanillaCNNmape10epc,229.80965891363326,1233527.8617820174,True,-0.5498994252322613,1.108027422338748,1225545.0338204624,7982.827961555123,20.16941391941392,20.16941391941392,80.87225274725274,10
VanillaCNNmape20epc,227.74076259711825,1215563.5440334051,True,-0.5221186316831763,1.1124568030849762,1206675.2585677297,8888.285465675594,20.375457875457876,20.375457875457876,81.06684981684981,20
VanillaCNNmape30epc,226.99784981358053,1207493.692144823,True,-0.5122042273934335,1.0530885148490574,1199008.5462035178,8485.14594130516,20.65018315018315,20.65018315018315,81.18131868131869,30
