{"name": "VanillaCNNmape10epc", "rmse": 229.80965891363326, "abs erro": 1233527.8617820174, "erro comp": "True", "r2 score": -0.5498994252322613, "mape score": 1.108027422338748, "alloc missing": 1225545.0338204624, "alloc surplus": 7982.827961555123, "optimal percentage": 20.16941391941392, "better allocation": 20.16941391941392, "beter percentage": 80.87225274725274, "epoca": "10"}