{"name": "VanillaCNNmape20epc", "rmse": 227.74076259711825, "abs erro": 1215563.5440334051, "erro comp": "True", "r2 score": -0.5221186316831763, "mape score": 1.1124568030849762, "alloc missing": 1206675.2585677297, "alloc surplus": 8888.285465675594, "optimal percentage": 20.375457875457876, "better allocation": 20.375457875457876, "beter percentage": 81.06684981684981, "epoca": "20"}