name,rmse,abs erro,erro comp,r2 score,mape score,alloc missing,alloc surplus,optimal percentage,better allocation,beter percentage,epoca
StackedCNN tanh exponential10epc,194.47298044608556,1273896.9125320434,True,-0.1099042162687871,20.98609982886867,681325.6316551208,592571.2808769227,60.89743589743589,60.89743589743589,85.4739010989011,10
StackedCNN tanh exponential20epc,202.15371092865638,1091405.3583013534,True,-0.1993070787089235,4.8225560540448535,976448.2987388611,114957.05956249237,41.86126373626374,41.86126373626374,82.84111721611723,20
StackedCNN tanh exponential30epc,202.15371092865638,1091405.3583013534,True,-0.1993070787089235,4.8225560540448535,976448.2987388611,114957.05956249237,41.86126373626374,41.86126373626374,82.84111721611723,30
