{"name": "StackedCNN_tanh_exponential30epc", "rmse": 202.15371092865638, "abs erro": 1091405.3583013534, "erro comp": "True", "r2 score": -0.1993070787089235, "mape score": 4.8225560540448535, "alloc missing": 976448.2987388611, "alloc surplus": 114957.05956249237, "optimal percentage": 41.86126373626374, "better allocation": 41.86126373626374, "beter percentage": 82.84111721611723, "epoca": "30"}