{"name": "StackedCNN_tanh_exponential10epc", "rmse": 194.47298044608556, "abs erro": 1273896.9125320434, "erro comp": "True", "r2 score": -0.1099042162687871, "mape score": 20.98609982886867, "alloc missing": 681325.6316551208, "alloc surplus": 592571.2808769227, "optimal percentage": 60.89743589743589, "better allocation": 60.89743589743589, "beter percentage": 85.4739010989011, "epoca": "10"}