{"name": "UNETmse15epc", "rmse": 177.74690371813693, "abs erro": 1163295.8717689516, "erro comp": "True", "r2 score": 0.07280506753331262, "mape score": 18.24860134909579, "alloc missing": 603434.9515998841, "alloc surplus": 559860.9201690675, "optimal percentage": 63.61034798534798, "better allocation": 63.61034798534798, "beter percentage": 86.20650183150184, "epoca": "15"}