{"name": "UNETmse7epc", "rmse": 179.56480196086093, "abs erro": 1207984.0984458923, "erro comp": "True", "r2 score": 0.053742395553573186, "mape score": 20.337297503657304, "alloc missing": 573776.6535423279, "alloc surplus": 634207.4449035645, "optimal percentage": 65.76236263736264, "better allocation": 65.76236263736264, "beter percentage": 86.82463369963371, "epoca": "7"}