{"name": "UNETmse1epc", "rmse": 181.7176724945258, "abs erro": 1205880.8204742433, "erro comp": "True", "r2 score": 0.030916292729789463, "mape score": 19.918317584728165, "alloc missing": 610896.8867584228, "alloc surplus": 594983.9337158203, "optimal percentage": 64.29716117216118, "better allocation": 64.29716117216118, "beter percentage": 86.34386446886447, "epoca": "1"}