{"name": "UNETmse20epc", "rmse": 177.73660255734785, "abs erro": 1161400.1788780212, "erro comp": "True", "r2 score": 0.07291253390394703, "mape score": 18.182070776055813, "alloc missing": 611981.7740043639, "alloc surplus": 549418.4048736572, "optimal percentage": 63.30128205128205, "better allocation": 63.30128205128205, "beter percentage": 86.16071428571429, "epoca": "20"}