{"name": "UNETmse27epc", "rmse": 177.0848856159502, "abs erro": 1153193.8080623627, "erro comp": "True", "r2 score": 0.07969887812771093, "mape score": 17.767301549359473, "alloc missing": 608312.5152370452, "alloc surplus": 544881.2928253174, "optimal percentage": 63.27838827838828, "better allocation": 63.27838827838828, "beter percentage": 86.30952380952381, "epoca": "27"}