{"name": "UNETmse11epc", "rmse": 178.57301002555442, "abs erro": 1156713.0049301148, "erro comp": "True", "r2 score": 0.06416647492223337, "mape score": 17.650093472741784, "alloc missing": 627953.0049682617, "alloc surplus": 528759.999961853, "optimal percentage": 62.648809523809526, "better allocation": 62.648809523809526, "beter percentage": 86.10347985347985, "epoca": "11"}