{"name": "UNETmse8epc", "rmse": 180.02024554873574, "abs erro": 1142243.5819488524, "erro comp": "True", "r2 score": 0.0489361807440305, "mape score": 16.53442800403176, "alloc missing": 665524.073678589, "alloc surplus": 476719.5082702637, "optimal percentage": 60.5540293040293, "better allocation": 60.5540293040293, "beter percentage": 85.6456043956044, "epoca": "8"}