{"name": "UNETmse24epc", "rmse": 178.71355041091937, "abs erro": 1173706.5587158203, "erro comp": "True", "r2 score": 0.062692857385508, "mape score": 18.53973925315236, "alloc missing": 597902.4641426087, "alloc surplus": 575804.0945732116, "optimal percentage": 64.04532967032966, "better allocation": 64.04532967032966, "beter percentage": 86.36675824175825, "epoca": "24"}