{"name": "UNETmse6epc", "rmse": 180.6137131576862, "abs erro": 1183270.2911087037, "erro comp": "True", "r2 score": 0.04265515460844116, "mape score": 18.792728339649933, "alloc missing": 618356.4581962586, "alloc surplus": 564913.8329124451, "optimal percentage": 63.46153846153846, "better allocation": 63.46153846153846, "beter percentage": 86.20650183150184, "epoca": "6"}