{"name": "UNETmse5epc", "rmse": 180.5759308378146, "abs erro": 1215844.1314857486, "erro comp": "True", "r2 score": 0.04305564386581451, "mape score": 20.534497670293796, "alloc missing": 577980.0477554322, "alloc surplus": 637864.0837303161, "optimal percentage": 65.56776556776556, "better allocation": 65.56776556776556, "beter percentage": 86.79029304029304, "epoca": "5"}