{"name": "UNETmse9epc", "rmse": 178.73958587772745, "abs erro": 1173863.9886749268, "erro comp": "True", "r2 score": 0.062419738682330195, "mape score": 18.65724557426716, "alloc missing": 616319.7144424438, "alloc surplus": 557544.274232483, "optimal percentage": 63.46153846153846, "better allocation": 63.46153846153846, "beter percentage": 86.19505494505495, "epoca": "9"}