{"name": "UNETmse3epc", "rmse": 181.30583056411388, "abs erro": 1209418.4993774414, "erro comp": "True", "r2 score": 0.03530394564096184, "mape score": 20.207474739136895, "alloc missing": 595484.1935256957, "alloc surplus": 613934.3058517457, "optimal percentage": 64.74358974358975, "better allocation": 64.74358974358975, "beter percentage": 86.58424908424908, "epoca": "3"}