{"name": "UNETmse26epc", "rmse": 178.16325224150236, "abs erro": 1167460.0771099092, "erro comp": "True", "r2 score": 0.06845631824720999, "mape score": 18.343636482107925, "alloc missing": 611407.4484535218, "alloc surplus": 556052.6286563873, "optimal percentage": 63.56456043956044, "better allocation": 63.56456043956044, "beter percentage": 86.29807692307693, "epoca": "26"}