{"name": "UNETmse21epc", "rmse": 177.794530099344, "abs erro": 1146116.5270652773, "erro comp": "True", "r2 score": 0.07230812660815489, "mape score": 17.19486002174224, "alloc missing": 628155.6798675538, "alloc surplus": 517960.84719772334, "optimal percentage": 62.22527472527473, "better allocation": 62.22527472527473, "beter percentage": 86.01190476190477, "epoca": "21"}