{"name": "UNETmse10epc", "rmse": 181.10869356304556, "abs erro": 1236465.0373329162, "erro comp": "True", "r2 score": 0.03740066690979149, "mape score": 21.577851373137342, "alloc missing": 533833.28931427, "alloc surplus": 702631.7480186463, "optimal percentage": 67.4793956043956, "better allocation": 67.4793956043956, "beter percentage": 87.20238095238095, "epoca": "10"}