{"name": "UNETmse16epc", "rmse": 180.29599943814813, "abs erro": 1161331.9813835144, "erro comp": "True", "r2 score": 0.04602028192155494, "mape score": 17.604770365999364, "alloc missing": 618412.0958503723, "alloc surplus": 542919.8855331421, "optimal percentage": 62.46565934065934, "better allocation": 62.45421245421245, "beter percentage": 86.03479853479854, "epoca": "16"}