{"name": "UNETmse2epc", "rmse": 182.4549296228904, "abs erro": 1171995.7355949401, "erro comp": "True", "r2 score": 0.023036891597361886, "mape score": 17.6766581195204, "alloc missing": 655068.4827980042, "alloc surplus": 516927.252796936, "optimal percentage": 61.744505494505496, "better allocation": 61.744505494505496, "beter percentage": 85.73717948717949, "epoca": "2"}