{"name": "UNETmse22epc", "rmse": 178.11701944407903, "abs erro": 1145540.814743805, "erro comp": "True", "r2 score": 0.06893972076484445, "mape score": 16.80749597890989, "alloc missing": 629273.4770767213, "alloc surplus": 516267.3376670837, "optimal percentage": 61.88186813186813, "better allocation": 61.88186813186813, "beter percentage": 86.12637362637363, "epoca": "22"}