{"name": "UNETmse14epc", "rmse": 179.13010653182528, "abs erro": 1140330.0496665956, "erro comp": "True", "r2 score": 0.05831830315552278, "mape score": 16.54725943951912, "alloc missing": 654052.1484931946, "alloc surplus": 486277.90117340087, "optimal percentage": 61.1492673992674, "better allocation": 61.1492673992674, "beter percentage": 85.76007326007326, "epoca": "14"}