{"name": "UNETmse29epc", "rmse": 184.42040638275643, "abs erro": 1215620.8786052228, "erro comp": "True", "r2 score": 0.001875053361542256, "mape score": 20.032843233762534, "alloc missing": 562359.1594880581, "alloc surplus": 653261.7191171646, "optimal percentage": 65.10989010989012, "better allocation": 65.08699633699634, "beter percentage": 86.492673992674, "epoca": "29"}