{"name": "UNETmse12epc", "rmse": 178.87539297315712, "abs erro": 1175602.0312187194, "erro comp": "True", "r2 score": 0.06099444249678698, "mape score": 18.68576980142439, "alloc missing": 614074.8456558229, "alloc surplus": 561527.1855628967, "optimal percentage": 63.69047619047619, "better allocation": 63.69047619047619, "beter percentage": 86.21794871794873, "epoca": "12"}