{"name": "UNETmse30epc", "rmse": 180.83694911832765, "abs erro": 1269085.3983169554, "erro comp": "True", "r2 score": 0.04028716309681235, "mape score": 23.319500931083954, "alloc missing": 521000.394380188, "alloc surplus": 748085.0039367676, "optimal percentage": 68.78434065934066, "better allocation": 68.78434065934066, "beter percentage": 87.30540293040293, "epoca": "30"}