{"name": "UNETmse13epc", "rmse": 179.8289982120492, "abs erro": 1207618.9543762205, "erro comp": "True", "r2 score": 0.050955862540215, "mape score": 20.197055023501026, "alloc missing": 595964.9022186279, "alloc surplus": 611654.0521575927, "optimal percentage": 65.09844322344323, "better allocation": 65.09844322344323, "beter percentage": 86.4125457875458, "epoca": "13"}