{"name": "UNETmse23epc", "rmse": 178.429745242935, "abs erro": 1139793.7930259705, "erro comp": "True", "r2 score": 0.06566746552738856, "mape score": 16.46108608107595, "alloc missing": 645823.7061012269, "alloc surplus": 493970.08692474366, "optimal percentage": 61.630036630036635, "better allocation": 61.630036630036635, "beter percentage": 85.90888278388277, "epoca": "23"}