{"name": "UNETmse19epc", "rmse": 178.3972911686942, "abs erro": 1199130.2113235474, "erro comp": "True", "r2 score": 0.06600732074296045, "mape score": 20.001285313380432, "alloc missing": 568247.1071884155, "alloc surplus": 630883.1041351318, "optimal percentage": 65.86538461538461, "better allocation": 65.86538461538461, "beter percentage": 86.61858974358975, "epoca": "19"}