{"name": "UNETmse17epc", "rmse": 178.28917644609587, "abs erro": 1165843.973751831, "erro comp": "True", "r2 score": 0.06713903928683052, "mape score": 18.164325856293733, "alloc missing": 604927.62004776, "alloc surplus": 560916.353704071, "optimal percentage": 63.64468864468864, "better allocation": 63.64468864468864, "beter percentage": 86.3209706959707, "epoca": "17"}