{"name": "UNETmse4epc", "rmse": 181.11479410971359, "abs erro": 1164574.3901069642, "erro comp": "True", "r2 score": 0.03733581656006402, "mape score": 17.499983933356603, "alloc missing": 650821.8723098756, "alloc surplus": 513752.5177970886, "optimal percentage": 61.52701465201466, "better allocation": 61.52701465201466, "beter percentage": 85.87454212454212, "epoca": "4"}