{"name": "UNETmse28epc", "rmse": 178.83614040562904, "abs erro": 1137802.913193512, "erro comp": "True", "r2 score": 0.06140650962715799, "mape score": 16.459534207218233, "alloc missing": 654428.9499618531, "alloc surplus": 483373.96323165897, "optimal percentage": 60.98901098901099, "better allocation": 60.98901098901099, "beter percentage": 85.6341575091575, "epoca": "28"}