{"name": "UNETmse25epc", "rmse": 177.51663086339002, "abs erro": 1190072.1644554138, "erro comp": "True", "r2 score": 0.07520589161299074, "mape score": 19.851013833794728, "alloc missing": 569503.8692787171, "alloc surplus": 620568.2951766967, "optimal percentage": 65.43040293040293, "better allocation": 65.43040293040293, "beter percentage": 86.6643772893773, "epoca": "25"}