{"name": "UNETmse18epc", "rmse": 197.07247354810406, "abs erro": 1306330.552261734, "erro comp": "True", "r2 score": -0.1397743946536787, "mape score": 22.41051285606981, "alloc missing": 517996.54769325256, "alloc surplus": 788334.0045684815, "optimal percentage": 67.0673076923077, "better allocation": 67.04441391941391, "beter percentage": 86.492673992674, "epoca": "18"}