{"loss": [4.844640254974365, 4.4924139976501465, 4.463846683502197, 4.441488265991211, 4.42625617980957, 4.413520336151123, 4.4053144454956055, 4.396585464477539, 4.388767719268799, 4.383763313293457, 4.377341270446777, 4.372967720031738, 4.3664374351501465, 4.362987041473389, 4.35698938369751, 4.354984283447266, 4.350215911865234, 4.347545146942139, 4.343636989593506, 4.339219570159912, 4.33821964263916, 4.335109233856201, 4.330737590789795, 4.32740592956543, 4.324941635131836, 4.32350492477417, 4.320205211639404, 4.319680213928223, 4.3175578117370605, 4.314983367919922], "reshape_loss": [3.610776662826538, 3.2810657024383545, 3.2558274269104004, 3.235837936401367, 3.2218997478485107, 3.210205554962158, 3.2025978565216064, 3.194570779800415, 3.187267780303955, 3.182507038116455, 3.1764817237854004, 3.172152519226074, 3.1662373542785645, 3.1628222465515137, 3.1571240425109863, 3.15507435798645, 3.150749444961548, 3.148160934448242, 3.14430570602417, 3.140578508377075, 3.1395034790039062, 3.1366899013519287, 3.1327123641967773, 3.1296682357788086, 3.1271941661834717, 3.125783681869507, 3.122972011566162, 3.1221022605895996, 3.120201826095581, 3.117905616760254], "reshape_1_loss": [1.2338521480560303, 1.2113512754440308, 1.2080237865447998, 1.2056479454040527, 1.2043554782867432, 1.2033144235610962, 1.2027199268341064, 1.2020152807235718, 1.2015013694763184, 1.2012537717819214, 1.200866937637329, 1.2008181810379028, 1.2002028226852417, 1.200164794921875, 1.1998682022094727, 1.1999112367630005, 1.1994602680206299, 1.1993885040283203, 1.1993253231048584, 1.1986366510391235, 1.198722004890442, 1.1984189748764038, 1.1980284452438354, 1.1977468729019165, 1.1977475881576538, 1.1977243423461914, 1.197237491607666, 1.197575330734253, 1.197358250617981, 1.1970762014389038], "reshape_root_mean_squared_error": [203.82228088378906, 199.36502075195312, 198.49603271484375, 197.85804748535156, 197.4650115966797, 197.1526641845703, 196.88162231445312, 196.68768310546875, 196.49520874023438, 196.3831787109375, 196.23040771484375, 196.12147521972656, 195.99623107910156, 195.9814453125, 195.83880615234375, 195.78318786621094, 195.77035522460938, 195.6490936279297, 195.6075439453125, 195.5272674560547, 195.47689819335938, 195.47303771972656, 195.3881378173828, 195.33233642578125, 195.28256225585938, 195.21170043945312, 195.18844604492188, 195.22352600097656, 195.19166564941406, 195.13572692871094], "reshape_1_categorical_accuracy": [0.39189767837524414, 0.41108667850494385, 0.4143742322921753, 0.415901780128479, 0.4174532890319824, 0.41836869716644287, 0.4189390242099762, 0.4190354645252228, 0.4194446802139282, 0.4200055003166199, 0.42006516456604004, 0.4197925329208374, 0.4204871952533722, 0.4206750690937042, 0.4208417534828186, 0.42085233330726624, 0.4212219715118408, 0.421251505613327, 0.42108091711997986, 0.42143213748931885, 0.42096495628356934, 0.4216896891593933, 0.4217359721660614, 0.42199912667274475, 0.4220180809497833, 0.42199409008026123, 0.4224300682544708, 0.42173320055007935, 0.42260900139808655, 0.42234086990356445]}