{"loss": [118.36852264404297, 118.26499938964844, 118.10221099853516, 117.93604278564453, 117.76029968261719], "root_mean_squared_error": [183.88380432128906, 183.75180053710938, 183.59075927734375, 183.34347534179688, 183.1007537841797]}