{"loss": 118.36852264404297, "root_mean_squared_error": 183.88380432128906}