{"loss": [21278918443008.0, 55632.125, 55422.6328125, 55133.6015625, 54775.6953125, 54298.67578125, 53669.078125, 52820.6328125, 51669.72265625, 50205.19140625, 48552.5390625, 46791.37890625, 45015.4375, 44286.73046875, 41691.73046875, 38783.64453125, 34183.95703125, 33289.17578125, 32925.60546875, 32663.7421875, 32462.65625, 32320.7265625, 32061.494140625, NaN, NaN, NaN, NaN, NaN, NaN, NaN, NaN, NaN, NaN, NaN, NaN, NaN, NaN, NaN, NaN, NaN, 32515.25, 32147.919921875, 31780.591796875, 31377.271484375, NaN, 30938.298828125, NaN], "root_mean_squared_error": [4612908.0, 235.86456298828125, 235.42002868652344, 234.8055877685547, 234.04202270507812, 233.02076721191406, 231.66592407226562, 229.82733154296875, 227.3099365234375, 224.06512451171875, 220.3463134765625, 216.3130645751953, 212.1685028076172, 210.44393920898438, 204.18560791015625, 196.93556213378906, 184.88882446289062, 182.453369140625, 181.45408630371094, 180.73123168945312, 180.17405700683594, 179.7798309326172, 179.0572052001953, NaN, NaN, NaN, NaN, NaN, NaN, NaN, NaN, NaN, NaN, NaN, NaN, NaN, NaN, NaN, NaN, NaN, 180.31988525390625, 179.29830932617188, 178.27113342285156, 177.1363525390625, NaN, 175.89285278320312, NaN]}