name,rmse,abs erro,erro comp,r2 score,mape score,alloc missing,alloc surplus,optimal percentage,better allocation,beter percentage,epoca
StackedCNN Ftrl10epc,260.12442507462026,2004840.3245422365,True,-0.9857712906862242,43.37069950985355,296606.48573913577,1708233.8388031006,79.07509157509158,79.06364468864469,89.3658424908425,10
StackedCNN Ftrl20epc,245.88612907203233,1876856.1101806639,True,-0.7743325548818722,39.93281767786539,331668.3011505127,1545187.8090301515,77.93040293040293,77.93040293040293,89.3658424908425,20
StackedCNN Ftrl30epc,242.88535980284402,1847009.0542633054,True,-0.7312892678564087,39.005734961699964,341650.536138916,1505358.51812439,77.51831501831502,77.51831501831502,89.30860805860806,30
