{"name": "StackedCNN_Ftrl10epc", "rmse": 260.12442507462026, "abs erro": 2004840.3245422365, "erro comp": "True", "r2 score": -0.9857712906862242, "mape score": 43.37069950985355, "alloc missing": 296606.48573913577, "alloc surplus": 1708233.8388031006, "optimal percentage": 79.07509157509158, "better allocation": 79.06364468864469, "beter percentage": 89.3658424908425, "epoca": "10"}