{"name": "StackedCNN_Ftrl20epc", "rmse": 245.88612907203233, "abs erro": 1876856.1101806639, "erro comp": "True", "r2 score": -0.7743325548818722, "mape score": 39.93281767786539, "alloc missing": 331668.3011505127, "alloc surplus": 1545187.8090301515, "optimal percentage": 77.93040293040293, "better allocation": 77.93040293040293, "beter percentage": 89.3658424908425, "epoca": "20"}