{"loss": [2.0365216732025146, 1.7868362665176392, 1.7776051759719849, 1.773521065711975, 1.771417260169983, 1.7696044445037842, 1.7683478593826294, 1.7674741744995117, 1.7665294408798218, 1.7658360004425049, 1.7652400732040405, 1.76479172706604, 1.7643868923187256, 1.763938546180725, 1.763607382774353, 1.763318657875061, 1.7631566524505615, 1.7628910541534424, 1.7626396417617798, 1.7623655796051025, 1.7622854709625244, 1.7620149850845337, 1.7619199752807617, 1.761730670928955, 1.7616534233093262, 1.7614622116088867, 1.7612961530685425, 1.7611745595932007, 1.7561633586883545, 0.01853628270328045], "root_mean_squared_error": [307.53045654296875, 235.32264709472656, 221.7252197265625, 218.46009826660156, 217.83734130859375, 214.98736572265625, 213.87411499023438, 213.77137756347656, 211.4196319580078, 209.41180419921875, 209.28195190429688, 208.10520935058594, 206.74391174316406, 203.9776153564453, 204.88404846191406, 204.1743927001953, 204.9300537109375, 204.8295135498047, 204.02891540527344, 204.14137268066406, 202.09820556640625, 201.37112426757812, 202.2020721435547, 199.39637756347656, 199.89944458007812, 199.2703857421875, 198.3367462158203, 197.02597045898438, 195.58030700683594, 114.844482421875]}