{"loss": [0.3292967975139618, 0.09927967190742493, 0.06653565913438797, 0.053198736160993576, 0.03984897956252098, 0.02988126501441002, 0.025643862783908844, 0.023626936599612236, 0.022233102470636368, 0.020952748134732246, 0.019769057631492615, 0.019004566594958305, 0.018945865333080292, 0.018396584317088127, 0.018374115228652954, 0.01799251139163971, 0.017805717885494232, 0.01770765893161297, 0.017561644315719604, 0.017762714996933937, 0.017402078956365585, 0.01745862513780594, 0.017267709597945213, 0.017300112172961235, 0.017091449350118637, 0.01696147583425045, 0.016991468146443367, 0.016922106966376305, 0.01688305288553238, 0.016766654327511787], "root_mean_squared_error": [193380.296875, 366.5855712890625, 283.1303405761719, 255.1393585205078, 225.3117218017578, 208.3203887939453, 211.9312286376953, 206.548583984375, 185.3645782470703, 156.2202911376953, 136.12576293945312, 122.9345703125, 144.4583282470703, 120.492431640625, 292.4475402832031, 142.07583618164062, 120.9306869506836, 117.75000762939453, 117.13818359375, 139.95509338378906, 118.75483703613281, 117.49991607666016, 115.60435485839844, 117.069091796875, 115.53653717041016, 116.28672790527344, 117.47277069091797, 116.60416412353516, 114.69835662841797, 116.89156341552734]}