{"loss": [0.28040429949760437, 0.04778869450092316, 0.03638036549091339, 0.031838688999414444, 0.028737548738718033, 0.027169838547706604, 0.025781437754631042, 0.024921901524066925, 0.02424585446715355, 0.02357710525393486, 0.023051565513014793, 0.022488540038466454, 0.021906275302171707, 0.021483149379491806, 0.021054986864328384, 0.020541610196232796, 0.020217109471559525, 0.020023809745907784, 0.019586507230997086, 0.019287027418613434, 0.018944088369607925, 0.018718693405389786, 0.018452074378728867, 0.01812542974948883, 0.01793147809803486, 0.017697911709547043, 0.01746707409620285, 0.017291346564888954, 0.01709621772170067, 0.016845781356096268], "root_mean_squared_error": [262.71453857421875, 178.94346618652344, 159.46798706054688, 155.96182250976562, 151.4042205810547, 147.78396606445312, 146.53941345214844, 144.27125549316406, 144.65769958496094, 139.9994354248047, 139.46127319335938, 134.81532287597656, 130.93455505371094, 129.42156982421875, 126.45246124267578, 123.33028411865234, 122.10811614990234, 123.05742645263672, 119.46134948730469, 119.47677612304688, 117.93547058105469, 116.84475708007812, 115.50159454345703, 113.91548919677734, 112.4908447265625, 112.56209564208984, 110.04419708251953, 110.40079498291016, 109.50179290771484, 110.1778793334961]}