{"name": "StackedCNN_elu_elu", "rmse": 1389.4172118326037, "abs erro": 129980452.15710449, "erro comp": "False", "r2 score": -71.46453703961701, "mape score": 0.4193467687016695, "alloc missing": 129980452.15710449, "alloc surplus": 0.0, "optimal percentage": 0.0, "better allocation": 0.0, "beter percentage": 0.0}