name,rmse,abs erro,erro comp,r2 score,mape score,alloc missing,alloc surplus,optimal percentage,better allocation,beter percentage,epoca
StackedCNN softplus relu10epc,505.64859692047077,4115443.8206115724,False,-6.503511869731001,90.73085627886226,112827.50130615235,4002616.31930542,29.281135531135533,28.582875457875456,34.15750915750916,10
StackedCNN softplus relu20epc,377.79829700889667,2980097.33319397,True,-3.1887742273992314,69.07475792470534,191632.92583312988,2788464.4073608397,63.312728937728934,63.24404761904761,69.86034798534799,20
StackedCNN softplus relu30epc,380.0341143485846,3059764.4683593754,True,-3.2384994179808837,69.45312051937296,99012.19830322266,2960752.2700561523,70.6959706959707,70.58150183150184,74.00412087912088,30
