{"name": "StackedCNN_softplus_relu10epc", "rmse": 505.64859692047077, "abs erro": 4115443.8206115724, "erro comp": "False", "r2 score": -6.503511869731001, "mape score": 90.73085627886226, "alloc missing": 112827.50130615235, "alloc surplus": 4002616.31930542, "optimal percentage": 29.281135531135533, "better allocation": 28.582875457875456, "beter percentage": 34.15750915750916, "epoca": "10"}