{"name": "StackedCNN_softplus_relu20epc", "rmse": 377.79829700889667, "abs erro": 2980097.33319397, "erro comp": "True", "r2 score": -3.1887742273992314, "mape score": 69.07475792470534, "alloc missing": 191632.92583312988, "alloc surplus": 2788464.4073608397, "optimal percentage": 63.312728937728934, "better allocation": 63.24404761904761, "beter percentage": 69.86034798534799, "epoca": "20"}