name,rmse,abs erro,erro comp,r2 score,mape score,alloc missing,alloc surplus,optimal percentage,better allocation,beter percentage,epoca
StackedCNN elu selu10epc,581.1510279642023,4825875.090148926,False,-8.911627719243015,103.57527685601849,21972.635937500003,4803902.454211426,19.333791208791208,18.337912087912088,21.00503663003663,10
StackedCNN elu selu20epc,403.272218971907,3266472.375866699,True,-3.7726937817984103,74.41733100202276,80500.68403930664,3185971.6918273927,61.16071428571429,60.954670329670336,64.20558608058609,20
StackedCNN elu selu30epc,428.04943287819754,3486506.3208374023,True,-4.377182949727464,77.76786465178917,66023.13574218751,3420483.185095215,49.30173992673993,48.878205128205124,52.42673992673993,30
