{"name": "StackedCNN_elu_selu10epc", "rmse": 581.1510279642023, "abs erro": 4825875.090148926, "erro comp": "False", "r2 score": -8.911627719243015, "mape score": 103.57527685601849, "alloc missing": 21972.635937500003, "alloc surplus": 4803902.454211426, "optimal percentage": 19.333791208791208, "better allocation": 18.337912087912088, "beter percentage": 21.00503663003663, "epoca": "10"}