{"name": "StackedCNN_elu_selu20epc", "rmse": 403.272218971907, "abs erro": 3266472.375866699, "erro comp": "True", "r2 score": -3.7726937817984103, "mape score": 74.41733100202276, "alloc missing": 80500.68403930664, "alloc surplus": 3185971.6918273927, "optimal percentage": 61.16071428571429, "better allocation": 60.954670329670336, "beter percentage": 64.20558608058609, "epoca": "20"}