{"name": "StackedCNN_exponential_tanh", "rmse": 3277.7602825613058, "abs erro": 309010520.01679033, "erro comp": "False", "r2 score": -402.28730377224696, "mape score": 0.9996940100648101, "alloc missing": 309010520.01679033, "alloc surplus": 0.0, "optimal percentage": 0.0, "better allocation": 0.0, "beter percentage": 0.0}