{"loss": [33.402679443359375, 33.395042419433594, 33.387611389160156, 33.385074615478516, 33.3829231262207, 33.3823127746582, 33.3813591003418, 33.38136291503906, 33.38135528564453, 33.38135528564453, 33.381370544433594, 33.381370544433594, 33.38134002685547, 33.38142013549805, 33.38138961791992, 33.38135528564453, 33.381343841552734, 33.381370544433594, 33.3813362121582, 33.381343841552734, 33.38136672973633, 33.381378173828125, 33.3813591003418, 33.38135528564453, 33.38131332397461, 33.3813591003418, 33.38138961791992, 33.38128662109375, 33.38136672973633, 33.38132858276367], "root_mean_squared_error": [779.2332153320312, 779.2335815429688, 779.2282104492188, 779.226318359375, 779.2245483398438, 779.224365234375, 779.22314453125, 779.2236328125, 779.2235717773438, 779.2232666015625, 779.2235717773438, 779.2230224609375, 779.2237548828125, 779.2237548828125, 779.2235107421875, 779.2230224609375, 779.223388671875, 779.2235107421875, 779.223388671875, 779.223388671875, 779.2235717773438, 779.2232666015625, 779.22314453125, 779.222900390625, 779.2236938476562, 779.2232055664062, 779.223388671875, 779.2227783203125, 779.2232666015625, 779.2230224609375]}