{"loss": [121.67106628417969, 120.03876495361328, 119.62673950195312, 119.354248046875, 119.17236328125, 119.00916290283203, 118.91930389404297, 118.80306243896484, 118.72607421875, 118.64092254638672, 118.58287048339844, 118.51313018798828, 118.45259857177734, 118.39983367919922, 118.37150573730469], "root_mean_squared_error": [187.39901733398438, 184.99734497070312, 184.5162353515625, 184.18234252929688, 183.96739196777344, 183.70375061035156, 183.6238555908203, 183.40431213378906, 183.3543701171875, 183.169677734375, 183.17764282226562, 183.003662109375, 182.85137939453125, 182.84091186523438, 182.83363342285156]}