{"name": "StackedCNN", "rmse": 164.76046173262432, "Absolute Error": 10157735.13481598, "r2 score": -0.05567371178162861, "mape score": 1976050886718403.2, "erro_per_mean score": 3.0623685057317656, "alloc_erro": 7179583.445810699, "spain_alloc_erro": 0.0, "alloc_erro_comp_bool": 48698.0, "alloc_erro_comp_value": 94369.0}