name,rmse,abs erro,erro comp,r2 score,mape score,alloc missing,alloc surplus,optimal percentage,better allocation,beter percentage,epoca
StackedCNN tanh softsign10epc,236.23804719279488,1289436.1991469383,True,-0.6378218053429854,0.8513388455856838,1288663.180998826,773.018148112297,11.000457875457876,11.000457875457876,80.39148351648352,10
StackedCNN tanh softsign20epc,236.23808108747542,1289436.5690600395,True,-0.6378222753219029,0.8513469059623374,1288663.6029960155,772.9660640239715,11.000457875457876,11.000457875457876,80.39148351648352,20
StackedCNN tanh softsign30epc,236.23804719279488,1289436.1991469383,True,-0.6378218053429854,0.8513388455856838,1288663.180998826,773.018148112297,11.000457875457876,11.000457875457876,80.39148351648352,30
