{"name": "StackedCNN_tanh_softsign20epc", "rmse": 236.23808108747542, "abs erro": 1289436.5690600395, "erro comp": "True", "r2 score": -0.6378222753219029, "mape score": 0.8513469059623374, "alloc missing": 1288663.6029960155, "alloc surplus": 772.9660640239715, "optimal percentage": 11.000457875457876, "better allocation": 11.000457875457876, "beter percentage": 80.39148351648352, "epoca": "20"}