{"name": "StackedCNN_tanh_softsign10epc", "rmse": 236.23804719279488, "abs erro": 1289436.1991469383, "erro comp": "True", "r2 score": -0.6378218053429854, "mape score": 0.8513388455856838, "alloc missing": 1288663.180998826, "alloc surplus": 773.018148112297, "optimal percentage": 11.000457875457876, "better allocation": 11.000457875457876, "beter percentage": 80.39148351648352, "epoca": "10"}