{"loss": [33.38954162597656, 33.381317138671875, 33.3813591003418, 33.381351470947266, 33.38131332397461, 33.3813591003418, 33.38135528564453, 33.38128662109375, 33.38138961791992, 33.381351470947266, 33.38136672973633, 33.381343841552734, 33.38133239746094, 33.38135528564453, 33.38132858276367, 33.3813362121582, 33.38135528564453, 33.38132858276367, 33.381317138671875, 33.3813591003418, 33.38134765625, 33.38135528564453, 33.381343841552734, 33.38137435913086, 33.38134765625, 33.381343841552734, 33.38138198852539, 33.381309509277344, 33.381343841552734, 33.38134765625], "root_mean_squared_error": [779.2245483398438, 779.2230224609375, 779.2232666015625, 779.2232666015625, 779.22314453125, 779.223388671875, 779.2234497070312, 779.2234497070312, 779.2232666015625, 779.2236328125, 779.2233276367188, 779.2232055664062, 779.2232666015625, 779.2232055664062, 779.2236328125, 779.2236938476562, 779.2232666015625, 779.22314453125, 779.223388671875, 779.2230224609375, 779.2237548828125, 779.2232666015625, 779.223388671875, 779.2236938476562, 779.22314453125, 779.2233276367188, 779.222900390625, 779.2230224609375, 779.2233276367188, 779.2235107421875]}