{"name": "StackedCNN_linear_softplus", "rmse": 1205.383155529456, "abs erro": 112022248.19006348, "erro comp": "False", "r2 score": -53.53940670396565, "mape score": 0.36130196109610746, "alloc missing": 112022248.19006348, "alloc surplus": 0.0, "optimal percentage": 0.0, "better allocation": 0.0, "beter percentage": 0.0}