{"loss": [0.23717382550239563, 0.04382273927330971, 0.03500697389245033, 0.03189511224627495, 0.03006717562675476, 0.028797021135687828, 0.027867266908288002, 0.02709387242794037, 0.026433920487761497, 0.02569671906530857, 0.02505684271454811, 0.024388181045651436, 0.023896945640444756, 0.02352154813706875, 0.02323158271610737, 0.02297714538872242, 0.02277611568570137, 0.02264845371246338, 0.02240363508462906, 0.022242041304707527, 0.022077731788158417, 0.02194504626095295, 0.021971046924591064, 0.021706098690629005, 0.02158636413514614, 0.021496877074241638, 0.02141197957098484, 0.021238764747977257, 0.021197648718953133, 0.02085493877530098], "root_mean_squared_error": [258.5215148925781, 175.95115661621094, 156.94219970703125, 155.18658447265625, 153.54437255859375, 156.0521240234375, 152.3211212158203, 152.2074737548828, 149.18063354492188, 146.6560821533203, 144.35154724121094, 139.8289794921875, 136.2061004638672, 133.9534454345703, 131.9219512939453, 130.62347412109375, 129.15972900390625, 129.60711669921875, 126.30170440673828, 126.92451477050781, 125.91668701171875, 126.009765625, 126.29240417480469, 125.62175750732422, 124.9370346069336, 124.8696517944336, 125.86290740966797, 123.94331359863281, 124.5279541015625, 123.39415740966797]}