name,rmse,abs erro,erro comp,r2 score,mape score,alloc missing,alloc surplus,optimal percentage,better allocation,beter percentage,epoca
StackedCNN linear elu10epc,340.06070953479434,2733530.1802062984,True,-2.393750212842508,63.73447779826702,127083.26447753907,2606446.915728759,89.98397435897436,89.97252747252747,93.26923076923077,10
StackedCNN linear elu20epc,325.4002109712689,2611497.8242248534,True,-2.1074390656910382,60.66872790977614,139232.61254882812,2472265.2116760253,89.68635531135531,89.68635531135531,93.4065934065934,20
StackedCNN linear elu30epc,297.39379840496343,2368520.2128112796,True,-1.5955582309096332,55.86453247389066,177934.13936157228,2190586.073449707,87.46565934065934,87.46565934065934,92.52518315018315,30
