{"name": "StackedCNN_linear_elu20epc", "rmse": 325.4002109712689, "abs erro": 2611497.8242248534, "erro comp": "True", "r2 score": -2.1074390656910382, "mape score": 60.66872790977614, "alloc missing": 139232.61254882812, "alloc surplus": 2472265.2116760253, "optimal percentage": 89.68635531135531, "better allocation": 89.68635531135531, "beter percentage": 93.4065934065934, "epoca": "20"}