{"name": "StackedCNN_linear_elu10epc", "rmse": 340.06070953479434, "abs erro": 2733530.1802062984, "erro comp": "True", "r2 score": -2.393750212842508, "mape score": 63.73447779826702, "alloc missing": 127083.26447753907, "alloc surplus": 2606446.915728759, "optimal percentage": 89.98397435897436, "better allocation": 89.97252747252747, "beter percentage": 93.26923076923077, "epoca": "10"}