{"name": "VanillaCNNmape", "rmse": 226.99784981358053, "abs erro": 1207493.692144823, "erro comp": "True", "r2 score": -0.5122042273934335, "mape score": 1.0530885148490574, "alloc missing": 1199008.5462035178, "alloc surplus": 8485.14594130516, "optimal percentage": 20.65018315018315, "better allocation": 20.65018315018315, "beter percentage": 81.18131868131869}