name,rmse,abs erro,erro comp,r2 score,mape score,alloc missing,alloc surplus,optimal percentage,better allocation,beter percentage,epoca
StackedCNN relu softplus10epc,1230.0429720328268,10538109.109716797,False,-43.40251082272366,201.74163653866057,81.6981201171875,10538027.41159668,0.27472527472527475,0.0,0.28617216117216115,10
StackedCNN relu softplus20epc,260.94178103157714,2035043.1742004394,True,-0.9982701707539114,47.50312206472887,241301.82806396481,1793741.3461364745,82.88690476190477,82.88690476190477,90.5334249084249,20
StackedCNN relu softplus30epc,187.41466002449897,1193440.6821212769,True,-0.030799216484816094,17.364147233066028,716295.6434944153,477145.0386268615,59.077380952380956,59.077380952380956,85.02747252747253,30
