{"name": "StackedCNN_relu_softplus10epc", "rmse": 1230.0429720328268, "abs erro": 10538109.109716797, "erro comp": "False", "r2 score": -43.40251082272366, "mape score": 201.74163653866057, "alloc missing": 81.6981201171875, "alloc surplus": 10538027.41159668, "optimal percentage": 0.27472527472527475, "better allocation": 0.0, "beter percentage": 0.28617216117216115, "epoca": "10"}