{"name": "StackedCNN_relu_softplus20epc", "rmse": 260.94178103157714, "abs erro": 2035043.1742004394, "erro comp": "True", "r2 score": -0.9982701707539114, "mape score": 47.50312206472887, "alloc missing": 241301.82806396481, "alloc surplus": 1793741.3461364745, "optimal percentage": 82.88690476190477, "better allocation": 82.88690476190477, "beter percentage": 90.5334249084249, "epoca": "20"}