{"name": "VanillaCNN", "rmse": 174.8475560390256, "abs erro": 1134326.9501005888, "erro comp": "True", "r2 score": 0.10280655188703813, "mape score": 16.784772744012205, "alloc missing": 587532.9064198256, "alloc surplus": 546794.0436807632, "spain alloc missing": 57465.00000000001, "spain alloc surplus": 3831902.4000000004, "optimal percentage": 0.6222527472527473, "beter percentage": 0.00011446886446886447}