name,rmse,abs erro,erro comp,r2 score,mape score,alloc missing,alloc surplus,optimal percentage,better allocation,beter percentage,epoca
StackedCNN linear linear10epc,305.98561013574505,2442020.6665710453,True,-1.7476978055836123,57.40845634679522,165708.1061706543,2276312.560400391,88.00366300366301,88.00366300366301,92.71978021978022,10
StackedCNN linear linear20epc,206.04188257637685,1566420.8822875977,True,-0.2458850642963406,34.384277371259905,400552.709741211,1165868.1725463867,75.50366300366301,75.50366300366301,88.72481684981685,20
StackedCNN linear linear30epc,238.22365111209783,1866499.2467956543,True,-0.6654696156653606,43.41023271911804,292863.6047180175,1573635.6420776367,81.02106227106228,81.02106227106228,90.40750915750915,30
