{"name": "StackedCNN_linear_linear20epc", "rmse": 206.04188257637685, "abs erro": 1566420.8822875977, "erro comp": "True", "r2 score": -0.2458850642963406, "mape score": 34.384277371259905, "alloc missing": 400552.709741211, "alloc surplus": 1165868.1725463867, "optimal percentage": 75.50366300366301, "better allocation": 75.50366300366301, "beter percentage": 88.72481684981685, "epoca": "20"}