{"name": "StackedCNN_linear_linear10epc", "rmse": 305.98561013574505, "abs erro": 2442020.6665710453, "erro comp": "True", "r2 score": -1.7476978055836123, "mape score": 57.40845634679522, "alloc missing": 165708.1061706543, "alloc surplus": 2276312.560400391, "optimal percentage": 88.00366300366301, "better allocation": 88.00366300366301, "beter percentage": 92.71978021978022, "epoca": "10"}