{"name": "StackedCNN_24X_8Y", "rmse": 209.71268735806026, "abs erro": 1150163.2169094083, "erro comp": "True", "r2 score": -0.2932497482201273, "mape score": 4.4082287964379665, "alloc missing": 1058328.4906673431, "alloc surplus": 91834.72624206542, "optimal percentage": 39.32432432432432, "better allocation": 39.32432432432432, "beter percentage": 82.240990990991}