name,rmse,abs erro,erro comp,r2 score,mape score,alloc missing,alloc surplus,optimal percentage,better allocation,beter percentage,epoca
StackedCNN selu linear10epc,524.7780578762456,4295485.5172515875,False,-7.08198977725432,93.51891935911779,154720.6474090576,4140764.8698425298,26.442307692307693,25.560897435897434,30.746336996337,10
StackedCNN selu linear20epc,370.95872870883056,2977425.936536026,True,-3.0384819857371923,67.49157542888464,178366.6594547272,2799059.2770812986,74.38186813186813,74.32463369963371,79.8076923076923,20
StackedCNN selu linear30epc,395.15722878706845,3185784.342681885,True,-3.5825458937804395,73.1708145476281,100686.5587738037,3085097.7839080812,64.60622710622711,64.49175824175825,68.17765567765568,30
