{"name": "StackedCNN_selu_linear20epc", "rmse": 370.95872870883056, "abs erro": 2977425.936536026, "erro comp": "True", "r2 score": -3.0384819857371923, "mape score": 67.49157542888464, "alloc missing": 178366.6594547272, "alloc surplus": 2799059.2770812986, "optimal percentage": 74.38186813186813, "better allocation": 74.32463369963371, "beter percentage": 79.8076923076923, "epoca": "20"}