{"name": "StackedCNN_selu_linear30epc", "rmse": 395.15722878706845, "abs erro": 3185784.342681885, "erro comp": "True", "r2 score": -3.5825458937804395, "mape score": 73.1708145476281, "alloc missing": 100686.5587738037, "alloc surplus": 3085097.7839080812, "optimal percentage": 64.60622710622711, "better allocation": 64.49175824175825, "beter percentage": 68.17765567765568, "epoca": "30"}