{"name": "StackedCNN_selu_linear10epc", "rmse": 524.7780578762456, "abs erro": 4295485.5172515875, "erro comp": "False", "r2 score": -7.08198977725432, "mape score": 93.51891935911779, "alloc missing": 154720.6474090576, "alloc surplus": 4140764.8698425298, "optimal percentage": 26.442307692307693, "better allocation": 25.560897435897434, "beter percentage": 30.746336996337, "epoca": "10"}