name,rmse,abs erro,erro comp,r2 score,mape score,alloc missing,alloc surplus,optimal percentage,better allocation,beter percentage,epoca
StackedCNN relu selu10epc,555.9143256276524,4560546.941900635,False,-8.069486367713386,100.00907154456058,32326.79461669922,4528220.147283935,23.008241758241756,22.275641025641026,25.183150183150182,10
StackedCNN relu selu20epc,362.4239523159066,2872473.483743286,True,-2.8547901907510784,66.16548493387747,117837.22567138672,2754636.2580719,73.84386446886447,73.68360805860806,77.8617216117216,20
StackedCNN relu selu30epc,262.75741592325954,1986551.8690582274,True,-1.026174872755588,43.03555879487241,261245.82723388672,1725306.0418243408,77.31227106227107,77.17490842490842,86.492673992674,30
