{"name": "StackedCNN_relu_selu20epc", "rmse": 362.4239523159066, "abs erro": 2872473.483743286, "erro comp": "True", "r2 score": -2.8547901907510784, "mape score": 66.16548493387747, "alloc missing": 117837.22567138672, "alloc surplus": 2754636.2580719, "optimal percentage": 73.84386446886447, "better allocation": 73.68360805860806, "beter percentage": 77.8617216117216, "epoca": "20"}