{"name": "StackedCNN_relu_selu10epc", "rmse": 555.9143256276524, "abs erro": 4560546.941900635, "erro comp": "False", "r2 score": -8.069486367713386, "mape score": 100.00907154456058, "alloc missing": 32326.79461669922, "alloc surplus": 4528220.147283935, "optimal percentage": 23.008241758241756, "better allocation": 22.275641025641026, "beter percentage": 25.183150183150182, "epoca": "10"}