name,rmse,abs erro,erro comp,r2 score,mape score,alloc missing,alloc surplus,optimal percentage,better allocation,beter percentage,epoca
StackedCNN Nadam10epc,514.724583749947,4192691.6700805663,False,-6.77529334582708,89.00211072994826,92662.40933227539,4100029.260748291,23.19139194139194,22.344322344322347,28.399725274725274,10
StackedCNN Nadam20epc,347.56228884148254,2727668.233569336,True,-2.545130756166425,59.64684104490016,177455.58307495117,2550212.650494385,74.04990842490842,73.94688644688645,81.21565934065934,20
StackedCNN Nadam30epc,534.5660550789019,4388148.158343506,False,-7.386286906277022,92.41001575754005,35224.68860473633,4352923.469738769,22.847985347985347,21.806318681318682,25.022893772893774,30
