{"name": "StackedCNN_Nadam20epc", "rmse": 347.56228884148254, "abs erro": 2727668.233569336, "erro comp": "True", "r2 score": -2.545130756166425, "mape score": 59.64684104490016, "alloc missing": 177455.58307495117, "alloc surplus": 2550212.650494385, "optimal percentage": 74.04990842490842, "better allocation": 73.94688644688645, "beter percentage": 81.21565934065934, "epoca": "20"}