{"name": "StackedCNN_Nadam30epc", "rmse": 534.5660550789019, "abs erro": 4388148.158343506, "erro comp": "False", "r2 score": -7.386286906277022, "mape score": 92.41001575754005, "alloc missing": 35224.68860473633, "alloc surplus": 4352923.469738769, "optimal percentage": 22.847985347985347, "better allocation": 21.806318681318682, "beter percentage": 25.022893772893774, "epoca": "30"}