{"name": "StackedCNN_Nadam10epc", "rmse": 514.724583749947, "abs erro": 4192691.6700805663, "erro comp": "False", "r2 score": -6.77529334582708, "mape score": 89.00211072994826, "alloc missing": 92662.40933227539, "alloc surplus": 4100029.260748291, "optimal percentage": 23.19139194139194, "better allocation": 22.344322344322347, "beter percentage": 28.399725274725274, "epoca": "10"}