name,rmse,abs erro,erro comp,r2 score,mape score,alloc missing,alloc surplus,optimal percentage,better allocation,beter percentage,epoca
StackedCNN linear softsign10epc,236.23786417688888,1289434.2010036826,True,-0.6378192676710983,0.8512952529963742,1288660.9011454224,773.2998582601547,11.000457875457876,11.000457875457876,80.39148351648352,10
StackedCNN linear softsign20epc,236.23786410166588,1289434.2001853704,True,-0.6378192666280678,0.8512952350722217,1288660.9002105831,773.2999747872352,11.160714285714286,11.160714285714286,80.39148351648352,20
StackedCNN linear softsign30epc,236.23786408528557,1289434.200008285,True,-0.6378192664009408,0.8512952312236275,1288660.9000089406,773.2999993443489,11.469780219780219,11.469780219780219,80.40293040293041,30
