{"name": "StackedCNN_linear_softsign10epc", "rmse": 236.23786417688888, "abs erro": 1289434.2010036826, "erro comp": "True", "r2 score": -0.6378192676710983, "mape score": 0.8512952529963742, "alloc missing": 1288660.9011454224, "alloc surplus": 773.2998582601547, "optimal percentage": 11.000457875457876, "better allocation": 11.000457875457876, "beter percentage": 80.39148351648352, "epoca": "10"}