{"name": "StackedCNN_linear_softsign30epc", "rmse": 236.23786408528557, "abs erro": 1289434.200008285, "erro comp": "True", "r2 score": -0.6378192664009408, "mape score": 0.8512952312236275, "alloc missing": 1288660.9000089406, "alloc surplus": 773.2999993443489, "optimal percentage": 11.469780219780219, "better allocation": 11.469780219780219, "beter percentage": 80.40293040293041, "epoca": "30"}