{"name": "StackedCNN_linear_softsign20epc", "rmse": 236.23786410166588, "abs erro": 1289434.2001853704, "erro comp": "True", "r2 score": -0.6378192666280678, "mape score": 0.8512952350722217, "alloc missing": 1288660.9002105831, "alloc surplus": 773.2999747872352, "optimal percentage": 11.160714285714286, "better allocation": 11.160714285714286, "beter percentage": 80.39148351648352, "epoca": "20"}