name,rmse,abs erro,erro comp,r2 score,mape score,alloc missing,alloc surplus,optimal percentage,better allocation,beter percentage,epoca
StackedCNN softsign softsign10epc,236.23833394885511,1289439.3304833292,True,-0.6378257814646886,0.8514071329194923,1288666.7535882234,772.5768951058387,11.000457875457876,11.000457875457876,80.39148351648352,10
StackedCNN softsign softsign20epc,236.23808073785744,1289436.5656633496,True,-0.6378222704741485,0.8513468522177293,1288663.5992578506,772.9664054989814,11.000457875457876,11.000457875457876,80.39148351648352,20
StackedCNN softsign softsign30epc,236.23803175241426,1289436.030786109,True,-0.6378215912488414,0.851335183029691,1288662.9889721512,773.0418139576911,11.000457875457876,11.000457875457876,80.39148351648352,30
