{"name": "StackedCNN_softsign_softsign30epc", "rmse": 236.23803175241426, "abs erro": 1289436.030786109, "erro comp": "True", "r2 score": -0.6378215912488414, "mape score": 0.851335183029691, "alloc missing": 1288662.9889721512, "alloc surplus": 773.0418139576911, "optimal percentage": 11.000457875457876, "better allocation": 11.000457875457876, "beter percentage": 80.39148351648352, "epoca": "30"}