{"name": "StackedCNN_softsign_softsign20epc", "rmse": 236.23808073785744, "abs erro": 1289436.5656633496, "erro comp": "True", "r2 score": -0.6378222704741485, "mape score": 0.8513468522177293, "alloc missing": 1288663.5992578506, "alloc surplus": 772.9664054989814, "optimal percentage": 11.000457875457876, "better allocation": 11.000457875457876, "beter percentage": 80.39148351648352, "epoca": "20"}