{"name": "StackedCNN_softsign_softsign10epc", "rmse": 236.23833394885511, "abs erro": 1289439.3304833292, "erro comp": "True", "r2 score": -0.6378257814646886, "mape score": 0.8514071329194923, "alloc missing": 1288666.7535882234, "alloc surplus": 772.5768951058387, "optimal percentage": 11.000457875457876, "better allocation": 11.000457875457876, "beter percentage": 80.39148351648352, "epoca": "10"}