{"name": "EncoderDecoder", "rmse": NaN, "abs erro": 0.0, "erro comp": "True", "r2 score": -0.6465015257286457, "mape score": NaN, "alloc missing": NaN, "alloc surplus": NaN, "spain alloc missing": 57465.00000000001, "spain alloc surplus": 3831902.4000000004, "optimal percentage": 0.0, "beter percentage": 0.00011446886446886447}