name,rmse,abs erro,erro comp,r2 score,mape score,alloc missing,alloc surplus,optimal percentage,better allocation,beter percentage,epoca
StackedCNN softsign selu10epc,705.2782112619759,5874212.712581539,False,-13.597816327332799,121.70318255047268,80118.30025243759,5794094.412329101,12.248168498168498,11.263736263736265,15.739468864468865,10
StackedCNN softsign selu20epc,1322.5957370902734,10693587.724130595,False,-50.335902098732156,204.54269766515534,76435.09946018459,10617152.62467041,3.8003663003663,3.5828754578754576,7.016941391941392,20
StackedCNN softsign selu30epc,2053.613154215852,17501165.79565687,False,-122.76682095505629,323.703315010775,73467.70281019212,17427698.09284668,0.011446886446886446,0.0,2.976190476190476,30
