{"name": "StackedCNN_softsign_selu10epc", "rmse": 705.2782112619759, "abs erro": 5874212.712581539, "erro comp": "False", "r2 score": -13.597816327332799, "mape score": 121.70318255047268, "alloc missing": 80118.30025243759, "alloc surplus": 5794094.412329101, "optimal percentage": 12.248168498168498, "better allocation": 11.263736263736265, "beter percentage": 15.739468864468865, "epoca": "10"}