{"name": "StackedCNN_softsign_selu20epc", "rmse": 1322.5957370902734, "abs erro": 10693587.724130595, "erro comp": "False", "r2 score": -50.335902098732156, "mape score": 204.54269766515534, "alloc missing": 76435.09946018459, "alloc surplus": 10617152.62467041, "optimal percentage": 3.8003663003663, "better allocation": 3.5828754578754576, "beter percentage": 7.016941391941392, "epoca": "20"}