{"loss": [120.74079132080078, 118.86153411865234, 118.228759765625, 117.75019836425781, 117.32839965820312, 116.97726440429688, 116.71524810791016, 116.42625427246094, 116.1635971069336, 115.90570831298828, 115.65609741210938, 115.43507385253906, 115.26563262939453, 115.01331329345703, 114.7864990234375, 114.60185241699219, 114.34695434570312, 114.19091796875, 113.9685287475586, 113.77700805664062, 113.5573501586914, 113.35247802734375, 113.16972351074219, 112.92570495605469, 112.84330749511719, 112.64030456542969, 112.52035522460938, 112.30476379394531, 112.15948486328125, 112.00311279296875], "root_mean_squared_error": [186.3067169189453, 183.54254150390625, 182.65467834472656, 182.0063018798828, 181.4622039794922, 180.97488403320312, 180.5738067626953, 180.24661254882812, 179.86459350585938, 179.48512268066406, 179.1476287841797, 178.87242126464844, 178.60345458984375, 178.23464965820312, 177.9852294921875, 177.71353149414062, 177.35287475585938, 177.10208129882812, 176.80490112304688, 176.4646453857422, 176.17063903808594, 175.89271545410156, 175.61575317382812, 175.3253936767578, 175.2363739013672, 174.92755126953125, 174.67208862304688, 174.3294219970703, 174.16015625, 173.99806213378906]}