name,rmse,abs erro,erro comp,r2 score,mape score,alloc missing,alloc surplus,optimal percentage,better allocation,beter percentage,epoca
StackedCNN 48X 4Y10epc,476.8520336388907,3978411.174334717,False,-5.682131819094575,86.5586046213601,44757.88010253907,3933653.2942321775,27.42773261065944,26.727642276422763,30.48780487804878,10
StackedCNN 48X 4Y20epc,432.35889768355,3583510.999108887,True,-4.493341045637451,79.17196763987154,60158.28179321289,3523352.717315674,34.6093044263776,34.20280036133695,38.32429990966577,20
StackedCNN 48X 4Y30epc,443.4657580813088,3672502.4286132813,True,-4.779202922524054,80.47386890255585,56035.62667236329,3616466.801940918,33.50271002710027,33.01716350496838,36.99186991869919,30
