{"name": "StackedCNN_48X_4Y10epc", "rmse": 476.8520336388907, "abs erro": 3978411.174334717, "erro comp": "False", "r2 score": -5.682131819094575, "mape score": 86.5586046213601, "alloc missing": 44757.88010253907, "alloc surplus": 3933653.2942321775, "optimal percentage": 27.42773261065944, "better allocation": 26.727642276422763, "beter percentage": 30.48780487804878, "epoca": "10"}