{"name": "UNET1epc", "rmse": 183.57557256928405, "abs erro": 1166186.906412506, "erro comp": "True", "r2 score": 0.010998970275661546, "mape score": 17.02300352939097, "alloc missing": 687071.6320991516, "alloc surplus": 479115.27431335446, "optimal percentage": 60.39377289377289, "better allocation": 60.39377289377289, "beter percentage": 85.4739010989011, "epoca": "1"}