{"loss": [0.2520134747028351, 0.04460759833455086, 0.03575367107987404, 0.03180700168013573, 0.02937641553580761, 0.028033357113599777, 0.02690618857741356, 0.02604331448674202, 0.025218157097697258, 0.024832161143422127, 0.024174120277166367, 0.023620273917913437, 0.023083578795194626, 0.02258002758026123, 0.022074298933148384, 0.021674711257219315, 0.02138710767030716, 0.02100452408194542, 0.020565727725625038, 0.020394649356603622, 0.020156117156147957, 0.01967552863061428, 0.0196112971752882, 0.019359441474080086, 0.01911524496972561, 0.018867691978812218, 0.018718453124165535, 0.01829642988741398, 0.01812402531504631, 0.017931150272488594], "root_mean_squared_error": [264.0465393066406, 178.33261108398438, 159.06451416015625, 153.1986541748047, 153.3101348876953, 150.51817321777344, 150.52102661132812, 147.68016052246094, 145.96641540527344, 145.9751739501953, 144.82859802246094, 141.82090759277344, 142.37562561035156, 140.25186157226562, 137.82516479492188, 137.4569091796875, 137.7344512939453, 135.42694091796875, 132.62474060058594, 132.8158416748047, 132.1700897216797, 127.37064361572266, 128.5480499267578, 126.43736267089844, 126.00865936279297, 123.5434799194336, 123.6494369506836, 118.67002868652344, 117.0618896484375, 115.270263671875]}