{"loss": [9.02711296081543, 8.729901313781738, 8.676700592041016, 8.544083595275879, 7.979934215545654, 7.958090782165527, 7.932335376739502, 7.916429042816162, 7.89976692199707, 7.888129234313965, 7.875058650970459, 7.865717887878418, 7.857996463775635, 7.847169876098633, 7.840000629425049, 7.831485271453857, 7.8222856521606445, 7.817162036895752, 7.811916351318359, 7.804625034332275, 7.795910835266113, 7.789784908294678, 7.788529872894287, 7.779613971710205, 7.77510404586792, 7.776232719421387, 7.768487453460693, 7.7625226974487305, 7.759221076965332, 7.753175258636475], "reshape_loss": [3.4218645095825195, 3.280172824859619, 3.255176067352295, 3.2380828857421875, 3.223144769668579, 3.2133352756500244, 3.201157569885254, 3.193706750869751, 3.1858339309692383, 3.180619239807129, 3.1743030548095703, 3.1702089309692383, 3.166609287261963, 3.1618247032165527, 3.1582841873168945, 3.1538469791412354, 3.1498653888702393, 3.147524118423462, 3.1451311111450195, 3.1413252353668213, 3.1370909214019775, 3.1351892948150635, 3.134596824645996, 3.1300370693206787, 3.1278438568115234, 3.1284661293029785, 3.124438524246216, 3.1211469173431396, 3.120239019393921, 3.117093086242676], "reshape_1_loss": [1.56570303440094, 1.5418649911880493, 1.53764009475708, 1.5346089601516724, 1.5320359468460083, 1.5304124355316162, 1.5289723873138428, 1.5278509855270386, 1.5274631977081299, 1.5264188051223755, 1.5260676145553589, 1.525557279586792, 1.5254487991333008, 1.5248661041259766, 1.5244580507278442, 1.5244334936141968, 1.523864984512329, 1.5238242149353027, 1.5235754251480103, 1.5233656167984009, 1.5226738452911377, 1.5223734378814697, 1.5230070352554321, 1.5223411321640015, 1.5224006175994873, 1.5223875045776367, 1.5220108032226562, 1.5217781066894531, 1.5216925144195557, 1.5214641094207764], "reshape_2_loss": [4.039536952972412, 3.9078688621520996, 3.8838717937469482, 3.771393299102783, 3.2247605323791504, 3.2143306732177734, 3.2022054195404053, 3.1948771476745605, 3.1864676475524902, 3.181090831756592, 3.174689769744873, 3.169954299926758, 3.1659281253814697, 3.160490036010742, 3.157254695892334, 3.153203248977661, 3.1485605239868164, 3.145810842514038, 3.143209218978882, 3.1399316787719727, 3.136138439178467, 3.1322240829467773, 3.130924701690674, 3.1272382736206055, 3.124856472015381, 3.125379800796509, 3.122039318084717, 3.1196048259735107, 3.1172962188720703, 3.1146199703216553], "reshape_root_mean_squared_error": [203.33706665039062, 199.29940795898438, 198.3631591796875, 197.88671875, 197.39984130859375, 197.10008239746094, 196.77381896972656, 196.53643798828125, 196.3570098876953, 196.22314453125, 196.068359375, 195.93434143066406, 195.882568359375, 195.79379272460938, 195.69134521484375, 195.5904083251953, 195.5074005126953, 195.53134155273438, 195.48687744140625, 195.41851806640625, 195.3708953857422, 195.2850799560547, 195.25909423828125, 195.24319458007812, 195.1243438720703, 195.1773223876953, 195.10557556152344, 195.08717346191406, 195.038330078125, 195.0143585205078], "reshape_1_categorical_accuracy": [0.3123893439769745, 0.32439833879470825, 0.3269354999065399, 0.32832980155944824, 0.3300519287586212, 0.3305876553058624, 0.33125609159469604, 0.33242517709732056, 0.3323889374732971, 0.3330768942832947, 0.3331153392791748, 0.3332430124282837, 0.3330188989639282, 0.3337603807449341, 0.3338963985443115, 0.3335435092449188, 0.333769291639328, 0.3337938189506531, 0.33405807614326477, 0.3341060280799866, 0.3345364034175873, 0.3344622552394867, 0.3343307077884674, 0.33465349674224854, 0.33432456851005554, 0.3342665731906891, 0.33421194553375244, 0.3348073661327362, 0.3349054753780365, 0.33521488308906555], "reshape_2_root_mean_squared_error": [204.87301635742188, 201.02236938476562, 200.1610870361328, 199.49212646484375, 197.4768524169922, 197.13002014160156, 196.74270629882812, 196.5260009765625, 196.33258056640625, 196.20587158203125, 196.0509490966797, 195.9051971435547, 195.8377685546875, 195.76419067382812, 195.66490173339844, 195.541259765625, 195.4440460205078, 195.49497985839844, 195.41397094726562, 195.37171936035156, 195.28610229492188, 195.24224853515625, 195.1680450439453, 195.13763427734375, 195.05113220214844, 195.10333251953125, 195.0528564453125, 195.03599548339844, 194.91567993164062, 194.98013305664062]}