{"name": "VanillaCNN_delta_mean12epc", "rmse": 7001.018707910726, "abs erro": 60814258.30234375, "erro comp": "False", "r2 score": -1437.4323352328247, "mape score": 1078.9688024214295, "alloc missing": 0.0, "alloc surplus": 60814258.30234375, "optimal percentage": 0.0, "better allocation": 0.0, "beter percentage": 0.0, "epoca": "12"}