{"name": "VanillaCNN_delta_mean9epc", "rmse": 5668.914703898142, "abs erro": 49307988.13144531, "erro comp": "False", "r2 score": -942.1196769690195, "mape score": 877.3232730216039, "alloc missing": 0.0, "alloc surplus": 49307988.13144531, "optimal percentage": 0.0, "better allocation": 0.0, "beter percentage": 0.0, "epoca": "9"}