{"name": "VanillaCNN_delta_mean18epc", "rmse": 4650.6944353368035, "abs erro": 40473765.550878905, "erro comp": "False", "r2 score": -633.7498002486154, "mape score": 715.182140386584, "alloc missing": 0.0, "alloc surplus": 40473765.550878905, "optimal percentage": 0.0, "better allocation": 0.0, "beter percentage": 0.0, "epoca": "18"}