{"name": "VanillaCNN_delta_mean3epc", "rmse": 4495.4932648928125, "abs erro": 39049014.02280273, "erro comp": "False", "r2 score": -592.0914504002819, "mape score": 698.0715331531246, "alloc missing": 0.0, "alloc surplus": 39049014.02280273, "optimal percentage": 0.0, "better allocation": 0.0, "beter percentage": 0.0, "epoca": "3"}