{"name": "VanillaCNN_delta_mean21epc", "rmse": 3763.7953199025033, "abs erro": 32632497.49643555, "erro comp": "False", "r2 score": -414.73726695772956, "mape score": 580.1712196080659, "alloc missing": 0.0, "alloc surplus": 32632497.49643555, "optimal percentage": 0.0, "better allocation": 0.0, "beter percentage": 0.0, "epoca": "21"}