{"name": "VanillaCNN_delta_mean24epc", "rmse": 2946.6585586985934, "abs erro": 25179792.81259766, "erro comp": "False", "r2 score": -253.81593982850458, "mape score": 456.83993605284326, "alloc missing": 0.0, "alloc surplus": 25179792.81259766, "optimal percentage": 0.0, "better allocation": 0.0, "beter percentage": 0.0, "epoca": "24"}