{"name": "VanillaCNN_delta_mean15epc", "rmse": 5281.997469852481, "abs erro": 45998947.36191406, "erro comp": "False", "r2 score": -817.7726714213692, "mape score": 813.6766085078104, "alloc missing": 0.0, "alloc surplus": 45998947.36191406, "optimal percentage": 0.0, "better allocation": 0.0, "beter percentage": 0.0, "epoca": "15"}