{"name": "VanillaCNN_delta_mean27epc", "rmse": 3708.036257149985, "abs erro": 31767988.849218752, "erro comp": "False", "r2 score": -402.5105600986885, "mape score": 578.7845084485232, "alloc missing": 0.0, "alloc surplus": 31767988.849218752, "optimal percentage": 0.0, "better allocation": 0.0, "beter percentage": 0.0, "epoca": "27"}