{"name": "VanillaCNN_delta_mean6epc", "rmse": 5295.309626737381, "abs erro": 46038795.93979492, "erro comp": "False", "r2 score": -821.9049586566804, "mape score": 818.3666510040122, "alloc missing": 0.0, "alloc surplus": 46038795.93979492, "optimal percentage": 0.0, "better allocation": 0.0, "beter percentage": 0.0, "epoca": "6"}