{"name": "VanillaCNNmsle", "rmse": 303.52407689143536, "abs erro": 25247613.32788086, "erro comp": "False", "r2 score": -2.458171018328643, "mape score": 0.08272483203941902, "alloc missing": 1547442.6115722656, "alloc surplus": 23700170.716308594, "optimal percentage": 0.0, "better allocation": 0.0, "beter percentage": 0.0}