{"loss": [2.6913859844207764, 1.7866079807281494, 1.7748150825500488, 1.7693088054656982, 1.767256736755371, 1.7656025886535645, 1.7645092010498047, 1.76335608959198, 1.7625045776367188, 0.5205371975898743, 0.01848137006163597, 0.01815336011350155, 0.017830990254878998, 0.017566783353686333, 0.017221862450242043, 0.016911152750253677, 0.01656292751431465, 0.016371246427297592, 0.01610102318227291, 0.015868453308939934, 0.015726175159215927, 0.015625519677996635, 0.015474477782845497, 0.015360444784164429, 0.015246554277837276, 0.015126993879675865, 0.014997928403317928, 0.014944547787308693, 0.014818217605352402, 0.014834068715572357], "root_mean_squared_error": [339.6308898925781, 240.99972534179688, 217.58798217773438, 211.64154052734375, 212.2186279296875, 208.140869140625, 208.19090270996094, 206.10594177246094, 204.22317504882812, 156.11375427246094, 127.49235534667969, 128.3819122314453, 126.9775390625, 127.20319366455078, 122.89888763427734, 119.77162170410156, 113.64293670654297, 111.1058120727539, 105.0660400390625, 101.72415161132812, 99.74197387695312, 98.96571350097656, 98.02049255371094, 96.20660400390625, 95.84320068359375, 94.8331298828125, 93.75213623046875, 93.81890869140625, 92.63005828857422, 93.0744857788086]}