name,rmse,abs erro,erro comp,r2 score,mape score,alloc missing,alloc surplus,optimal percentage,better allocation,beter percentage,epoca
StackedCNN SGD1epc,215.51924009596195,1170228.6799980165,True,-0.36313558427438974,4.854409817954108,1079175.5577941893,91053.1222038269,39.2742673992674,39.2742673992674,81.82234432234432,1
StackedCNN SGD10epc,209.191995864815,1133464.03146801,True,-0.2842722181636326,4.957122196971439,1030915.8799015045,102548.15156650543,40.602106227106226,40.602106227106226,82.24587912087912,10
StackedCNN SGD20epc,209.04996830254225,1131033.3204914094,True,-0.2825289379563054,4.782959299224338,1031671.190795517,99362.12969589233,40.24725274725275,40.24725274725275,82.22298534798534,20
StackedCNN SGD29epc,207.89578402704305,1125396.4760473252,True,-0.268406110022289,4.880960343414333,1021725.7954217911,103670.68062553406,40.59065934065934,40.59065934065934,82.26877289377289,29
StackedCNN SGD30epc,207.89578402704305,1125396.4760473252,True,-0.268406110022289,4.880960343414333,1021725.7954217911,103670.68062553406,40.59065934065934,40.59065934065934,82.26877289377289,30
