{"name": "StackedCNN_SGD20epc", "rmse": 209.04996830254225, "abs erro": 1131033.3204914094, "erro comp": "True", "r2 score": -0.2825289379563054, "mape score": 4.782959299224338, "alloc missing": 1031671.190795517, "alloc surplus": 99362.12969589233, "optimal percentage": 40.24725274725275, "better allocation": 40.24725274725275, "beter percentage": 82.22298534798534, "epoca": "20"}