{"name": "StackedCNN_SGD10epc", "rmse": 209.191995864815, "abs erro": 1133464.03146801, "erro comp": "True", "r2 score": -0.2842722181636326, "mape score": 4.957122196971439, "alloc missing": 1030915.8799015045, "alloc surplus": 102548.15156650543, "optimal percentage": 40.602106227106226, "better allocation": 40.602106227106226, "beter percentage": 82.24587912087912, "epoca": "10"}