{"loss": [4.984567165374756, 4.815969944000244, 4.782734394073486, 4.760767936706543, 4.749372959136963, 4.7377028465271, 4.726559162139893, 4.717461585998535, 4.711014747619629, 4.704756736755371, 4.696974754333496, 4.693532943725586, 4.687744140625, 4.682188510894775, 4.677594184875488, 4.674881458282471, 4.6698784828186035, 4.666801929473877, 4.664875507354736, 4.659745693206787, 4.656572341918945, 4.654675483703613, 4.651956081390381, 4.648724555969238, 4.646485805511475, 4.643041133880615, 4.640010356903076, 4.638916015625, 4.636845588684082, 4.635868549346924], "reshape_loss": [3.4201674461364746, 3.2771356105804443, 3.2487173080444336, 3.230067253112793, 3.2203209400177, 3.210315227508545, 3.2006545066833496, 3.1924426555633545, 3.1864254474639893, 3.1808831691741943, 3.1739819049835205, 3.170863151550293, 3.165311813354492, 3.160344123840332, 3.1561684608459473, 3.153677225112915, 3.1489272117614746, 3.1462600231170654, 3.1441903114318848, 3.1396546363830566, 3.1368215084075928, 3.1348493099212646, 3.1322720050811768, 3.129194498062134, 3.1271607875823975, 3.1243834495544434, 3.12130069732666, 3.120194435119629, 3.118168592453003, 3.117143154144287], "reshape_1_loss": [1.5644041299819946, 1.5388338565826416, 1.5340183973312378, 1.5307062864303589, 1.5290480852127075, 1.5273867845535278, 1.5259044170379639, 1.525009274482727, 1.5245945453643799, 1.5238702297210693, 1.5229905843734741, 1.5226707458496094, 1.5224345922470093, 1.521838903427124, 1.5214238166809082, 1.5212080478668213, 1.5209519863128662, 1.5205386877059937, 1.5206886529922485, 1.5200963020324707, 1.5197467803955078, 1.5198285579681396, 1.519689679145813, 1.5195294618606567, 1.5193222761154175, 1.5186649560928345, 1.5187134742736816, 1.518721342086792, 1.5186786651611328, 1.5187264680862427], "reshape_root_mean_squared_error": [203.33432006835938, 199.23854064941406, 198.38233947753906, 197.7711181640625, 197.4442901611328, 197.1204833984375, 196.90542602539062, 196.72450256347656, 196.54197692871094, 196.4580841064453, 196.1871337890625, 196.13519287109375, 196.02133178710938, 195.89288330078125, 195.80630493164062, 195.7828369140625, 195.69642639160156, 195.62294006347656, 195.6033477783203, 195.5138702392578, 195.43438720703125, 195.44435119628906, 195.41326904296875, 195.33316040039062, 195.26873779296875, 195.2675323486328, 195.2239532470703, 195.18600463867188, 195.1843719482422, 195.16429138183594], "reshape_1_categorical_accuracy": [0.31156256794929504, 0.3263244926929474, 0.3283125162124634, 0.3295479416847229, 0.3304221034049988, 0.33126893639564514, 0.332317590713501, 0.33293136954307556, 0.3329966068267822, 0.33332329988479614, 0.33365556597709656, 0.3337653875350952, 0.33370742201805115, 0.3340374529361725, 0.33413946628570557, 0.3341110348701477, 0.3348017632961273, 0.3340519368648529, 0.3341901898384094, 0.33459049463272095, 0.33455535769462585, 0.33450016379356384, 0.3343936800956726, 0.3346908390522003, 0.33438029885292053, 0.3350086212158203, 0.3349740505218506, 0.3349757194519043, 0.3353012800216675, 0.33527231216430664]}