name,rmse,abs erro,erro comp,r2 score,mape score,alloc missing,alloc surplus,optimal percentage,better allocation,beter percentage,epoca
UNETwl10epc,65450.05427462599,304053631.35135496,False,-125713.96620089114,5523.869184419024,20719.40872192383,304032911.94263303,10.038919413919414,9.50091575091575,11.469780219780219,10
UNETwl20epc,40589.53472155943,120821450.58267212,False,-48348.84731336893,2086.566514810364,14363.707012939456,120807086.87565918,9.512362637362637,8.940018315018316,10.542582417582418,20
UNETwl30epc,30011.41569121503,141637978.6073425,False,-26431.602536253507,2558.076207839019,10334.280657958983,141627644.32668456,9.352106227106226,8.619505494505495,9.913003663003662,30
UNETwl40epc,16877.55981582916,82501518.64207155,False,-8358.614923344474,1435.1425054656022,12574.411059570313,82488944.23101196,9.478021978021978,8.768315018315018,10.21062271062271,40
UNETwl50epc,11912.237395779153,58334601.57684936,False,-4163.411531868959,946.5426835923686,11566.557586669922,58323035.019262694,10.519688644688644,9.787087912087912,11.24084249084249,50
UNETwl60epc,25565.06729157062,56284860.59257813,False,-19179.540501919924,653.3244187365163,12884.797705078126,56271975.794873044,10.141941391941392,9.420787545787546,10.943223443223443,60
UNETwl70epc,110926.85963086627,293829038.0049865,False,-361109.7333620509,3629.0481619538664,14957.004260253907,293814081.00072634,10.15338827838828,9.443681318681318,11.103479853479852,70
