{"name": "UNETwl50epc", "rmse": 11912.237395779153, "abs erro": 58334601.57684936, "erro comp": "False", "r2 score": -4163.411531868959, "mape score": 946.5426835923686, "alloc missing": 11566.557586669922, "alloc surplus": 58323035.019262694, "optimal percentage": 10.519688644688644, "better allocation": 9.787087912087912, "beter percentage": 11.24084249084249, "epoca": "50"}