{"name": "UNETwl70epc", "rmse": 110926.85963086627, "abs erro": 293829038.0049865, "erro comp": "False", "r2 score": -361109.7333620509, "mape score": 3629.0481619538664, "alloc missing": 14957.004260253907, "alloc surplus": 293814081.00072634, "optimal percentage": 10.15338827838828, "better allocation": 9.443681318681318, "beter percentage": 11.103479853479852, "epoca": "70"}