{"name": "UNETwl40epc", "rmse": 16877.55981582916, "abs erro": 82501518.64207155, "erro comp": "False", "r2 score": -8358.614923344474, "mape score": 1435.1425054656022, "alloc missing": 12574.411059570313, "alloc surplus": 82488944.23101196, "optimal percentage": 9.478021978021978, "better allocation": 8.768315018315018, "beter percentage": 10.21062271062271, "epoca": "40"}