{"name": "UNETwl20epc", "rmse": 40589.53472155943, "abs erro": 120821450.58267212, "erro comp": "False", "r2 score": -48348.84731336893, "mape score": 2086.566514810364, "alloc missing": 14363.707012939456, "alloc surplus": 120807086.87565918, "optimal percentage": 9.512362637362637, "better allocation": 8.940018315018316, "beter percentage": 10.542582417582418, "epoca": "20"}