{"name": "UNETwl10epc", "rmse": 65450.05427462599, "abs erro": 304053631.35135496, "erro comp": "False", "r2 score": -125713.96620089114, "mape score": 5523.869184419024, "alloc missing": 20719.40872192383, "alloc surplus": 304032911.94263303, "optimal percentage": 10.038919413919414, "better allocation": 9.50091575091575, "beter percentage": 11.469780219780219, "epoca": "10"}