{"name": "UNETwl60epc", "rmse": 25565.06729157062, "abs erro": 56284860.59257813, "erro comp": "False", "r2 score": -19179.540501919924, "mape score": 653.3244187365163, "alloc missing": 12884.797705078126, "alloc surplus": 56271975.794873044, "optimal percentage": 10.141941391941392, "better allocation": 9.420787545787546, "beter percentage": 10.943223443223443, "epoca": "60"}