{"name": "StackedCNN_98X_12Y", "rmse": 622.3054820481872, "abs erro": 5179835.433984375, "erro comp": "False", "r2 score": -10.405069794335818, "mape score": 108.86470337288821, "alloc missing": 19985.94041748047, "alloc surplus": 5159849.493566895, "optimal percentage": 17.780809458844928, "better allocation": 16.780354706684857, "beter percentage": 19.326966803092315}