{"name": "UNETmae8epc", "rmse": 196.6074920789188, "abs erro": 1095822.618369484, "erro comp": "True", "r2 score": -0.13440227199164245, "mape score": 7.630073612751774, "alloc missing": 900426.4149632453, "alloc surplus": 195396.20340623855, "optimal percentage": 46.726190476190474, "better allocation": 46.726190476190474, "beter percentage": 83.57371794871796, "epoca": "8"}