{"name": "UNETmae15epc", "rmse": 199.91558231041893, "abs erro": 1094214.6998482943, "erro comp": "True", "r2 score": -0.1728980208622506, "mape score": 6.234403383552808, "alloc missing": 939564.439222741, "alloc surplus": 154650.26062555314, "optimal percentage": 44.253663003663, "better allocation": 44.253663003663, "beter percentage": 83.23031135531136, "epoca": "15"}