{"name": "UNETmae2epc", "rmse": 197.65805120849436, "abs erro": 1121135.9621869563, "erro comp": "True", "r2 score": -0.14655786878267785, "mape score": 8.740023340566227, "alloc missing": 872367.2328543663, "alloc surplus": 248768.7293325901, "optimal percentage": 48.51190476190476, "better allocation": 48.51190476190476, "beter percentage": 84.00869963369964, "epoca": "2"}