{"name": "UNETmae5epc", "rmse": 195.25040597799128, "abs erro": 1107528.3027952195, "erro comp": "True", "r2 score": -0.1187958635792763, "mape score": 8.806612535303628, "alloc missing": 863365.0077645303, "alloc surplus": 244163.29503068927, "optimal percentage": 49.14148351648351, "better allocation": 49.14148351648351, "beter percentage": 84.06593406593407, "epoca": "5"}