{"name": "UNETmae9epc", "rmse": 195.85946491460376, "abs erro": 1096709.6302413822, "erro comp": "True", "r2 score": -0.12578663428485082, "mape score": 7.761278270675748, "alloc missing": 887319.8979348064, "alloc surplus": 209389.73230657578, "optimal percentage": 46.794871794871796, "better allocation": 46.794871794871796, "beter percentage": 83.82554945054946, "epoca": "9"}