{"name": "UNETmae21epc", "rmse": 195.741663306347, "abs erro": 1087213.2776772021, "erro comp": "True", "r2 score": -0.12443281057779498, "mape score": 7.119510523821076, "alloc missing": 891709.4873704314, "alloc surplus": 195503.7903067708, "optimal percentage": 45.7760989010989, "better allocation": 45.7760989010989, "beter percentage": 83.74542124542124, "epoca": "21"}