{"name": "UNETmae18epc", "rmse": 190.713130516324, "abs erro": 1081534.6185664416, "erro comp": "True", "r2 score": -0.06740234116541521, "mape score": 8.733477058717382, "alloc missing": 835629.3114405394, "alloc surplus": 245905.30712590215, "optimal percentage": 49.72527472527473, "better allocation": 49.72527472527473, "beter percentage": 84.15750915750915, "epoca": "18"}