{"name": "UNETmae20epc", "rmse": 191.01464539428608, "abs erro": 1079824.8047128797, "erro comp": "True", "r2 score": -0.0707801064642608, "mape score": 8.793775175636267, "alloc missing": 839556.7678406358, "alloc surplus": 240268.0368722439, "optimal percentage": 49.14148351648351, "better allocation": 49.14148351648351, "beter percentage": 84.15750915750915, "epoca": "20"}