{"name": "UNETmae7epc", "rmse": 202.1771908958921, "abs erro": 1110833.5228586197, "erro comp": "True", "r2 score": -0.19958569171231955, "mape score": 6.571257259048576, "alloc missing": 958478.4513185502, "alloc surplus": 152355.07154006956, "optimal percentage": 44.276556776556774, "better allocation": 44.276556776556774, "beter percentage": 83.04716117216118, "epoca": "7"}