{"name": "UNETmae24epc", "rmse": 207.30370099654428, "abs erro": 1121353.3086529137, "erro comp": "True", "r2 score": -0.2611916076399108, "mape score": 5.165257870156176, "alloc missing": 1008850.4413929344, "alloc surplus": 112502.86725997923, "optimal percentage": 41.059981684981686, "better allocation": 41.059981684981686, "beter percentage": 82.53205128205127, "epoca": "24"}