{"name": "UNETmae14epc", "rmse": 194.46937476896045, "abs erro": 1085386.656845486, "erro comp": "True", "r2 score": -0.10986305971187327, "mape score": 7.72197072621995, "alloc missing": 871616.2565465927, "alloc surplus": 213770.40029889345, "optimal percentage": 47.79075091575092, "better allocation": 47.79075091575092, "beter percentage": 83.96291208791209, "epoca": "14"}