{"name": "UNETmae1epc", "rmse": 202.0573385341344, "abs erro": 1120175.326444149, "erro comp": "True", "r2 score": -0.19816386403074082, "mape score": 7.387968101756544, "alloc missing": 937950.5547187804, "alloc surplus": 182224.77172536848, "optimal percentage": 45.74175824175824, "better allocation": 45.74175824175824, "beter percentage": 83.26465201465201, "epoca": "1"}