{"name": "UNETmae10epc", "rmse": 184.68956628597107, "abs erro": 1143877.9499210594, "erro comp": "True", "r2 score": -0.0010405812932712255, "mape score": 14.911764516033902, "alloc missing": 666269.5349848985, "alloc surplus": 477608.414936161, "optimal percentage": 59.21474358974359, "better allocation": 59.21474358974359, "beter percentage": 85.84020146520146, "epoca": "10"}