{"name": "UNETmae4epc", "rmse": 193.39773420131104, "abs erro": 1106555.3781856536, "erro comp": "True", "r2 score": -0.09766476674132862, "mape score": 9.67934726573291, "alloc missing": 840265.7472925186, "alloc surplus": 266289.63089313504, "optimal percentage": 50.76694139194139, "better allocation": 50.76694139194139, "beter percentage": 84.27197802197803, "epoca": "4"}