{"name": "UNETmae19epc", "rmse": 188.54769047064698, "abs erro": 1089767.832733369, "erro comp": "True", "r2 score": -0.043300450850623395, "mape score": 9.782347169904837, "alloc missing": 790723.3097663879, "alloc surplus": 299044.52296698093, "optimal percentage": 51.968864468864474, "better allocation": 51.968864468864474, "beter percentage": 84.83287545787546, "epoca": "19"}