{"name": "UNETmae23epc", "rmse": 197.3858643843852, "abs erro": 1087934.485440302, "erro comp": "True", "r2 score": -0.1434022870275935, "mape score": 6.722268281231819, "alloc missing": 911465.0944807052, "alloc surplus": 176469.3909595966, "optimal percentage": 45.54716117216117, "better allocation": 45.54716117216117, "beter percentage": 83.5393772893773, "epoca": "23"}