{"name": "UNETmae25epc", "rmse": 189.41359428097684, "abs erro": 1120805.0876358151, "erro comp": "True", "r2 score": -0.052905153589089204, "mape score": 11.941112393186174, "alloc missing": 722097.8635296107, "alloc surplus": 398707.2241062045, "optimal percentage": 54.54441391941391, "better allocation": 54.54441391941391, "beter percentage": 85.17628205128204, "epoca": "25"}