{"name": "UNETmae3epc", "rmse": 196.7274228531474, "abs erro": 1110330.2046959877, "erro comp": "True", "r2 score": -0.13578666723080413, "mape score": 8.6327959200567, "alloc missing": 878747.9963242532, "alloc surplus": 231582.20837173462, "optimal percentage": 48.63782051282051, "better allocation": 48.63782051282051, "beter percentage": 83.87133699633699, "epoca": "3"}