{"name": "UNETmae13epc", "rmse": 197.24814910476024, "abs erro": 1090580.2756342173, "erro comp": "True", "r2 score": -0.14180734976901554, "mape score": 7.158947215025567, "alloc missing": 911085.8879621744, "alloc surplus": 179494.38767204282, "optimal percentage": 45.821886446886445, "better allocation": 45.821886446886445, "beter percentage": 83.37912087912088, "epoca": "13"}