{"name": "UNETmae11epc", "rmse": 193.6910277623547, "abs erro": 1096437.4905885695, "erro comp": "True", "r2 score": -0.10099657539982565, "mape score": 8.677256203708149, "alloc missing": 864572.9725408554, "alloc surplus": 231864.51804771423, "optimal percentage": 48.12271062271062, "better allocation": 48.12271062271062, "beter percentage": 84.02014652014653, "epoca": "11"}