{"name": "UNETmae12epc", "rmse": 198.30237309841337, "abs erro": 1095763.2016982376, "erro comp": "True", "r2 score": -0.15404510660243886, "mape score": 7.143713726001062, "alloc missing": 922060.5947859584, "alloc surplus": 173702.60691227912, "optimal percentage": 45.364010989010985, "better allocation": 45.364010989010985, "beter percentage": 83.367673992674, "epoca": "12"}