{"name": "UNETmae26epc", "rmse": 189.56531226760333, "abs erro": 1096387.261260247, "erro comp": "True", "r2 score": -0.05459255757272907, "mape score": 10.397055919515786, "alloc missing": 786037.3963278295, "alloc surplus": 310349.86493241787, "optimal percentage": 51.93452380952381, "better allocation": 51.93452380952381, "beter percentage": 84.66117216117216, "epoca": "26"}