{"name": "UNETmae16epc", "rmse": 199.18206056375965, "abs erro": 1093727.293548727, "erro comp": "True", "r2 score": -0.16430671625106452, "mape score": 6.6249801581448455, "alloc missing": 931736.8081028461, "alloc surplus": 161990.48544588088, "optimal percentage": 44.917582417582416, "better allocation": 44.917582417582416, "beter percentage": 83.2760989010989, "epoca": "16"}