{"name": "UNETmae6epc", "rmse": 198.5875923770465, "abs erro": 1097708.9831537066, "erro comp": "True", "r2 score": -0.15736723150647092, "mape score": 6.898354572005834, "alloc missing": 916327.1068109333, "alloc surplus": 181381.87634277344, "optimal percentage": 45.84478021978022, "better allocation": 45.84478021978022, "beter percentage": 83.55082417582418, "epoca": "6"}