{"name": "UNETmae22epc", "rmse": 198.6076467384032, "abs erro": 1092993.1391890883, "erro comp": "True", "r2 score": -0.15760099669138405, "mape score": 6.35290694053058, "alloc missing": 925715.0201666951, "alloc surplus": 167278.11902239322, "optimal percentage": 44.5970695970696, "better allocation": 44.5970695970696, "beter percentage": 83.40201465201466, "epoca": "22"}