{"name": "UNETmae17epc", "rmse": 194.19009015355437, "abs erro": 1085671.6371385336, "erro comp": "True", "r2 score": -0.10667751854204388, "mape score": 7.9987206941166455, "alloc missing": 875934.0046073317, "alloc surplus": 209737.63253120185, "optimal percentage": 48.03113553113553, "better allocation": 48.03113553113553, "beter percentage": 83.76831501831502, "epoca": "17"}