name,rmse,abs erro,erro comp,r2 score,mape score,alloc missing,alloc surplus,optimal percentage,better allocation,beter percentage,epoca
StackedCNN elu exponential10epc,413.37085322507403,3353401.2168945316,True,-4.014719705621989,76.14811851979398,76563.552734375,3276837.6641601566,51.52243589743589,51.23626373626373,54.83058608058609,10
StackedCNN elu exponential20epc,334.0079425338632,2651700.2989776614,True,-2.27401412958685,62.293100626587076,149439.22427673338,2502261.0747009283,83.55082417582418,83.5393772893773,87.93498168498168,20
StackedCNN elu exponential30epc,375.17821754315946,3012036.7451232914,True,-3.1308763216359683,69.95891885994257,104917.86294555664,2907118.8821777343,71.875,71.74908424908425,75.32051282051282,30
