{"name": "StackedCNN_elu_exponential10epc", "rmse": 413.37085322507403, "abs erro": 3353401.2168945316, "erro comp": "True", "r2 score": -4.014719705621989, "mape score": 76.14811851979398, "alloc missing": 76563.552734375, "alloc surplus": 3276837.6641601566, "optimal percentage": 51.52243589743589, "better allocation": 51.23626373626373, "beter percentage": 54.83058608058609, "epoca": "10"}