{"name": "StackedCNN_elu_exponential20epc", "rmse": 334.0079425338632, "abs erro": 2651700.2989776614, "erro comp": "True", "r2 score": -2.27401412958685, "mape score": 62.293100626587076, "alloc missing": 149439.22427673338, "alloc surplus": 2502261.0747009283, "optimal percentage": 83.55082417582418, "better allocation": 83.5393772893773, "beter percentage": 87.93498168498168, "epoca": "20"}