{"name": "StackedCNN130epc", "rmse": 440.5743086906516, "abs erro": 3608715.924255371, "erro comp": "True", "r2 score": -4.696463221762243, "mape score": 80.57634267088663, "alloc missing": 56970.789562988284, "alloc surplus": 3551745.134692383, "optimal percentage": 34.913003663003664, "better allocation": 34.455128205128204, "beter percentage": 38.495879120879124, "epoca": "130"}