{"name": "StackedCNN170epc", "rmse": 449.0289654745442, "abs erro": 3681985.758349609, "erro comp": "True", "r2 score": -4.917192181073432, "mape score": 81.98861447287418, "alloc missing": 53474.376013183595, "alloc surplus": 3628511.3823364256, "optimal percentage": 34.94734432234432, "better allocation": 34.455128205128204, "beter percentage": 38.324175824175825, "epoca": "170"}