{"name": "StackedCNN100epc", "rmse": 446.13105612570115, "abs erro": 3658133.930871582, "erro comp": "True", "r2 score": -4.8410627761776475, "mape score": 81.45398566495601, "alloc missing": 54581.97322998047, "alloc surplus": 3603551.9576416016, "optimal percentage": 35.016025641025635, "better allocation": 34.48946886446886, "beter percentage": 38.4271978021978, "epoca": "100"}