{"name": "StackedCNN120epc", "rmse": 458.36511309148534, "abs erro": 3764754.074719238, "erro comp": "True", "r2 score": -5.165809060842043, "mape score": 83.33149864902198, "alloc missing": 48643.65416259766, "alloc surplus": 3716110.4205566407, "optimal percentage": 34.569597069597066, "better allocation": 33.92857142857143, "beter percentage": 37.694597069597066, "epoca": "120"}