{"name": "StackedCNN200epc", "rmse": 453.1241904899213, "abs erro": 3717806.9919433594, "erro comp": "True", "r2 score": -5.0256160756481005, "mape score": 82.6746577657254, "alloc missing": 52038.15778808594, "alloc surplus": 3665768.8341552736, "optimal percentage": 35.03891941391941, "better allocation": 34.47802197802198, "beter percentage": 38.335622710622715, "epoca": "200"}