{"name": "StackedCNN_selu_relu", "rmse": 205.40849931108812, "abs erro": 1101687.1857564128, "erro comp": "True", "r2 score": -0.23823700907050727, "mape score": 4.247801256849651, "alloc missing": 1006295.2258667387, "alloc surplus": 95391.9598896742, "optimal percentage": 40.17857142857143, "better allocation": 40.17857142857143, "beter percentage": 82.41758241758241}