{"loss": [0.17040714621543884, 0.03240392729640007, 0.02695588953793049, 0.02373453415930271, 0.021779008209705353, 0.020120851695537567, 0.019314177334308624, 0.01856064237654209, 0.018096543848514557, 0.017672426998615265, 0.01744956523180008, 0.01723908632993698, 0.016986779868602753, 0.017010238021612167, 0.016779562458395958, 0.016640115529298782, 0.016636401414871216, 0.016505202278494835, 0.01640617661178112, 0.016401231288909912, 0.016209784895181656, 0.016208026558160782, 0.016108164563775063, 0.01602070964872837, 0.01597270555794239, 0.016054285690188408, 0.01589296944439411, 0.015930917114019394, 0.015951165929436684, 0.015739019960165024], "root_mean_squared_error": [42526248.0, 185.84751892089844, 140.72711181640625, 121.51220703125, 114.40267181396484, 108.08425903320312, 104.65324401855469, 102.69176483154297, 99.9103775024414, 98.44066619873047, 97.57565307617188, 98.03446960449219, 95.96128845214844, 97.2472152709961, 96.048583984375, 95.90116882324219, 96.30916595458984, 95.25172424316406, 95.53446960449219, 95.47734069824219, 94.55039978027344, 95.12501525878906, 94.37346649169922, 93.50711059570312, 94.44230651855469, 95.01365661621094, 93.07971954345703, 93.91097259521484, 95.60682678222656, 92.56768035888672]}