{"loss": [5.551332950592041, 5.270103454589844, 5.263010501861572, 3.870124340057373, 3.5143654346466064, 3.5126185417175293, 3.5113332271575928, 3.5102930068969727, 3.5096452236175537, 3.509126663208008, 3.5084121227264404, 3.508000373840332, 3.5075888633728027, 3.507159948348999, 3.5069093704223633, 3.5065951347351074, 3.506328821182251, 3.5059895515441895, 3.5058512687683105, 2.2953829765319824, 1.7623690366744995, 1.7620999813079834, 1.7617837190628052, 1.7616031169891357, 1.7614703178405762, 1.7612603902816772, 1.7611007690429688, 1.7609813213348389, 1.7608067989349365, 1.760681390762329], "root_mean_squared_error": [413.131103515625, 366.9495544433594, 360.4278869628906, 315.65179443359375, 300.306884765625, 296.0030822753906, 294.4248046875, 291.1776428222656, 292.0028991699219, 291.84521484375, 289.633056640625, 289.1593322753906, 286.4474182128906, 284.46875, 283.6232604980469, 282.0426025390625, 280.3536376953125, 278.5674133300781, 276.795166015625, 245.06954956054688, 222.14794921875, 219.7134552001953, 218.7584991455078, 217.9696044921875, 216.62051391601562, 214.90577697753906, 213.405517578125, 212.68751525878906, 211.13548278808594, 210.4783935546875]}