{"name": "StackedCNN_relu_linear", "rmse": 1130.7399684209531, "abs erro": 91581615.85559082, "erro comp": "False", "r2 score": -46.99385774290694, "mape score": 0.2949343725070121, "alloc missing": 91581615.85559082, "alloc surplus": 0.0, "optimal percentage": 0.0, "better allocation": 0.0, "beter percentage": 0.0}