name,rmse,abs erro,erro comp,r2 score,mape score,alloc missing,alloc surplus,optimal percentage,better allocation,beter percentage,epoca
StackedCNN 48X 12Y10epc,1288.9630046479563,10919455.400971223,False,-47.82347260157436,206.5802000654806,182395.74298782347,10737059.657983398,0.14679313459801266,0.0,5.770099367660343,10
StackedCNN 48X 12Y20epc,669.4424261476217,5692579.77758789,False,-12.169649764888028,117.48511733330868,12118.93513183594,5680460.842456054,14.859981933152666,13.798554652213188,15.797199638663054,20
StackedCNN 48X 12Y30epc,451.659832126085,3755277.120880127,True,-4.994744778282679,82.42033994874795,51133.00513916016,3704144.115740967,35.82881662149955,35.343270099367665,39.1260162601626,30
