{"name": "StackedCNN_48X_12Y20epc", "rmse": 669.4424261476217, "abs erro": 5692579.77758789, "erro comp": "False", "r2 score": -12.169649764888028, "mape score": 117.48511733330868, "alloc missing": 12118.93513183594, "alloc surplus": 5680460.842456054, "optimal percentage": 14.859981933152666, "better allocation": 13.798554652213188, "beter percentage": 15.797199638663054, "epoca": "20"}