{"loss": [3.4210045337677, 3.2817635536193848, 3.2529895305633545, 3.237029790878296, 3.222196102142334, 3.207914113998413, 3.1993753910064697, 3.191633939743042, 3.1838183403015137, 3.177637815475464, 3.1728787422180176, 3.168137788772583, 3.1640284061431885, 3.158759117126465, 3.154597282409668, 3.153205156326294, 3.1483490467071533, 3.146329641342163, 3.142843723297119, 3.1391377449035645, 3.137763738632202, 3.132722854614258, 3.1307599544525146, 3.1300086975097656, 3.128526449203491, 3.1272342205047607, 3.1228132247924805, 3.1213631629943848, 3.1197433471679688, 3.118105173110962], "root_mean_squared_error": [203.14108276367188, 199.19825744628906, 198.2494354248047, 197.7347412109375, 197.36428833007812, 196.9818572998047, 196.77374267578125, 196.56103515625, 196.34812927246094, 196.16488647460938, 196.05307006835938, 195.9056854248047, 195.87306213378906, 195.74649047851562, 195.61456298828125, 195.5760498046875, 195.48654174804688, 195.4712677001953, 195.41250610351562, 195.23121643066406, 195.2674560546875, 195.12225341796875, 195.17640686035156, 195.10572814941406, 195.1055450439453, 195.09107971191406, 194.97210693359375, 194.98951721191406, 194.91990661621094, 194.9144287109375]}