name,rmse,abs erro,erro comp,r2 score,mape score,alloc missing,alloc surplus,optimal percentage,better allocation,beter percentage,epoca
StackedCNN linear selu10epc,690.9637829876475,5766420.541662598,False,-13.011270886192605,121.57404671048633,11610.52606201172,5754810.015600586,13.62179487179487,12.637362637362637,14.640567765567766,10
StackedCNN linear selu20epc,269.6302247463582,2131265.805593872,True,-1.1335563042635037,50.65398503282651,227939.67187500003,1903326.133718872,84.47802197802197,84.47802197802197,91.62087912087912,20
StackedCNN linear selu30epc,559.8419203232195,4606574.045361328,False,-8.198092877556071,98.93069962989563,35641.94984741211,4570932.095513916,22.52747252747253,21.81776556776557,24.816849816849818,30
