{"name": "StackedCNN_linear_selu20epc", "rmse": 269.6302247463582, "abs erro": 2131265.805593872, "erro comp": "True", "r2 score": -1.1335563042635037, "mape score": 50.65398503282651, "alloc missing": 227939.67187500003, "alloc surplus": 1903326.133718872, "optimal percentage": 84.47802197802197, "better allocation": 84.47802197802197, "beter percentage": 91.62087912087912, "epoca": "20"}