{"name": "StackedCNN_linear_selu30epc", "rmse": 559.8419203232195, "abs erro": 4606574.045361328, "erro comp": "False", "r2 score": -8.198092877556071, "mape score": 98.93069962989563, "alloc missing": 35641.94984741211, "alloc surplus": 4570932.095513916, "optimal percentage": 22.52747252747253, "better allocation": 21.81776556776557, "beter percentage": 24.816849816849818, "epoca": "30"}