{"name": "StackedCNN_linear_selu10epc", "rmse": 690.9637829876475, "abs erro": 5766420.541662598, "erro comp": "False", "r2 score": -13.011270886192605, "mape score": 121.57404671048633, "alloc missing": 11610.52606201172, "alloc surplus": 5754810.015600586, "optimal percentage": 13.62179487179487, "better allocation": 12.637362637362637, "beter percentage": 14.640567765567766, "epoca": "10"}