{"name": "StackedCNN_softsign_softplus", "rmse": 900.7139892940825, "abs erro": 6351850.552270508, "erro comp": "False", "r2 score": -22.80897926726233, "mape score": 117.72993951438724, "alloc missing": 22655.508630371092, "alloc surplus": 6329195.043640137, "optimal percentage": 17.29624542124542, "better allocation": 16.552197802197803, "beter percentage": 18.830128205128204}