{"loss": [0.2314475178718567, 0.04381301999092102, 0.03481751307845116, 0.03132794797420502, 0.02878638170659542, 0.02742384560406208, 0.02654086984694004, 0.025711968541145325, 0.02545531466603279, 0.0249545369297266, 0.024440225213766098, 0.024126067757606506, 0.02382994256913662, 0.023515669628977776, 0.02334390953183174, 0.02312251552939415, 0.023005424067378044, 0.022721970453858376, 0.022650333121418953, 0.02246839553117752, 0.02233169786632061, 0.022194046527147293, 0.021986832842230797, 0.021909618750214577, 0.02165958657860756, 0.021614113822579384, 0.02132316865026951, 0.02126021683216095, 0.021284574642777443, 0.02098052017390728], "root_mean_squared_error": [251.3706512451172, 173.56610107421875, 156.24380493164062, 155.30337524414062, 150.07296752929688, 146.8329620361328, 147.6785888671875, 141.47940063476562, 145.8375701904297, 144.56581115722656, 144.42648315429688, 144.02813720703125, 145.29702758789062, 141.2833251953125, 142.76380920410156, 140.89361572265625, 140.36569213867188, 138.93804931640625, 137.96505737304688, 135.48977661132812, 133.984130859375, 132.84072875976562, 130.01173400878906, 128.30838012695312, 126.67134094238281, 125.48440551757812, 123.3375015258789, 123.26171875, 125.14891815185547, 122.90489196777344]}