name,rmse,abs erro,erro comp,r2 score,mape score,alloc missing,alloc surplus,optimal percentage,better allocation,beter percentage,epoca
VanillaCNNmae10epc,186.38049508009877,1039674.6320526183,True,-0.019454583742436915,7.332915917513658,828470.0844178619,211204.54763475657,47.081043956043956,47.081043956043956,84.47802197802197,10
VanillaCNNmae20epc,181.5707818898226,1009836.8332479537,True,0.032482367797048384,7.347301498323939,788813.631135136,221023.20211281776,47.012362637362635,47.012362637362635,84.89010989010988,20
VanillaCNNmae30epc,181.8215399776951,994893.6845317959,True,0.02980814456575931,6.096194915315655,812734.4407625914,182159.24376920462,42.43360805860806,42.43360805860806,84.75274725274726,30
