{"name": "VanillaCNNmae10epc", "rmse": 186.38049508009877, "abs erro": 1039674.6320526183, "erro comp": "True", "r2 score": -0.019454583742436915, "mape score": 7.332915917513658, "alloc missing": 828470.0844178619, "alloc surplus": 211204.54763475657, "optimal percentage": 47.081043956043956, "better allocation": 47.081043956043956, "beter percentage": 84.47802197802197, "epoca": "10"}