{"name": "VanillaCNNmae20epc", "rmse": 181.5707818898226, "abs erro": 1009836.8332479537, "erro comp": "True", "r2 score": 0.032482367797048384, "mape score": 7.347301498323939, "alloc missing": 788813.631135136, "alloc surplus": 221023.20211281776, "optimal percentage": 47.012362637362635, "better allocation": 47.012362637362635, "beter percentage": 84.89010989010988, "epoca": "20"}