{"loss": [9.142781257629395, 8.277878761291504, 7.714941501617432, 7.683836460113525, 7.654544353485107, 7.629870414733887, 7.609926700592041, 7.597382068634033, 7.581148147583008, 7.572849273681641, 7.559696674346924, 7.546000957489014, 7.5414323806762695, 7.531476974487305, 7.523278713226318, 7.513308048248291, 7.506314277648926, 7.498983860015869, 7.493378639221191, 7.487814903259277, 7.482917308807373, 7.477933883666992, 7.470498085021973, 7.464276313781738, 7.459611892700195, 7.453752517700195, 7.451395034790039, 7.445176601409912, 7.444561958312988, 7.436455726623535], "reshape_loss": [3.7634999752044678, 3.278202533721924, 3.2507832050323486, 3.2364320755004883, 3.223341941833496, 3.211376428604126, 3.2020814418792725, 3.195976495742798, 3.1886048316955566, 3.1845316886901855, 3.17856764793396, 3.171631097793579, 3.169545888900757, 3.1652255058288574, 3.1608450412750244, 3.1564724445343018, 3.1527626514434814, 3.14963960647583, 3.147111415863037, 3.1441714763641357, 3.141505002975464, 3.1394119262695312, 3.135826349258423, 3.1327545642852783, 3.1299948692321777, 3.127781629562378, 3.126601219177246, 3.1234312057495117, 3.123469829559326, 3.1195449829101562], "reshape_1_loss": [1.2360433340072632, 1.2152611017227173, 1.2113938331604004, 1.2094154357910156, 1.2073943614959717, 1.2062208652496338, 1.2054871320724487, 1.2046664953231812, 1.2037794589996338, 1.203937292098999, 1.2029361724853516, 1.2026371955871582, 1.202760100364685, 1.2024837732315063, 1.2020437717437744, 1.2015948295593262, 1.2015446424484253, 1.201137661933899, 1.201168179512024, 1.2009049654006958, 1.2008428573608398, 1.200732946395874, 1.200426459312439, 1.1999942064285278, 1.2003308534622192, 1.2002092599868774, 1.2000575065612793, 1.1997772455215454, 1.1998658180236816, 1.199756145477295], "reshape_2_loss": [4.143211841583252, 3.7844202518463135, 3.252760648727417, 3.237982988357544, 3.223802328109741, 3.212275266647339, 3.202371835708618, 3.196746349334717, 3.188753604888916, 3.1843814849853516, 3.1782023906707764, 3.171726942062378, 3.1691226959228516, 3.1637773513793945, 3.1603894233703613, 3.155237913131714, 3.152013063430786, 3.1482036113739014, 3.1450934410095215, 3.1427385807037354, 3.140575885772705, 3.1377952098846436, 3.134239912033081, 3.1315362453460693, 3.129277467727661, 3.125762462615967, 3.124736785888672, 3.121971845626831, 3.121229887008667, 3.1171486377716064], "reshape_root_mean_squared_error": [204.19578552246094, 199.19558715820312, 198.2652587890625, 197.78993225097656, 197.4085235595703, 197.07696533203125, 196.83238220214844, 196.6204833984375, 196.44886779785156, 196.3853302001953, 196.20289611816406, 196.0376739501953, 196.04476928710938, 195.9226837158203, 195.84642028808594, 195.77554321289062, 195.7084503173828, 195.5764923095703, 195.6332550048828, 195.50938415527344, 195.45350646972656, 195.42088317871094, 195.3588104248047, 195.26963806152344, 195.28854370117188, 195.18548583984375, 195.17959594726562, 195.10972595214844, 195.13153076171875, 195.05030822753906], "reshape_1_categorical_accuracy": [0.39154255390167236, 0.4092458486557007, 0.4126248359680176, 0.414188027381897, 0.41653677821159363, 0.41702792048454285, 0.4178825616836548, 0.4183754026889801, 0.4187082052230835, 0.4186268150806427, 0.41927963495254517, 0.41977137327194214, 0.41953274607658386, 0.419648140668869, 0.4200066328048706, 0.42018336057662964, 0.42042306065559387, 0.42079323530197144, 0.4202023148536682, 0.4202747642993927, 0.4206979274749756, 0.4212576448917389, 0.4210909605026245, 0.42126989364624023, 0.4209805727005005, 0.4208807647228241, 0.42092928290367126, 0.4214287996292114, 0.421392560005188, 0.4213407039642334], "reshape_2_root_mean_squared_error": [205.24282836914062, 200.77346801757812, 198.4132537841797, 197.85546875, 197.45948791503906, 197.13157653808594, 196.88731384277344, 196.66354370117188, 196.50152587890625, 196.4264373779297, 196.2313232421875, 196.08433532714844, 196.070068359375, 195.94439697265625, 195.82171630859375, 195.79368591308594, 195.7092742919922, 195.5946807861328, 195.57968139648438, 195.51406860351562, 195.4342498779297, 195.41990661621094, 195.3832244873047, 195.30404663085938, 195.2669219970703, 195.17938232421875, 195.168701171875, 195.0700225830078, 195.09364318847656, 195.02777099609375]}