name,rmse,abs erro,erro comp,r2 score,mape score,alloc missing,alloc surplus,optimal percentage,better allocation,beter percentage,epoca
StackedCNN tanh softplus10epc,204.70769217050187,1107678.137331009,True,-0.22980225557694078,5.0903703892049705,993497.4984443664,114180.63888664245,41.907051282051285,41.907051282051285,82.54349816849816,10
StackedCNN tanh softplus20epc,203.7509315354398,1100103.1038095176,True,-0.218333446343135,4.839350925594646,986813.5933866366,113289.51042288094,41.68956043956044,41.68956043956044,82.6923076923077,20
StackedCNN tanh softplus30epc,203.53367807747728,1097751.7892286973,True,-0.21573668726850426,4.707817590276584,986626.5216262179,111125.26760247946,41.31181318681318,41.31181318681318,82.72664835164835,30
