{"name": "StackedCNN_tanh_softplus20epc", "rmse": 203.7509315354398, "abs erro": 1100103.1038095176, "erro comp": "True", "r2 score": -0.218333446343135, "mape score": 4.839350925594646, "alloc missing": 986813.5933866366, "alloc surplus": 113289.51042288094, "optimal percentage": 41.68956043956044, "better allocation": 41.68956043956044, "beter percentage": 82.6923076923077, "epoca": "20"}