{"name": "StackedCNN_tanh_softplus30epc", "rmse": 203.53367807747728, "abs erro": 1097751.7892286973, "erro comp": "True", "r2 score": -0.21573668726850426, "mape score": 4.707817590276584, "alloc missing": 986626.5216262179, "alloc surplus": 111125.26760247946, "optimal percentage": 41.31181318681318, "better allocation": 41.31181318681318, "beter percentage": 82.72664835164835, "epoca": "30"}