{"name": "StackedCNN_tanh_softplus10epc", "rmse": 204.70769217050187, "abs erro": 1107678.137331009, "erro comp": "True", "r2 score": -0.22980225557694078, "mape score": 5.0903703892049705, "alloc missing": 993497.4984443664, "alloc surplus": 114180.63888664245, "optimal percentage": 41.907051282051285, "better allocation": 41.907051282051285, "beter percentage": 82.54349816849816, "epoca": "10"}