{"name": "StackedCNN_48X_8Y", "rmse": 1046.3796473718999, "abs erro": 32491810.181884766, "erro comp": "False", "r2 score": -40.07036722040225, "mape score": 0.31338634235244806, "alloc missing": 32491810.181884766, "alloc surplus": 0.0, "optimal percentage": 0.0, "better allocation": 0.0, "beter percentage": 0.0}