{"loss": [0.39688339829444885, 0.05438597500324249, 0.04468085989356041, 0.040838342159986496, 0.03889774531126022, 0.03743685409426689, 0.036204900592565536, 0.03472371771931648, 0.032906047999858856, 0.031404945999383926, 0.030219417065382004, 0.029123026877641678, 0.028071871027350426, 0.027205320075154305, 0.026286115869879723, 0.025464141741394997, 0.024852847680449486, 0.024464936926960945, 0.024182893335819244, 0.02404671162366867, 0.02390570193529129, 0.023762501776218414, 0.023680133745074272, 0.023615486919879913, 0.02359001338481903, 0.02352738194167614, 0.02339853160083294, 0.02334214374423027, 0.023433862254023552, 0.023318829014897346], "root_mean_squared_error": [299.6347351074219, 192.3479766845703, 170.40264892578125, 167.91729736328125, 169.43907165527344, 165.37860107421875, 165.93798828125, 161.31515502929688, 155.974609375, 153.7816925048828, 149.90753173828125, 145.85369873046875, 141.02064514160156, 139.2119140625, 138.52239990234375, 137.85325622558594, 140.10374450683594, 137.70086669921875, 138.29649353027344, 138.63052368164062, 138.34596252441406, 135.71340942382812, 138.60643005371094, 137.6407012939453, 138.05075073242188, 137.54193115234375, 134.88333129882812, 135.3150634765625, 137.20729064941406, 134.71241760253906]}