rmse,abs erro,erro comp,r2 score,mape score,alloc missing,alloc surplus
963.1909591866699,53254091.2,False,-26.147637046658637,90.44161200506936,430902.00000000006,52823189.2
