rmse,abs erro,erro comp,r2 score,mape score,alloc missing,alloc surplus
488.55368458838365,3898946.9000000004,False,-6.008942605247387,85.98375795472323,57046.4,3841900.5
