{"loss": [1.973314881324768, 1.7864633798599243, 1.7784291505813599, 1.775097370147705, 1.7722307443618774, 1.7709099054336548, 1.770048975944519, 1.769323706626892, 1.7687249183654785, 1.7682552337646484, 1.767809271812439, 1.7675130367279053, 1.7673261165618896, 1.7668756246566772, 1.7665247917175293, 1.7663378715515137, 1.766079068183899, 1.7658698558807373, 1.765699028968811, 1.7655398845672607, 1.7654105424880981, 1.7652122974395752, 1.765237808227539, 1.7650524377822876, 1.7648000717163086, 1.7646729946136475, 1.7644751071929932, 1.7643496990203857, 1.7642978429794312, 1.7640337944030762], "root_mean_squared_error": [303.85162353515625, 235.74159240722656, 222.2549591064453, 219.9395294189453, 218.7617645263672, 218.27037048339844, 217.71279907226562, 216.31942749023438, 213.9154815673828, 214.69879150390625, 212.73106384277344, 213.20822143554688, 212.69544982910156, 210.98092651367188, 208.97508239746094, 207.82528686523438, 205.18394470214844, 204.9475555419922, 203.31642150878906, 203.28579711914062, 202.90455627441406, 201.88433837890625, 203.61862182617188, 201.79122924804688, 200.70291137695312, 200.33444213867188, 199.96424865722656, 199.8704071044922, 199.8807830810547, 199.37100219726562]}