{"loss": [9.170001983642578, 8.104780197143555, 8.047501564025879, 8.012348175048828, 7.98093843460083, 7.956850528717041, 7.938165664672852, 7.92067813873291, 7.904069423675537, 7.893192291259766, 7.88031005859375, 7.868616104125977, 7.855718612670898, 7.847322940826416, 7.837265491485596, 7.831073760986328, 7.822947978973389, 7.811758995056152, 7.812633037567139, 7.802177429199219, 7.799066543579102, 7.789835453033447, 7.790740013122559, 7.783227920532227, 7.77584981918335, 7.771764278411865, 7.764032363891602, 7.760293483734131, 7.756126403808594, 7.7489705085754395], "reshape_loss": [3.7616171836853027, 3.281770706176758, 3.255415201187134, 3.239114999771118, 3.224581241607666, 3.213381290435791, 3.2047150135040283, 3.196561098098755, 3.188532829284668, 3.1834144592285156, 3.1772639751434326, 3.171762704849243, 3.1656107902526855, 3.1616413593292236, 3.1564531326293945, 3.153738260269165, 3.1495649814605713, 3.144547939300537, 3.14473819732666, 3.1392452716827393, 3.137206554412842, 3.132732629776001, 3.133584976196289, 3.1297123432159424, 3.125711679458618, 3.1236798763275146, 3.1198978424072266, 3.1181414127349854, 3.115487813949585, 3.1130828857421875], "reshape_1_loss": [1.564182162284851, 1.542217493057251, 1.5374550819396973, 1.5347365140914917, 1.532549262046814, 1.5308573246002197, 1.5295016765594482, 1.5284013748168945, 1.5273475646972656, 1.5267730951309204, 1.5262274742126465, 1.5258126258850098, 1.525069236755371, 1.5247365236282349, 1.524330735206604, 1.52387535572052, 1.5239708423614502, 1.5230772495269775, 1.5234894752502441, 1.523249864578247, 1.5231975317001343, 1.522924780845642, 1.5229226350784302, 1.5226831436157227, 1.5226516723632812, 1.5221798419952393, 1.5218182802200317, 1.5218181610107422, 1.5217088460922241, 1.5213255882263184], "reshape_2_loss": [3.8441994190216064, 3.280789613723755, 3.2546329498291016, 3.23848819732666, 3.223799705505371, 3.212618350982666, 3.203950881958008, 3.195718288421631, 3.188196897506714, 3.1830127239227295, 3.176811695098877, 3.1710455417633057, 3.165032386779785, 3.1609456539154053, 3.156475305557251, 3.1534557342529297, 3.149421453475952, 3.1441376209259033, 3.1444034576416016, 3.139699697494507, 3.1386592388153076, 3.1341705322265625, 3.134242534637451, 3.1308226585388184, 3.127485990524292, 3.125910520553589, 3.122319221496582, 3.1203420162200928, 3.1189236640930176, 3.114546537399292], "reshape_root_mean_squared_error": [204.09088134765625, 199.35507202148438, 198.4052276611328, 197.90980529785156, 197.43338012695312, 197.15628051757812, 196.90794372558594, 196.6326141357422, 196.4688720703125, 196.34580993652344, 196.15821838378906, 196.05943298339844, 195.95033264160156, 195.86180114746094, 195.83270263671875, 195.7113037109375, 195.5591278076172, 195.50970458984375, 195.52255249023438, 195.4371337890625, 195.43418884277344, 195.39682006835938, 195.38961791992188, 195.22532653808594, 195.21067810058594, 195.20152282714844, 195.11953735351562, 195.11355590820312, 195.00975036621094, 194.94729614257812], "reshape_1_categorical_accuracy": [0.31294962763786316, 0.32521286606788635, 0.327805757522583, 0.32881203293800354, 0.3297363817691803, 0.3299911618232727, 0.33056479692459106, 0.3310922086238861, 0.3319797217845917, 0.332143634557724, 0.33205386996269226, 0.33212411403656006, 0.3321692943572998, 0.33276692032814026, 0.33328595757484436, 0.33310195803642273, 0.33322852849960327, 0.33333444595336914, 0.33323967456817627, 0.3333795964717865, 0.3336656093597412, 0.33351007103919983, 0.3336455225944519, 0.33334672451019287, 0.33394935727119446, 0.33377766609191895, 0.3340608775615692, 0.3345676362514496, 0.33437472581863403, 0.33485865592956543], "reshape_2_root_mean_squared_error": [204.0672149658203, 199.28514099121094, 198.36557006835938, 197.87474060058594, 197.42709350585938, 197.1610107421875, 196.9139404296875, 196.61846923828125, 196.45782470703125, 196.3131103515625, 196.17616271972656, 196.09593200683594, 195.9191436767578, 195.857666015625, 195.8358154296875, 195.74851989746094, 195.5909881591797, 195.50892639160156, 195.52352905273438, 195.41091918945312, 195.4293975830078, 195.373779296875, 195.399658203125, 195.271240234375, 195.21287536621094, 195.1742706298828, 195.1255340576172, 195.11419677734375, 195.05923461914062, 194.9667205810547]}