{"loss": [9.913223266601562, 8.882171630859375, 8.071072578430176, 8.001291275024414, 7.97000789642334, 7.942374229431152, 7.925442218780518, 7.903151988983154, 7.889048099517822, 7.875089645385742, 7.859049320220947, 7.848886013031006, 7.8382134437561035, 7.826439380645752, 7.816158771514893, 7.806748390197754, 7.7998175621032715, 7.79506254196167, 7.784008979797363, 7.778684139251709, 7.768626689910889, 7.7672247886657715, 7.759764194488525, 7.750340461730957, 7.746359825134277, 7.739414691925049, 7.735973834991455, 7.731880187988281, 7.725357532501221, 7.7235846519470215], "reshape_loss": [4.041431903839111, 3.9065983295440674, 3.2818186283111572, 3.234987735748291, 3.220287799835205, 3.2074291706085205, 3.1992595195770264, 3.1886723041534424, 3.1824069023132324, 3.1756632328033447, 3.1681835651397705, 3.1633663177490234, 3.1583333015441895, 3.1527905464172363, 3.147700548171997, 3.143460750579834, 3.1399483680725098, 3.1381804943084717, 3.1326794624328613, 3.129997730255127, 3.1256070137023926, 3.1242942810058594, 3.121076822280884, 3.116103172302246, 3.114591360092163, 3.110488176345825, 3.10978102684021, 3.107516050338745, 3.1043925285339355, 3.1026484966278076], "reshape_1_loss": [1.5643943548202515, 1.5399712324142456, 1.5355767011642456, 1.5328105688095093, 1.5303469896316528, 1.528807282447815, 1.5276893377304077, 1.526626467704773, 1.5259627103805542, 1.5250611305236816, 1.5244728326797485, 1.5241518020629883, 1.5236934423446655, 1.523232340812683, 1.522822618484497, 1.5222276449203491, 1.5219789743423462, 1.5220520496368408, 1.5215004682540894, 1.5215601921081543, 1.521071434020996, 1.521068811416626, 1.5210398435592651, 1.5206375122070312, 1.5202722549438477, 1.520126223564148, 1.5199861526489258, 1.5197861194610596, 1.5194560289382935, 1.5196545124053955], "reshape_2_loss": [4.307385444641113, 3.4356026649475098, 3.2536745071411133, 3.2334940433502197, 3.219353437423706, 3.2061383724212646, 3.198495626449585, 3.1878623962402344, 3.180680751800537, 3.174363851547241, 3.1663973331451416, 3.1613659858703613, 3.1561825275421143, 3.1504170894622803, 3.145637035369873, 3.1410598754882812, 3.1378748416900635, 3.134817600250244, 3.1298294067382812, 3.127121925354004, 3.1219420433044434, 3.121863603591919, 3.117633581161499, 3.1136081218719482, 3.111487865447998, 3.1088063716888428, 3.106198787689209, 3.104590892791748, 3.1015191078186035, 3.1012959480285645], "reshape_root_mean_squared_error": [204.65045166015625, 200.8839111328125, 198.48724365234375, 197.8178253173828, 197.40371704101562, 196.9935302734375, 196.79855346679688, 196.51922607421875, 196.34056091308594, 196.1841583251953, 196.03709411621094, 195.86158752441406, 195.76109313964844, 195.66903686523438, 195.5509796142578, 195.4612579345703, 195.44073486328125, 195.3977508544922, 195.25929260253906, 195.17404174804688, 195.13473510742188, 195.19544982910156, 195.0746612548828, 194.99424743652344, 194.95516967773438, 194.8509521484375, 194.84927368164062, 194.80679321289062, 194.73594665527344, 194.73446655273438], "reshape_1_categorical_accuracy": [0.31273722648620605, 0.3254302740097046, 0.3279830515384674, 0.32949331402778625, 0.33033010363578796, 0.3315855860710144, 0.33202043175697327, 0.332572340965271, 0.332605242729187, 0.3334297835826874, 0.33309975266456604, 0.3337213397026062, 0.33346879482269287, 0.33418741822242737, 0.33418741822242737, 0.3345670700073242, 0.33484527468681335, 0.3349623382091522, 0.33448344469070435, 0.33479341864585876, 0.33500581979751587, 0.3348240852355957, 0.3344672918319702, 0.33523884415626526, 0.3350805342197418, 0.3354356586933136, 0.33522045612335205, 0.3354434669017792, 0.3360600471496582, 0.3356374502182007], "reshape_2_root_mean_squared_error": [205.2029266357422, 199.6783447265625, 198.32760620117188, 197.76162719726562, 197.3483428955078, 196.9505615234375, 196.76588439941406, 196.46958923339844, 196.31222534179688, 196.14967346191406, 195.97283935546875, 195.84962463378906, 195.740478515625, 195.6218719482422, 195.5047149658203, 195.43228149414062, 195.3938751220703, 195.3546905517578, 195.19285583496094, 195.10284423828125, 195.07037353515625, 195.13661193847656, 194.97755432128906, 194.90084838867188, 194.86582946777344, 194.8175506591797, 194.7992706298828, 194.73321533203125, 194.66384887695312, 194.69461059570312]}