{"loss": [8.734931945800781, 8.063817024230957, 7.717278003692627, 7.682783603668213, 7.654796123504639, 7.634696960449219, 7.610926628112793, 7.593210220336914, 7.5780792236328125, 7.56201171875, 7.5538716316223145, 7.538837432861328, 7.528844356536865, 7.521414756774902, 7.511424541473389, 7.507917404174805, 7.495699405670166, 7.484311103820801, 7.485977649688721, 7.476851940155029, 7.46562385559082, 7.459858417510986, 7.4579176902771, 7.447350978851318, 7.44713830947876, 7.44360876083374, 7.439148426055908, 7.4296417236328125, 7.425975799560547, 7.425808429718018], "reshape_loss": [3.4289183616638184, 3.2795183658599854, 3.253443956375122, 3.237274169921875, 3.224140167236328, 3.214452028274536, 3.2032546997070312, 3.1953535079956055, 3.187742233276367, 3.1797237396240234, 3.1755425930023193, 3.1686136722564697, 3.162778377532959, 3.1593210697174072, 3.1543025970458984, 3.152869939804077, 3.146811008453369, 3.1411662101745605, 3.1421334743499756, 3.136989116668701, 3.1315853595733643, 3.1296396255493164, 3.1282687187194824, 3.123004913330078, 3.123115301132202, 3.1211345195770264, 3.118603467941284, 3.1139581203460693, 3.1121737957000732, 3.1125547885894775], "reshape_1_loss": [1.2336251735687256, 1.21334969997406, 1.2095223665237427, 1.2073758840560913, 1.2054051160812378, 1.2045512199401855, 1.2032395601272583, 1.2021465301513672, 1.2020111083984375, 1.2012754678726196, 1.2011957168579102, 1.2005982398986816, 1.2003730535507202, 1.1998196840286255, 1.1995999813079834, 1.1997720003128052, 1.1990957260131836, 1.198479413986206, 1.1989237070083618, 1.198826789855957, 1.1984670162200928, 1.19818115234375, 1.1977665424346924, 1.1975213289260864, 1.197580337524414, 1.1977578401565552, 1.1975830793380737, 1.1969300508499146, 1.1967194080352783, 1.1968227624893188], "reshape_2_loss": [4.072389125823975, 3.570953130722046, 3.2543153762817383, 3.2381274700164795, 3.225252389907837, 3.215686321258545, 3.204442262649536, 3.1957056522369385, 3.1883208751678467, 3.1810169219970703, 3.1771292686462402, 3.1696174144744873, 3.165698766708374, 3.162264823913574, 3.1575238704681396, 3.155280590057373, 3.149782419204712, 3.144666910171509, 3.1449291706085205, 3.141038417816162, 3.135565996170044, 3.132028579711914, 3.131878614425659, 3.126824378967285, 3.126439094543457, 3.124720811843872, 3.1229617595672607, 3.1187517642974854, 3.1170756816864014, 3.116431951522827], "reshape_root_mean_squared_error": [203.44491577148438, 199.31300354003906, 198.41749572753906, 197.90647888183594, 197.50588989257812, 197.2411346435547, 196.9058380126953, 196.69393920898438, 196.44992065429688, 196.3210906982422, 196.197998046875, 196.03155517578125, 195.97560119628906, 195.90211486816406, 195.7821807861328, 195.75650024414062, 195.6116943359375, 195.48196411132812, 195.44308471679688, 195.43881225585938, 195.31292724609375, 195.231201171875, 195.26303100585938, 195.23170471191406, 195.17868041992188, 195.08619689941406, 195.09364318847656, 194.95071411132812, 195.01806640625, 195.0245819091797], "reshape_1_categorical_accuracy": [0.3927333652973175, 0.4100101590156555, 0.41340363025665283, 0.41543570160865784, 0.4169158637523651, 0.4176590144634247, 0.4187890589237213, 0.41966933012008667, 0.419711709022522, 0.42031213641166687, 0.42017051577568054, 0.42107924818992615, 0.420867383480072, 0.4215553402900696, 0.4212626516819, 0.42127716541290283, 0.4223180115222931, 0.422766774892807, 0.42234307527542114, 0.4225934147834778, 0.4226981997489929, 0.42308735847473145, 0.4232579469680786, 0.42378365993499756, 0.42383381724357605, 0.42365655303001404, 0.4237128496170044, 0.4242134988307953, 0.42452624440193176, 0.42442867159843445], "reshape_2_root_mean_squared_error": [205.23464965820312, 200.20152282714844, 198.44784545898438, 197.9005889892578, 197.4993133544922, 197.22996520996094, 196.91104125976562, 196.69129943847656, 196.47579956054688, 196.30894470214844, 196.22325134277344, 196.01095581054688, 195.9767608642578, 195.9302215576172, 195.77268981933594, 195.74356079101562, 195.60800170898438, 195.5071258544922, 195.46388244628906, 195.468994140625, 195.34170532226562, 195.25152587890625, 195.26321411132812, 195.21376037597656, 195.1639404296875, 195.10275268554688, 195.08837890625, 194.94943237304688, 194.97708129882812, 195.04200744628906]}