{"name": "StackedCNN_exponential_exponential", "rmse": 171.8394117396599, "abs erro": 10598330.46401863, "erro comp": "True", "r2 score": -0.14833674236089056, "mape score": 2.9721012369655964, "alloc missing": 7771709.31388321, "alloc surplus": 2826621.150135422, "optimal percentage": 48.701161115348754, "better allocation": 48.701161115348754, "beter percentage": 99.98198999915246}