{"loss": [3.506273031234741, 3.312851905822754, 3.279034376144409, 3.258058786392212, 3.2391388416290283, 3.2260093688964844, 3.2155628204345703, 3.2053754329681396, 3.1961886882781982, 3.1875557899475098, 3.1806552410125732, 3.171736001968384, 3.166961431503296, 3.1616861820220947, 3.155548572540283, 3.1463375091552734, 3.14363169670105, 3.1377077102661133, 3.1335794925689697, 3.127124071121216, 3.122785806655884, 3.1189842224121094, 3.1133053302764893, 3.1088292598724365, 3.108705520629883, 3.1004741191864014, 3.0990450382232666, 3.09474515914917, 3.089383602142334, 3.0850393772125244], "root_mean_squared_error": [1837047808.0, 199.22288513183594, 198.24366760253906, 197.6034698486328, 197.13858032226562, 196.82626342773438, 196.6619415283203, 196.4174346923828, 196.1226043701172, 195.82510375976562, 195.694091796875, 195.4563446044922, 195.3759765625, 196.1819610595703, 195.08473205566406, 194.9756317138672, 195.03274536132812, 195.17385864257812, 194.89259338378906, 194.90357971191406, 204.04116821289062, 196.1161346435547, 194.59645080566406, 204.8697967529297, 1538.8797607421875, 222.57736206054688, 249.30284118652344, 502.2506103515625, 203.53634643554688, 197.51266479492188]}