name,rmse,abs erro,erro comp,r2 score,mape score,alloc missing,alloc surplus,optimal percentage,better allocation,beter percentage,epoca
StackedCNN relu softsign10epc,236.3117598060612,1290137.999699414,True,-0.6388440535538848,0.857111509173342,1289376.7998164175,761.1998829960824,10.828754578754578,10.828754578754578,80.39148351648352,10
StackedCNN relu softsign20epc,236.31175982180838,1290137.999787748,True,-0.6388440537723012,0.8571115007223982,1289376.7998114107,761.1999763369561,11.137820512820513,11.137820512820513,80.39148351648352,20
StackedCNN relu softsign30epc,236.3117598188945,1290137.9997411373,True,-0.6388440537318851,0.8571114980500696,1289376.7997411368,761.2,11.286630036630036,11.286630036630036,80.40293040293041,30
