{"name": "StackedCNN_relu_softsign20epc", "rmse": 236.31175982180838, "abs erro": 1290137.999787748, "erro comp": "True", "r2 score": -0.6388440537723012, "mape score": 0.8571115007223982, "alloc missing": 1289376.7998114107, "alloc surplus": 761.1999763369561, "optimal percentage": 11.137820512820513, "better allocation": 11.137820512820513, "beter percentage": 80.39148351648352, "epoca": "20"}