{"name": "StackedCNN_relu_softsign10epc", "rmse": 236.3117598060612, "abs erro": 1290137.999699414, "erro comp": "True", "r2 score": -0.6388440535538848, "mape score": 0.857111509173342, "alloc missing": 1289376.7998164175, "alloc surplus": 761.1998829960824, "optimal percentage": 10.828754578754578, "better allocation": 10.828754578754578, "beter percentage": 80.39148351648352, "epoca": "10"}