{"loss": [54798.2890625, 54160.27734375, 54057.59765625, 53985.65625, 53953.90625, 53886.2109375, 53801.37109375, 53707.984375, 53538.47265625, 53224.66015625, 53077.8671875, 52924.3203125, 52846.03125, 52702.23828125, 52624.15625, 52500.71484375, 52437.6015625, 52372.97265625, 52310.91015625, 52244.06640625, 52182.08984375, 52126.2578125, 52089.82421875, 52037.890625, 51984.54296875, 51958.296875, 51930.3125, 51897.2421875, 51867.734375, 51837.03515625], "root_mean_squared_error": [195.13128662109375, 191.74366760253906, 191.2893829345703, 190.8818359375, 190.61880493164062, 190.00621032714844, 189.4048309326172, 188.92117309570312, 188.35240173339844, 187.4993438720703, 187.254638671875, 186.8735809326172, 186.70863342285156, 186.17478942871094, 185.9456024169922, 185.7354278564453, 185.5832061767578, 185.38937377929688, 185.33851623535156, 185.17860412597656, 185.07699584960938, 184.99835205078125, 184.81292724609375, 184.7425079345703, 184.56661987304688, 184.464111328125, 184.27244567871094, 184.22239685058594, 184.0137939453125, 184.0388641357422]}