{"name": "UNETmsde", "rmse": 174.74338570308151, "abs erro": 10679975.053661786, "erro comp": "True", "r2 score": -0.18747697721568302, "mape score": 2.643865343563056, "alloc missing": 7947072.68623663, "alloc surplus": 2732902.3674251554, "optimal percentage": 47.63857106534452, "better allocation": 47.63857106534452, "beter percentage": 99.97457411645054}