name,rmse,abs erro,erro comp,r2 score,mape score,alloc missing,alloc surplus,optimal percentage,better allocation,beter percentage,epoca
StackedCNN 98X 12Y10epc,382.21459888775854,3091169.2856384274,True,-3.3023450294276993,71.30658673360857,105076.53630371093,2986092.7493347162,76.13688040018191,76.04592996816734,79.21782628467486,10
StackedCNN 98X 12Y20epc,566.3643375669361,4711044.942108155,False,-8.446751518271546,101.57477426173115,29028.382391357423,4682016.5597167965,20.74806730331969,19.83856298317417,22.74897680763984,20
StackedCNN 98X 12Y30epc,622.3054820481872,5179835.433984375,False,-10.405069794335818,108.86470337288821,19985.94041748047,5159849.493566895,17.780809458844928,16.780354706684857,19.326966803092315,30
