{"name": "StackedCNN_98X_12Y10epc", "rmse": 382.21459888775854, "abs erro": 3091169.2856384274, "erro comp": "True", "r2 score": -3.3023450294276993, "mape score": 71.30658673360857, "alloc missing": 105076.53630371093, "alloc surplus": 2986092.7493347162, "optimal percentage": 76.13688040018191, "better allocation": 76.04592996816734, "beter percentage": 79.21782628467486, "epoca": "10"}