{"name": "StackedCNN_98X_12Y20epc", "rmse": 566.3643375669361, "abs erro": 4711044.942108155, "erro comp": "False", "r2 score": -8.446751518271546, "mape score": 101.57477426173115, "alloc missing": 29028.382391357423, "alloc surplus": 4682016.5597167965, "optimal percentage": 20.74806730331969, "better allocation": 19.83856298317417, "beter percentage": 22.74897680763984, "epoca": "20"}