{"name": "StackedCNN_softplus_elu", "rmse": 2050.136433177822, "abs erro": 190890132.78027344, "erro comp": "False", "r2 score": -156.77046301298304, "mape score": 0.6167677876127379, "alloc missing": 190890132.78027344, "alloc surplus": 0.0, "optimal percentage": 0.0, "better allocation": 0.0, "beter percentage": 0.0}