{"loss": [5.459700107574463, 5.270723819732666, 5.26310920715332, 5.2594380378723145, 5.257300853729248, 3.528179407119751, 1.768396258354187, 1.767459750175476, 1.7667865753173828, 1.766257643699646, 1.7657995223999023, 1.7651889324188232, 1.764704942703247, 1.7643027305603027, 1.763850450515747, 1.763630747795105, 1.7632607221603394, 1.7628263235092163, 1.762772560119629, 1.762588381767273, 1.7624038457870483, 1.7621617317199707, 1.7620344161987305, 1.761729121208191, 1.7615535259246826, 1.7614614963531494, 1.7611695528030396, 1.7609267234802246, 1.7607392072677612, 1.7604743242263794], "root_mean_squared_error": [370.12408447265625, 322.1776428222656, 312.91827392578125, 311.4644470214844, 311.5964050292969, 268.991455078125, 214.88633728027344, 212.9974822998047, 210.38455200195312, 211.3467559814453, 210.53134155273438, 209.2856903076172, 208.89208984375, 208.76316833496094, 206.7636260986328, 208.1822509765625, 205.44337463378906, 203.020263671875, 203.83837890625, 204.18328857421875, 202.64498901367188, 201.63365173339844, 202.24195861816406, 199.38743591308594, 198.68016052246094, 198.02720642089844, 194.81082153320312, 193.01950073242188, 191.95611572265625, 189.92446899414062]}