{"name": "StackedCNN_24X_1Y", "rmse": 209.4662006816309, "abs erro": 1149047.5637125014, "erro comp": "True", "r2 score": -0.29021148188430224, "mape score": 4.427474708007269, "alloc missing": 1055993.6988985061, "alloc surplus": 93053.86481399536, "optimal percentage": 39.54954954954955, "better allocation": 39.54954954954955, "beter percentage": 82.2072072072072}