{"name": "VanillaCNNmse", "rmse": 162.44339473490137, "abs erro": 1038022.8016461134, "erro comp": "True", "r2 score": 0.22558978236839078, "mape score": 14.301868490271826, "alloc missing": 568479.5374280692, "alloc surplus": 469543.2642180443, "optimal percentage": 61.02335164835166, "better allocation": 61.02335164835166, "beter percentage": 87.0764652014652}