{"loss": [33.39568328857422, 23.47776985168457, 15.621021270751953, 10.523211479187012, 7.3599534034729, 5.50918436050415, 4.493159294128418, 3.9715447425842285, 3.7287302017211914, 3.6320486068725586, 3.598750352859497, 3.586280584335327, 3.5800209045410156, 3.5754806995391846, 3.57259464263916, 3.56974196434021, 3.5677437782287598, 3.5654385089874268, 3.5642824172973633, 3.5628654956817627, 3.5613768100738525, 3.560455083847046, 3.559257984161377, 3.558350086212158, 3.557626485824585, 3.556847095489502, 3.55610990524292, 3.555466890335083, 3.554971694946289, 3.5542304515838623], "root_mean_squared_error": [778.6695556640625, 774.6441040039062, 764.8720092773438, 743.77734375, 706.768310546875, 652.8049926757812, 587.7339477539062, 521.6465454101562, 467.9697265625, 435.0955505371094, 419.13018798828125, 411.5044860839844, 406.8829345703125, 403.0577087402344, 401.1522216796875, 398.4009704589844, 396.6886291503906, 393.83221435546875, 393.0066223144531, 391.23846435546875, 388.72076416015625, 387.6278381347656, 385.45452880859375, 383.58905029296875, 382.61822509765625, 380.8354187011719, 379.2987976074219, 377.7436828613281, 376.46099853515625, 375.2830810546875]}