{"loss": [33.39568328857422], "root_mean_squared_error": [778.6695556640625]}