{"name": "StackedCNN_Adadelta", "rmse": 2105.9022958307305, "abs erro": 194811708.44384766, "erro comp": "False", "r2 score": -165.47024127644423, "mape score": 0.6294223491883054, "alloc missing": 194811708.44384766, "alloc surplus": 0.0, "optimal percentage": 0.0, "better allocation": 0.0, "beter percentage": 0.0}