{"loss": 33069.60546875, "root_mean_squared_error": 181.85057067871094}