name,rmse,abs erro,erro comp,r2 score,mape score,alloc missing,alloc surplus,optimal percentage,better allocation,beter percentage,epoca
StackedCNNwl10epc,176.3260120870257,1198818.4361839294,True,0.08756963146313268,20.620924236108383,554121.7399108887,644696.6962730407,65.91117216117216,65.91117216117216,86.96199633699634,10
StackedCNNwl20epc,175.98088005367157,1196204.1468635558,True,0.09113803014541932,20.4234464702473,560141.2183776856,636062.9284858702,65.57921245421245,65.57921245421245,86.89331501831502,20
StackedCNNwl30epc,175.8656105343235,1186767.3594009401,True,0.09232827048905046,20.024483359077884,572945.1006835938,613822.2587173461,64.91529304029304,64.91529304029304,86.81318681318682,30
StackedCNNwl40epc,175.5235655521817,1179159.2452598573,True,0.09585553934866331,19.430430369924125,579245.1071258546,599914.1381340026,64.5375457875458,64.5375457875458,86.68727106227107,40
StackedCNNwl50epc,176.16386537190363,1214134.9427673342,True,0.08924697401868342,21.37555379171376,542535.214338684,671599.72842865,66.91849816849816,66.91849816849816,87.11080586080587,50
StackedCNNwl60epc,175.43642032077472,1194591.0018539429,True,0.09675310906718249,20.477663205814316,559289.3277023316,635301.6741516114,65.69368131868131,65.69368131868131,87.01923076923077,60
StackedCNNwl70epc,175.640621840357,1199654.9220703125,True,0.09464919323739507,20.78048465885164,554885.7516204834,644769.1704498291,66.09432234432234,66.09432234432234,86.89331501831502,70
