{"name": "StackedCNNwl10epc", "rmse": 176.3260120870257, "abs erro": 1198818.4361839294, "erro comp": "True", "r2 score": 0.08756963146313268, "mape score": 20.620924236108383, "alloc missing": 554121.7399108887, "alloc surplus": 644696.6962730407, "optimal percentage": 65.91117216117216, "better allocation": 65.91117216117216, "beter percentage": 86.96199633699634, "epoca": "10"}