{"name": "StackedCNNwl60epc", "rmse": 175.43642032077472, "abs erro": 1194591.0018539429, "erro comp": "True", "r2 score": 0.09675310906718249, "mape score": 20.477663205814316, "alloc missing": 559289.3277023316, "alloc surplus": 635301.6741516114, "optimal percentage": 65.69368131868131, "better allocation": 65.69368131868131, "beter percentage": 87.01923076923077, "epoca": "60"}