name,rmse,abs erro,erro comp,r2 score,mape score,alloc missing,alloc surplus,optimal percentage,better allocation,beter percentage
VanillaDense,1200.20279592593,10073188.282629395,False,-41.27428093309294,192.5014361918629,487.24017333984375,10072701.042456055,1.1332417582417582,0.7669413919413919,1.1675824175824177
StackedCNN,453.1241904899213,3717806.9919433594,True,-5.0256160756481005,82.6746577657254,52038.15778808594,3665768.8341552736,35.03891941391941,34.47802197802198,38.335622710622715
UNET,183.57557256928405,1166186.906412506,True,0.010998970275661546,17.02300352939097,687071.6320991516,479115.27431335446,60.39377289377289,60.39377289377289,85.4739010989011
VanillaCNN,174.96359451802178,1124205.7220406057,True,0.10161530264492369,16.45138935388933,614355.8974720478,509849.8245685577,61.790293040293044,61.790293040293044,86.18360805860806
