name,rmse,abs erro,erro comp,r2 score,mape score,alloc missing,alloc surplus,optimal percentage,better allocation,beter percentage
EncoderDecoder,177.0711296195963,1050078.7594238282,True,0.07984185099781527,11.131968418412175,754129.5372520447,295949.22217178345,53.39972527472527,53.39972527472527,84.7985347985348
StackedCNN,453.1241904899213,3717806.9919433594,True,-5.0256160756481005,82.6746577657254,52038.15778808594,3665768.8341552736,35.03891941391941,34.47802197802198,38.335622710622715
StackedLSTMA,,0.0,True,-0.6465015257286457,,,,0.0,0.0,0.0
UNET,176.72827950256172,1138605.6587812423,True,0.08340167368227247,16.848894542799744,619845.5395025252,518760.11927871703,62.202380952380956,62.202380952380956,86.13782051282051
VanillaCNN,174.96359451802178,1124205.7220406057,True,0.10161530264492369,16.45138935388933,614355.8974720478,509849.8245685577,61.790293040293044,61.790293040293044,86.18360805860806
VanillaDense,1200.20279592593,10073188.282629395,False,-41.27428093309294,192.5014361918629,487.24017333984375,10072701.042456055,1.1332417582417582,0.7669413919413919,1.1675824175824177
