name,rmse,abs erro,erro comp,r2 score,mape score,alloc missing,alloc surplus,optimal percentage,better allocation,beter percentage,epoca
StackedCNN 48X 1Y10epc,1171.2967316719826,10158784.370104982,False,-39.31638867616376,189.62517226719422,199.61887207031236,10158584.751232909,0.23712737127371272,0.0,0.25971093044263777,10
StackedCNN 48X 1Y20epc,608.6476063656694,5142145.7496704105,False,-9.886282430315195,107.1585442423643,16622.46319580078,5125523.28647461,16.55374887082204,15.334236675700092,17.863595302619693,20
StackedCNN 48X 1Y30epc,510.34191359513665,4249569.03461914,False,-6.653678864260729,91.64536474848924,35151.963000488286,4214417.071618653,23.577235772357724,22.628726287262875,26.050135501355015,30
