{"name": "StackedCNN_48X_1Y20epc", "rmse": 608.6476063656694, "abs erro": 5142145.7496704105, "erro comp": "False", "r2 score": -9.886282430315195, "mape score": 107.1585442423643, "alloc missing": 16622.46319580078, "alloc surplus": 5125523.28647461, "optimal percentage": 16.55374887082204, "better allocation": 15.334236675700092, "beter percentage": 17.863595302619693, "epoca": "20"}