name,rmse,abs erro,erro comp,r2 score,mape score,alloc missing,alloc surplus,optimal percentage,better allocation,beter percentage,epoca
StackedCNN exponential relu10epc,229.76474902243046,1794372.5511383056,True,-0.5492937151534645,41.702088798201714,313910.3230133056,1480462.228125,79.84203296703298,79.84203296703298,90.06410256410257,10
StackedCNN exponential relu20epc,446.699475056751,3658771.973803711,True,-4.855956542217943,81.56613792056825,55260.35333862305,3603511.6204650877,34.741300366300365,34.24908424908425,38.16391941391941,20
StackedCNN exponential relu30epc,520.74196746786,4312838.047094727,False,-6.958149988578836,93.46519199620778,31690.984313964844,4281147.062780761,20.87912087912088,19.963369963369964,23.214285714285715,30
