{"name": "StackedCNN_exponential_relu10epc", "rmse": 229.76474902243046, "abs erro": 1794372.5511383056, "erro comp": "True", "r2 score": -0.5492937151534645, "mape score": 41.702088798201714, "alloc missing": 313910.3230133056, "alloc surplus": 1480462.228125, "optimal percentage": 79.84203296703298, "better allocation": 79.84203296703298, "beter percentage": 90.06410256410257, "epoca": "10"}