{"name": "StackedCNN_exponential_relu20epc", "rmse": 446.699475056751, "abs erro": 3658771.973803711, "erro comp": "True", "r2 score": -4.855956542217943, "mape score": 81.56613792056825, "alloc missing": 55260.35333862305, "alloc surplus": 3603511.6204650877, "optimal percentage": 34.741300366300365, "better allocation": 34.24908424908425, "beter percentage": 38.16391941391941, "epoca": "20"}