{"loss": [0.5873544812202454, 0.0659385696053505, 0.061023466289043427, 0.056678835302591324, 0.0508984737098217, 0.04820387810468674, 0.045643892139196396, 0.042833112180233, 0.03886698558926582, 0.03500339761376381, 0.03160916641354561, 0.02939990535378456, 0.02824508771300316, 0.02790827304124832, 0.027520669624209404, 0.027373936027288437, 0.027408437803387642, 0.027303453534841537, 0.027166597545146942, 0.027055740356445312, 0.02712281607091427, 0.026857702061533928, 0.026907598599791527, 0.026965998113155365, 0.026896163821220398, 0.02685113251209259, 0.026856327429413795, 0.02674989588558674, 0.026624362915754318, 0.026739828288555145], "root_mean_squared_error": [322.9324035644531, 211.4910888671875, 195.57167053222656, 189.14581298828125, 187.96388244628906, 184.5906524658203, 181.64422607421875, 179.0708465576172, 171.05946350097656, 167.57632446289062, 167.03260803222656, 165.98983764648438, 164.0288543701172, 163.2775115966797, 161.0242462158203, 160.58621215820312, 163.48544311523438, 161.52687072753906, 161.7096710205078, 159.02305603027344, 161.2504119873047, 157.296142578125, 157.804443359375, 160.34088134765625, 158.41688537597656, 158.3510284423828, 159.63787841796875, 156.69732666015625, 157.41761779785156, 159.03680419921875]}