{"name": "VanillaCNN_delta_mean", "rmse": 4061.697225341814, "abs erro": 34669933.863134764, "erro comp": "False", "r2 score": -483.1523603289239, "mape score": 634.3939778613018, "alloc missing": 0.0, "alloc surplus": 34669933.863134764, "optimal percentage": 0.0, "better allocation": 0.0, "beter percentage": 0.0}