{"name": "VanillaCNN", "rmse": 1327.7860799832672, "Absolute Error": 265667924.55713528, "r2 score": -63.65700285306329, "mape score": 3.3897359614404108e+16, "erro_per_mean score": 39.31291668052324, "alloc_erro": 8974990.850861048, "spain_alloc_erro": 586521.6000000001, "alloc_erro_comp_bool": 227028.0, "alloc_erro_comp_value": 267522.0}