{"loss": [31068.73046875, 30206.466796875, 29994.447265625, 29849.0234375, 29719.361328125, 29635.025390625, 29520.240234375, 29464.619140625, 29414.70703125, 29351.6875, 29311.53515625, 29288.361328125, 29210.474609375, 29185.826171875, 29140.025390625, 29062.998046875, 29028.48046875, 29001.197265625, 28965.748046875, 28931.11328125, 28890.365234375, 28859.24609375, 28827.91796875, 28793.3984375, 28759.4921875, 28733.453125, 28699.10546875, 28644.86328125, 28609.861328125, 28592.71875, 28551.400390625, 28512.94140625, 28510.48828125, 28468.80859375, 28460.501953125, 28431.787109375, 28390.521484375, 28374.0390625, 28340.171875, 28283.78125, 28289.271484375, 28263.494140625, 28225.349609375, 28172.595703125, 28173.44140625, 28139.583984375, 28098.23828125, 28097.15625, 28070.548828125, 28053.7421875, 28038.71484375, 28038.728515625, 28011.080078125, 27961.646484375, 27947.91796875, 27959.029296875, 27927.857421875, 27938.302734375, 27926.544921875, 27919.08203125, 27896.705078125, 27890.708984375, 27876.705078125, 27851.39453125, 27863.455078125, 27848.41796875, 27838.04296875, 27810.55859375, 27835.376953125, 27830.978515625, 27801.60546875, 27758.275390625, 27762.54296875, 27808.671875, 27733.49609375, 27763.115234375, 27694.724609375, 27690.56640625, 27716.20703125, 27664.91015625, 27652.873046875, 27653.580078125, 27629.07421875, 27616.36328125, 27606.998046875, 27627.78515625, 27591.533203125, 27576.53125, 27591.6875, 27546.587890625, 27520.091796875, 27542.69140625, 27517.466796875, 27501.521484375, 27501.669921875, 27527.783203125, 27491.125, 27485.388671875, 27486.66796875, 27454.587890625], "root_mean_squared_error": [176.26332092285156, 173.7999725341797, 173.1890411376953, 172.76878356933594, 172.39300537109375, 172.14834594726562, 171.81442260742188, 171.65249633789062, 171.5071563720703, 171.32345581054688, 171.20608520507812, 171.138427734375, 170.9105682373047, 170.83859252929688, 170.7044219970703, 170.4788055419922, 170.37744140625, 170.29762268066406, 170.1933135986328, 170.09153747558594, 169.97154235839844, 169.8802947998047, 169.7879180908203, 169.6861114501953, 169.5863037109375, 169.50950622558594, 169.40809631347656, 169.24795532226562, 169.1444549560547, 169.0938262939453, 168.97152709960938, 168.8577423095703, 168.8505401611328, 168.7270050048828, 168.70252990722656, 168.61740112304688, 168.4948272705078, 168.44586181640625, 168.3453826904297, 168.1779022216797, 168.19410705566406, 168.11764526367188, 168.00411987304688, 167.8470001220703, 167.84951782226562, 167.74862670898438, 167.62527465820312, 167.62203979492188, 167.54287719726562, 167.4925537109375, 167.44757080078125, 167.44760131835938, 167.3650665283203, 167.21734619140625, 167.1764678955078, 167.2095184326172, 167.11643981933594, 167.1475067138672, 167.11248779296875, 167.0898895263672, 167.02310180664062, 167.0050048828125, 166.9631805419922, 166.88731384277344, 166.92364501953125, 166.87843322753906, 166.84750366210938, 166.76502990722656, 166.8393096923828, 166.82611083984375, 166.7382354736328, 166.60829162597656, 166.6209259033203, 166.7593994140625, 166.53370666503906, 166.62266540527344, 166.41737365722656, 166.40480041503906, 166.4817352294922, 166.32778930664062, 166.29165649414062, 166.29351806640625, 166.21998596191406, 166.1817169189453, 166.15357971191406, 166.21604919433594, 166.10708618164062, 166.06190490722656, 166.1074981689453, 165.97158813476562, 165.89175415039062, 165.9598846435547, 165.88397216796875, 165.8357696533203, 165.8363037109375, 165.91500854492188, 165.80441284179688, 165.78729248046875, 165.79095458984375, 165.6942901611328]}