{"loss": [0.23230256140232086, 0.03967073932290077, 0.03310145437717438, 0.02996148355305195, 0.02849183976650238, 0.02759493887424469, 0.02700081840157509, 0.026298584416508675, 0.025807971134781837, 0.025226838886737823, 0.02472257986664772, 0.024478541687130928, 0.02400553971529007, 0.023769177496433258, 0.023350805044174194, 0.023172933608293533, 0.023046176880598068, 0.022834280505776405, 0.02269180305302143, 0.02252677083015442, 0.022428547963500023, 0.0222722589969635, 0.02236856333911419, 0.02218909189105034, 0.022050458937883377, 0.02203252539038658, 0.02182900719344616, 0.021748589351773262, 0.021698663011193275, 0.02159672975540161], "root_mean_squared_error": [263.2669677734375, 172.2641143798828, 155.21580505371094, 151.9373321533203, 149.2356414794922, 149.2701416015625, 149.15968322753906, 148.34658813476562, 146.94154357910156, 144.63546752929688, 143.8642120361328, 142.01840209960938, 140.64988708496094, 137.88265991210938, 133.62925720214844, 131.4484100341797, 129.2235107421875, 128.57679748535156, 125.71453094482422, 124.2513198852539, 123.66605377197266, 122.5672836303711, 124.13880157470703, 122.8575668334961, 122.67642211914062, 124.38019561767578, 121.9534683227539, 121.99826049804688, 122.92384338378906, 123.62540435791016]}