{"name": "StackedCNN_168X_4Y", "rmse": 1342.9573187909343, "abs erro": 20916037.982910156, "erro comp": "False", "r2 score": -66.64448017710086, "mape score": 0.4047212895118442, "alloc missing": 20916037.982910156, "alloc surplus": 0.0, "optimal percentage": 0.0, "better allocation": 0.0, "beter percentage": 0.0}