{"loss": [4.53803825378418, 3.7434170246124268, 3.3848540782928467, 3.3271970748901367, 3.2993648052215576, 3.280845880508423, 3.2663540840148926, 3.253633499145508, 3.2433881759643555, 3.235548496246338, 3.2285618782043457, 3.2223212718963623, 3.2166709899902344, 3.2141149044036865, 3.2109534740448, 3.20379638671875, 3.2028489112854004, 3.1980695724487305, 3.1938540935516357, 3.1913838386535645, 3.189710855484009, 3.187248706817627, 3.184831142425537, 3.1834123134613037, 3.1804375648498535, 3.177133321762085, 3.176401138305664, 3.1746103763580322, 3.17159104347229, 3.1705574989318848], "root_mean_squared_error": [217.7047576904297, 210.87969970703125, 207.132568359375, 204.9617919921875, 203.6256103515625, 202.79098510742188, 202.28135681152344, 201.7479248046875, 201.38604736328125, 201.0265655517578, 200.6864013671875, 200.4832000732422, 200.17965698242188, 200.08990478515625, 199.88755798339844, 199.8054962158203, 199.67874145507812, 199.46771240234375, 199.33261108398438, 199.19114685058594, 199.119140625, 199.02987670898438, 199.0380859375, 198.91200256347656, 198.887451171875, 198.78089904785156, 198.69869995117188, 198.56553649902344, 198.5476837158203, 198.53073120117188]}