{"name": "VanillaCNN60epc", "rmse": 173.78302653260783, "abs erro": 1119390.8128890991, "erro comp": "True", "r2 score": 0.11369811333825264, "mape score": 16.424259259124558, "alloc missing": 606631.0999520301, "alloc surplus": 512759.71293706895, "optimal percentage": 61.66437728937729, "better allocation": 61.66437728937729, "beter percentage": 86.43543956043956, "epoca": "60"}