{"name": "VanillaCNN160epc", "rmse": 175.0683276743275, "abs erro": 1130023.451635122, "erro comp": "True", "r2 score": 0.10053943510216756, "mape score": 16.803079856136826, "alloc missing": 612892.4467492581, "alloc surplus": 517131.00488586427, "optimal percentage": 61.630036630036635, "better allocation": 61.630036630036635, "beter percentage": 86.4010989010989, "epoca": "160"}