{"name": "VanillaCNN120epc", "rmse": 174.89707630812404, "abs erro": 1126911.061030984, "erro comp": "True", "r2 score": 0.10229827423522397, "mape score": 16.39604711302005, "alloc missing": 608657.6283859492, "alloc surplus": 518253.43264503474, "optimal percentage": 61.69871794871795, "better allocation": 61.69871794871795, "beter percentage": 86.44688644688645, "epoca": "120"}