{"name": "VanillaCNN180epc", "rmse": 174.72185036355293, "abs erro": 1116729.2491586683, "erro comp": "True", "r2 score": 0.10409615259834182, "mape score": 16.020659388629426, "alloc missing": 624262.7035171511, "alloc surplus": 492466.5456415176, "optimal percentage": 61.44688644688645, "better allocation": 61.44688644688645, "beter percentage": 86.16071428571429, "epoca": "180"}