{"name": "VanillaCNN140epc", "rmse": 174.92421866369213, "abs erro": 1126120.6450470923, "erro comp": "True", "r2 score": 0.10201962314952073, "mape score": 16.561830824441458, "alloc missing": 619600.9987616539, "alloc surplus": 506519.6462854385, "optimal percentage": 61.25228937728938, "better allocation": 61.25228937728938, "beter percentage": 86.33241758241759, "epoca": "140"}