{"name": "VanillaCNN50epc", "rmse": 173.47011661404395, "abs erro": 1121562.1837969306, "erro comp": "True", "r2 score": 0.11688695147914951, "mape score": 16.664778464701985, "alloc missing": 603989.647709322, "alloc surplus": 517572.5360876083, "optimal percentage": 62.202380952380956, "better allocation": 62.202380952380956, "beter percentage": 86.44688644688645, "epoca": "50"}