{"name": "VanillaCNN20epc", "rmse": 174.06285399763155, "abs erro": 1114328.6202640533, "erro comp": "True", "r2 score": 0.11084154799073065, "mape score": 16.126105034269546, "alloc missing": 623345.3827531815, "alloc surplus": 490983.2375108719, "optimal percentage": 61.515567765567766, "better allocation": 61.515567765567766, "beter percentage": 86.25228937728939, "epoca": "20"}