{"name": "VanillaCNN150epc", "rmse": 175.87139607517014, "abs erro": 1123293.0305019377, "erro comp": "True", "r2 score": 0.09226854922542205, "mape score": 16.25001696722145, "alloc missing": 631638.127969837, "alloc surplus": 491654.9025321007, "optimal percentage": 60.920329670329664, "better allocation": 60.920329670329664, "beter percentage": 86.0691391941392, "epoca": "150"}