{"name": "VanillaCNN100epc", "rmse": 175.53231267685862, "abs erro": 1114169.785563326, "erro comp": "True", "r2 score": 0.09576542197484572, "mape score": 15.495513954270319, "alloc missing": 637390.2807243824, "alloc surplus": 476779.5048389435, "optimal percentage": 60.51968864468864, "better allocation": 60.51968864468864, "beter percentage": 85.96611721611723, "epoca": "100"}