{"name": "VanillaCNN190epc", "rmse": 174.42133643358807, "abs erro": 1139335.9064073563, "erro comp": "True", "r2 score": 0.10717533304687332, "mape score": 17.476812391838415, "alloc missing": 590012.2767656326, "alloc surplus": 549323.6296417237, "optimal percentage": 63.12957875457875, "better allocation": 63.12957875457875, "beter percentage": 86.68727106227107, "epoca": "190"}