{"name": "VanillaCNN110epc", "rmse": 175.0782692938544, "abs erro": 1128497.2733425617, "erro comp": "True", "r2 score": 0.10043727671941272, "mape score": 16.483594978974555, "alloc missing": 613826.6618179322, "alloc surplus": 514670.6115246296, "optimal percentage": 61.515567765567766, "better allocation": 61.515567765567766, "beter percentage": 86.34386446886447, "epoca": "110"}