{"name": "VanillaCNN170epc", "rmse": 175.1910310684472, "abs erro": 1137489.0409533025, "erro comp": "True", "r2 score": 0.09927814994459971, "mape score": 17.295796082566472, "alloc missing": 607929.2670452595, "alloc surplus": 529559.7739080429, "optimal percentage": 62.133699633699635, "better allocation": 62.133699633699635, "beter percentage": 86.4010989010989, "epoca": "170"}