{"name": "VanillaCNN40epc", "rmse": 173.72784827928604, "abs erro": 1110525.6463428973, "erro comp": "True", "r2 score": 0.11426084753723975, "mape score": 16.027581338641728, "alloc missing": 624685.338665247, "alloc surplus": 485840.3076776505, "optimal percentage": 61.229395604395606, "better allocation": 61.229395604395606, "beter percentage": 86.20650183150184, "epoca": "40"}