{"loss": [0.17562569677829742, 0.039439134299755096, 0.027083687484264374, 0.02241065725684166, 0.020441902801394463, 0.019115526229143143, 0.018239250406622887, 0.017554793506860733, 0.01714736595749855, 0.016832783818244934, 3.3734726905822754, 3.2923672199249268, 3.269047260284424, 3.2529687881469727, 3.2404301166534424, 3.2313859462738037, 3.2227654457092285, 3.214962959289551, 3.2074477672576904, 3.2009971141815186, 3.1938135623931885, 3.186923027038574, 3.1830358505249023, 3.179152250289917, 3.1721043586730957, 3.1703670024871826, 3.164184808731079, 3.1585638523101807, 3.153801441192627, 3.147780656814575], "root_mean_squared_error": [333.9874267578125, 166.00624084472656, 118.71226501464844, 108.39082336425781, 103.27490234375, 99.67818450927734, 97.02522277832031, 95.72833251953125, 94.42279815673828, 94.19889831542969, 201.35276794433594, 198.3414764404297, 197.55209350585938, 197.1644744873047, 196.8816375732422, 196.70513916015625, 196.37510681152344, 196.22596740722656, 196.04238891601562, 195.83734130859375, 195.61007690429688, 195.40988159179688, 195.27761840820312, 195.1851806640625, 194.98960876464844, 194.89434814453125, 194.74935913085938, 194.5636444091797, 194.41526794433594, 194.26100158691406]}