{"loss": [0.3240604102611542, 0.0693635493516922, 0.04954183101654053, 0.04097767546772957, 0.03531425818800926, 0.03121160715818405, 0.028000731021165848, 0.025688044726848602, 0.023689493536949158, 0.023025326430797577, 0.022030942142009735, 0.021932626143097878, 0.02098243311047554, 0.020344389602541924, 0.019900895655155182, 0.019582437351346016, 0.01926724798977375, 0.018841832876205444, 0.019189132377505302, 0.018220573663711548, 0.018096983432769775, 0.017878495156764984, 0.017638718709349632, 0.017375964671373367, 0.017247404903173447, 0.017170170322060585, 0.01702374964952469, 0.016909224912524223, 0.016764335334300995, 0.016643349081277847], "root_mean_squared_error": [22076.2890625, 289.00628662109375, 237.56605529785156, 212.85084533691406, 207.50839233398438, 188.29367065429688, 200.5871124267578, 168.258056640625, 163.2118682861328, 164.0734405517578, 154.5062255859375, 151.22998046875, 150.72686767578125, 139.86830139160156, 140.850830078125, 142.6480712890625, 134.7922821044922, 131.98284912109375, 133.41915893554688, 126.81664276123047, 128.07273864746094, 128.09695434570312, 125.91560363769531, 118.81426239013672, 118.72765350341797, 120.41532897949219, 119.43524932861328, 118.15705108642578, 117.97859191894531, 120.51327514648438]}