{"loss": [13.522313117980957, 13.507911682128906, 13.507583618164062, 13.507502555847168, 13.507461547851562, 13.507441520690918, 13.50744342803955, 13.507428169250488, 13.507428169250488, 13.50743293762207, 13.50743579864502, 13.507436752319336, 13.50743579864502, 13.507420539855957, 13.50741958618164, 13.507445335388184, 13.50742244720459, 13.507425308227539, 13.507444381713867, 13.507431030273438, 13.507427215576172, 13.507430076599121, 13.50742244720459, 13.507436752319336, 13.507416725158691, 13.5074462890625, 13.507418632507324, 13.507430076599121, 13.507410049438477, 13.507447242736816], "root_mean_squared_error": [236.7167205810547, 236.71400451660156, 236.7140350341797, 236.71371459960938, 236.7138671875, 236.71383666992188, 236.71389770507812, 236.7137451171875, 236.7140350341797, 236.71388244628906, 236.7138671875, 236.71395874023438, 236.71383666992188, 236.71392822265625, 236.7138214111328, 236.71377563476562, 236.7138214111328, 236.71383666992188, 236.71380615234375, 236.71383666992188, 236.71388244628906, 236.71383666992188, 236.71385192871094, 236.7138214111328, 236.7138671875, 236.71376037597656, 236.71376037597656, 236.7137908935547, 236.71388244628906, 236.71380615234375]}