name,rmse,abs erro,erro comp,r2 score,mape score,alloc missing,alloc surplus,optimal percentage,better allocation,beter percentage,epoca
StackedCNN Adadelta1epc,230.13076251469175,1244085.1221851888,True,-0.5542336728160508,1.9162000885279373,1222925.7345541958,21159.38763099313,24.816849816849818,24.816849816849818,80.74633699633699,1
StackedCNN Adadelta10epc,1538.639705734483,12831802.692163086,False,-68.47696392822648,239.36314421057932,121783.09999999999,12710019.592163086,0.42353479853479853,0.3663003663003663,6.627747252747253,10
StackedCNN Adadelta20epc,1889.7883018260547,15823887.96364746,False,-103.80772002061757,290.550191299343,121783.09999999999,15702104.863647461,0.37774725274725274,0.3663003663003663,6.581959706959707,20
StackedCNN Adadelta29epc,1946.6014101386918,16304588.297631836,False,-110.20415853009834,298.4879327769571,121783.09999999999,16182805.197631836,0.3663003663003663,0.3663003663003663,6.570512820512821,29
StackedCNN Adadelta30epc,1946.6014101386918,16304588.297631836,False,-110.20415853009834,298.4879327769571,121783.09999999999,16182805.197631836,0.3663003663003663,0.3663003663003663,6.570512820512821,30
