{"name": "StackedCNN_Adadelta20epc", "rmse": 1889.7883018260547, "abs erro": 15823887.96364746, "erro comp": "False", "r2 score": -103.80772002061757, "mape score": 290.550191299343, "alloc missing": 121783.09999999999, "alloc surplus": 15702104.863647461, "optimal percentage": 0.37774725274725274, "better allocation": 0.3663003663003663, "beter percentage": 6.581959706959707, "epoca": "20"}