{"name": "StackedCNN_Adadelta30epc", "rmse": 1946.6014101386918, "abs erro": 16304588.297631836, "erro comp": "False", "r2 score": -110.20415853009834, "mape score": 298.4879327769571, "alloc missing": 121783.09999999999, "alloc surplus": 16182805.197631836, "optimal percentage": 0.3663003663003663, "better allocation": 0.3663003663003663, "beter percentage": 6.570512820512821, "epoca": "30"}