{"name": "StackedCNN_Adadelta10epc", "rmse": 1538.639705734483, "abs erro": 12831802.692163086, "erro comp": "False", "r2 score": -68.47696392822648, "mape score": 239.36314421057932, "alloc missing": 121783.09999999999, "alloc surplus": 12710019.592163086, "optimal percentage": 0.42353479853479853, "better allocation": 0.3663003663003663, "beter percentage": 6.627747252747253, "epoca": "10"}