{"name": "StackedCNN_Adadelta1epc", "rmse": 230.13076251469175, "abs erro": 1244085.1221851888, "erro comp": "True", "r2 score": -0.5542336728160508, "mape score": 1.9162000885279373, "alloc missing": 1222925.7345541958, "alloc surplus": 21159.38763099313, "optimal percentage": 24.816849816849818, "better allocation": 24.816849816849818, "beter percentage": 80.74633699633699, "epoca": "1"}