{"loss": [0.25735950469970703, 0.040939588099718094, 0.03484337776899338, 0.03053928166627884, 0.028450965881347656, 0.027169521898031235, 0.025919990614056587, 0.024924805387854576, 0.02431163378059864, 0.02371027134358883, 0.02340429276227951, 0.023025793954730034, 0.022519048303365707, 0.022140705958008766, 0.021874047815799713, 0.021419556811451912, 0.021083835512399673, 0.020604481920599937, 0.02011924982070923, 0.01987033151090145, 0.01956997625529766, 0.01922723464667797, 0.019115516915917397, 0.018928857520222664, 0.018689051270484924, 0.01850293204188347, 0.018380941823124886, 0.018267091363668442, 0.01812809146940708, 0.017995618283748627], "root_mean_squared_error": [260.58416748046875, 170.78292846679688, 157.8993682861328, 154.0107879638672, 151.9761962890625, 148.8160400390625, 146.52633666992188, 142.19248962402344, 141.05303955078125, 139.4245147705078, 138.370849609375, 137.37594604492188, 135.50184631347656, 134.70094299316406, 134.0801544189453, 134.5045623779297, 131.73313903808594, 130.8048858642578, 125.76167297363281, 126.56519317626953, 123.55863952636719, 120.74630737304688, 121.21112060546875, 119.00276184082031, 116.8286361694336, 116.06481170654297, 115.93568420410156, 114.44950866699219, 114.1878662109375, 112.3794174194336]}