{"name": "VanillaDense30epc", "rmse": 1244.2497565115493, "abs erro": 10478323.988708496, "erro comp": "False", "r2 score": -44.43411675728439, "mape score": 200.6140482652707, "alloc missing": 415.94514160156245, "alloc surplus": 10477908.043566896, "optimal percentage": 0.744047619047619, "better allocation": 0.4006410256410256, "beter percentage": 0.7669413919413919, "epoca": "30"}