{"name": "VanillaDense60epc", "rmse": 1177.917157524011, "abs erro": 9869002.009301757, "erro comp": "False", "r2 score": -39.71893929992485, "mape score": 189.2247769326525, "alloc missing": 582.5263305664062, "alloc surplus": 9868419.482971191, "optimal percentage": 1.5682234432234432, "better allocation": 1.1675824175824177, "beter percentage": 1.6254578754578757, "epoca": "60"}