{"name": "VanillaDense130epc", "rmse": 1118.302827874575, "abs erro": 9379124.352270506, "erro comp": "False", "r2 score": -35.70166840590343, "mape score": 180.35883793588107, "alloc missing": 709.9404907226561, "alloc surplus": 9378414.411779786, "optimal percentage": 1.8086080586080588, "better allocation": 1.3621794871794872, "beter percentage": 1.8772893772893773, "epoca": "130"}