{"name": "VanillaDense180epc", "rmse": 1232.013406701367, "abs erro": 10358883.410522461, "erro comp": "False", "r2 score": -43.544883612336044, "mape score": 197.16507628739365, "alloc missing": 324.43610839843745, "alloc surplus": 10358558.974414064, "optimal percentage": 1.0073260073260073, "better allocation": 0.6295787545787546, "beter percentage": 1.0302197802197801, "epoca": "180"}