{"name": "VanillaDense120epc", "rmse": 1110.72415254137, "abs erro": 9320964.587268066, "erro comp": "False", "r2 score": -35.205903719311216, "mape score": 179.59232041654602, "alloc missing": 723.764990234375, "alloc surplus": 9320240.822277833, "optimal percentage": 2.026098901098901, "better allocation": 1.5567765567765568, "beter percentage": 2.083333333333333, "epoca": "120"}