{"name": "VanillaDense80epc", "rmse": 1199.0327744793985, "abs erro": 10089671.292895507, "erro comp": "False", "r2 score": -41.19189867820467, "mape score": 193.50827858664167, "alloc missing": 474.4597534179687, "alloc surplus": 10089196.833142089, "optimal percentage": 1.0187728937728937, "better allocation": 0.6753663003663004, "beter percentage": 1.076007326007326, "epoca": "80"}