{"name": "VanillaDense110epc", "rmse": 1272.9827814471923, "abs erro": 10726390.395141602, "erro comp": "False", "r2 score": -46.556733802858886, "mape score": 203.49365535873542, "alloc missing": 331.39521484374995, "alloc surplus": 10726058.999926759, "optimal percentage": 0.5265567765567766, "better allocation": 0.2518315018315018, "beter percentage": 0.5494505494505495, "epoca": "110"}