{"name": "VanillaDense160epc", "rmse": 1145.7279113923487, "abs erro": 9614472.180700682, "erro comp": "False", "r2 score": -37.52387342604245, "mape score": 184.57294486266468, "alloc missing": 757.0618286132811, "alloc surplus": 9613715.11887207, "optimal percentage": 1.591117216117216, "better allocation": 1.1904761904761905, "beter percentage": 1.659798534798535, "epoca": "160"}