{"name": "VanillaDense90epc", "rmse": 1203.4672182691959, "abs erro": 10103303.558105469, "erro comp": "False", "r2 score": -41.50455665277471, "mape score": 192.7651598251613, "alloc missing": 418.57941894531245, "alloc surplus": 10102884.978686525, "optimal percentage": 1.1446886446886446, "better allocation": 0.7669413919413919, "beter percentage": 1.1904761904761905, "epoca": "90"}