{"name": "VanillaDense50epc", "rmse": 1059.6141751867508, "abs erro": 8814763.643438721, "erro comp": "False", "r2 score": -31.95053572405073, "mape score": 170.67298915223267, "alloc missing": 1329.211181640625, "alloc surplus": 8813434.43225708, "optimal percentage": 3.2509157509157514, "better allocation": 2.7243589743589745, "beter percentage": 3.411172161172161, "epoca": "50"}