{"name": "VanillaDense100epc", "rmse": 1304.1896413574252, "abs erro": 10989449.123657227, "erro comp": "False", "r2 score": -48.916997397603126, "mape score": 209.0631102502566, "alloc missing": 392.61713867187495, "alloc surplus": 10989056.506518556, "optimal percentage": 0.6295787545787546, "better allocation": 0.3891941391941392, "beter percentage": 0.6524725274725275, "epoca": "100"}