{"name": "VanillaDense40epc", "rmse": 1126.6350200728943, "abs erro": 9433835.509069825, "erro comp": "False", "r2 score": -36.25061559046935, "mape score": 182.5679533603279, "alloc missing": 853.462890625, "alloc surplus": 9432982.0461792, "optimal percentage": 1.8200549450549453, "better allocation": 1.3736263736263736, "beter percentage": 1.90018315018315, "epoca": "40"}