{"name": "VanillaDense10epc", "rmse": 2015.284679109068, "abs erro": 17369890.59970703, "erro comp": "False", "r2 score": -118.18998562362255, "mape score": 317.94952813399163, "alloc missing": 0.0, "alloc surplus": 17369890.59970703, "optimal percentage": 0.011446886446886446, "better allocation": 0.0, "beter percentage": 0.011446886446886446, "epoca": "10"}