{"name": "VanillaDense190epc", "rmse": 1213.6274153835202, "abs erro": 10227142.9475708, "erro comp": "False", "r2 score": -42.22527030475194, "mape score": 194.89307765576277, "alloc missing": 284.29560546874995, "alloc surplus": 10226858.651965333, "optimal percentage": 0.9615384615384616, "better allocation": 0.5837912087912088, "beter percentage": 0.9844322344322344, "epoca": "190"}