{"name": "VanillaDense20epc", "rmse": 1231.8849569480562, "abs erro": 10391498.417541504, "erro comp": "False", "r2 score": -43.53559559484581, "mape score": 199.91305208327105, "alloc missing": 396.96235351562495, "alloc surplus": 10391101.45518799, "optimal percentage": 0.7783882783882784, "better allocation": 0.4006410256410256, "beter percentage": 0.8012820512820512, "epoca": "20"}