{"name": "VanillaDense200epc", "rmse": 1200.20279592593, "abs erro": 10073188.282629395, "erro comp": "False", "r2 score": -41.27428093309294, "mape score": 192.5014361918629, "alloc missing": 487.24017333984375, "alloc surplus": 10072701.042456055, "optimal percentage": 1.1332417582417582, "better allocation": 0.7669413919413919, "beter percentage": 1.1675824175824177, "epoca": "200"}