{"name": "VanillaDense150epc", "rmse": 1137.9692753584318, "abs erro": 9510354.731140137, "erro comp": "False", "r2 score": -37.00388837673945, "mape score": 182.45839780897148, "alloc missing": 598.4138916015625, "alloc surplus": 9509756.317248536, "optimal percentage": 1.8887362637362637, "better allocation": 1.465201465201465, "beter percentage": 1.9574175824175823, "epoca": "150"}