{"name": "VanillaDense170epc", "rmse": 1191.1332668949947, "abs erro": 9976554.240161132, "erro comp": "False", "r2 score": -40.637789870933524, "mape score": 189.76072639042584, "alloc missing": 560.3570922851562, "alloc surplus": 9975993.883068848, "optimal percentage": 1.6140109890109893, "better allocation": 1.2477106227106227, "beter percentage": 1.6712454212454213, "epoca": "170"}