{"name": "VanillaDense140epc", "rmse": 1168.1204621652419, "abs erro": 9781371.324633788, "erro comp": "False", "r2 score": -39.04443994894421, "mape score": 187.46651989081315, "alloc missing": 645.7507080078125, "alloc surplus": 9780725.57392578, "optimal percentage": 1.7284798534798536, "better allocation": 1.3392857142857142, "beter percentage": 1.7857142857142856, "epoca": "140"}