name,rmse,abs erro,erro comp,r2 score,mape score,alloc missing,alloc surplus,optimal percentage,better allocation,beter percentage,epoca
StackedCNN exponential softsign10epc,256.6139421382003,231160.9,True,-0.6449446389354516,0.9005932733638995,,,0.8814102564102564,0.8814102564102564,12.133699633699633,10
StackedCNN exponential softsign19epc,276.7279771424157,133781.0,True,-0.6456007783993067,0.9152679158404182,,,0.434981684981685,0.434981684981685,5.975274725274725,19
