{"name": "StackedCNN_exponential_softsign10epc", "rmse": 256.6139421382003, "abs erro": 231160.9, "erro comp": "True", "r2 score": -0.6449446389354516, "mape score": 0.9005932733638995, "alloc missing": NaN, "alloc surplus": NaN, "optimal percentage": 0.8814102564102564, "better allocation": 0.8814102564102564, "beter percentage": 12.133699633699633, "epoca": "10"}