{"name": "StackedCNN_exponential_softsign19epc", "rmse": 276.7279771424157, "abs erro": 133781.0, "erro comp": "True", "r2 score": -0.6456007783993067, "mape score": 0.9152679158404182, "alloc missing": NaN, "alloc surplus": NaN, "optimal percentage": 0.434981684981685, "better allocation": 0.434981684981685, "beter percentage": 5.975274725274725, "epoca": "19"}