{"name": "VanillaLSTM", "rmse": 2525.386891061338, "Absolute Error": 98440281.67943662, "r2 score": -247.01591481634858, "mape score": 2.419739572962718e+16, "erro_per_mean score": 37.94712556523096, "alloc_erro": 1496907.4121371503, "spain_alloc_erro": 0.0, "alloc_erro_comp_bool": 85009.0, "alloc_erro_comp_value": 85678.0}