{"loss": [141.59869384765625, 132.90084838867188, 131.88673400878906, 131.58291625976562, 130.5951690673828, 129.73513793945312, 128.84034729003906], "root_mean_squared_error": [1087.2100830078125, 229.90609741210938, 222.39744567871094, 231.97015380859375, 219.10398864746094, 211.0590362548828, 206.05288696289062]}