name,rmse,abs erro,erro comp,r2 score,mape score,alloc missing,alloc surplus,optimal percentage,better allocation,beter percentage,epoca
StackedCNN exponential softplus10epc,248.68207595146797,1958515.737045288,True,-0.8149134918023828,46.01690674641766,266713.0033538818,1691802.7336914064,82.28021978021978,82.28021978021978,90.91117216117216,10
StackedCNN exponential softplus20epc,349.21459063465323,2811957.696661377,True,-2.578917789985212,65.37495051406819,116651.07150268555,2695306.625158691,91.14010989010988,91.14010989010988,93.9217032967033,20
StackedCNN exponential softplus30epc,415.35517863900475,3376678.5888183597,True,-4.062980096661558,76.87831415186537,72341.89705200194,3304336.6917663575,47.584706959706956,47.309981684981686,51.01877289377289,30
