{"name": "StackedCNN_exponential_softplus10epc", "rmse": 248.68207595146797, "abs erro": 1958515.737045288, "erro comp": "True", "r2 score": -0.8149134918023828, "mape score": 46.01690674641766, "alloc missing": 266713.0033538818, "alloc surplus": 1691802.7336914064, "optimal percentage": 82.28021978021978, "better allocation": 82.28021978021978, "beter percentage": 90.91117216117216, "epoca": "10"}