{"name": "StackedCNN_exponential_softplus30epc", "rmse": 415.35517863900475, "abs erro": 3376678.5888183597, "erro comp": "True", "r2 score": -4.062980096661558, "mape score": 76.87831415186537, "alloc missing": 72341.89705200194, "alloc surplus": 3304336.6917663575, "optimal percentage": 47.584706959706956, "better allocation": 47.309981684981686, "beter percentage": 51.01877289377289, "epoca": "30"}