{"name": "StackedCNN_exponential_softplus20epc", "rmse": 349.21459063465323, "abs erro": 2811957.696661377, "erro comp": "True", "r2 score": -2.578917789985212, "mape score": 65.37495051406819, "alloc missing": 116651.07150268555, "alloc surplus": 2695306.625158691, "optimal percentage": 91.14010989010988, "better allocation": 91.14010989010988, "beter percentage": 93.9217032967033, "epoca": "20"}