name,rmse,abs erro,erro comp,r2 score,mape score,alloc missing,alloc surplus,optimal percentage,better allocation,beter percentage,epoca
StackedCNN exponential exponential10epc,197.02866882460168,1077786.7757762908,True,-0.1392677591764797,6.221933416202105,921110.9507455826,156675.8250307083,45.13507326007326,45.13507326007326,83.52793040293041,10
StackedCNN exponential exponential20epc,197.5699869801797,1070959.8001517295,True,-0.14553642553610513,5.43414326572733,936254.5672965051,134705.23285522463,43.63553113553114,43.63553113553114,83.32188644688645,20
StackedCNN exponential exponential30epc,198.80571049097802,1070505.4851756333,True,-0.15991100969048855,4.687428536835016,956239.405305624,114266.07987000942,42.032967032967036,42.032967032967036,83.13873626373626,30
