{"name": "StackedCNN_exponential_exponential30epc", "rmse": 198.80571049097802, "abs erro": 1070505.4851756333, "erro comp": "True", "r2 score": -0.15991100969048855, "mape score": 4.687428536835016, "alloc missing": 956239.405305624, "alloc surplus": 114266.07987000942, "optimal percentage": 42.032967032967036, "better allocation": 42.032967032967036, "beter percentage": 83.13873626373626, "epoca": "30"}