{"name": "StackedCNN_exponential_exponential20epc", "rmse": 197.5699869801797, "abs erro": 1070959.8001517295, "erro comp": "True", "r2 score": -0.14553642553610513, "mape score": 5.43414326572733, "alloc missing": 936254.5672965051, "alloc surplus": 134705.23285522463, "optimal percentage": 43.63553113553114, "better allocation": 43.63553113553114, "beter percentage": 83.32188644688645, "epoca": "20"}