{"name": "StackedCNN_exponential_exponential10epc", "rmse": 197.02866882460168, "abs erro": 1077786.7757762908, "erro comp": "True", "r2 score": -0.1392677591764797, "mape score": 6.221933416202105, "alloc missing": 921110.9507455826, "alloc surplus": 156675.8250307083, "optimal percentage": 45.13507326007326, "better allocation": 45.13507326007326, "beter percentage": 83.52793040293041, "epoca": "10"}