name,rmse,abs erro,erro comp,r2 score,mape score,alloc missing,alloc surplus,optimal percentage,better allocation,beter percentage,epoca
VanillaCNNwl10epc,1098.3948746373883,9198976.341540528,False,-34.40657812561647,172.85592816072977,63209.626684570314,9135766.714855956,0.744047619047619,0.3205128205128205,3.5599816849816848,10
VanillaCNNwl20epc,1124.2915969946353,9462104.78269043,False,-36.0958127232966,179.6031825047745,63271.59863281249,9398833.184057616,0.6982600732600733,0.3663003663003663,3.4913003663003663,20
VanillaCNNwl30epc,1071.1778943697832,8912349.220422363,False,-32.67364772495143,171.33463199896528,63940.63491210937,8848408.585510254,1.0073260073260073,0.6181318681318682,3.891941391941392,30
