{"name": "VanillaCNNwl10epc", "rmse": 1098.3948746373883, "abs erro": 9198976.341540528, "erro comp": "False", "r2 score": -34.40657812561647, "mape score": 172.85592816072977, "alloc missing": 63209.626684570314, "alloc surplus": 9135766.714855956, "optimal percentage": 0.744047619047619, "better allocation": 0.3205128205128205, "beter percentage": 3.5599816849816848, "epoca": "10"}