{"name": "VanillaCNNwl30epc", "rmse": 1071.1778943697832, "abs erro": 8912349.220422363, "erro comp": "False", "r2 score": -32.67364772495143, "mape score": 171.33463199896528, "alloc missing": 63940.63491210937, "alloc surplus": 8848408.585510254, "optimal percentage": 1.0073260073260073, "better allocation": 0.6181318681318682, "beter percentage": 3.891941391941392, "epoca": "30"}