{"name": "VanillaCNNwl20epc", "rmse": 1124.2915969946353, "abs erro": 9462104.78269043, "erro comp": "False", "r2 score": -36.0958127232966, "mape score": 179.6031825047745, "alloc missing": 63271.59863281249, "alloc surplus": 9398833.184057616, "optimal percentage": 0.6982600732600733, "better allocation": 0.3663003663003663, "beter percentage": 3.4913003663003663, "epoca": "20"}