{"name": "StackedCNN_elu_relu", "rmse": 373.58126735919114, "abs erro": 2984203.4957153318, "erro comp": "True", "r2 score": -3.0957849239457653, "mape score": 69.56124888723933, "alloc missing": 113153.06064453124, "alloc surplus": 2871050.435070801, "optimal percentage": 73.1341575091575, "better allocation": 73.07692307692307, "beter percentage": 76.54532967032966}