{"name": "UNETmsle", "rmse": 211.40084463352727, "abs erro": 1142731.2075336457, "erro comp": "True", "r2 score": -0.3115365474923113, "mape score": 4.695291990201792, "alloc missing": 1048097.4033376693, "alloc surplus": 94633.80419597626, "optimal percentage": 39.640567765567766, "better allocation": 39.640567765567766, "beter percentage": 82.10851648351648}