{"name": "UNETmae", "rmse": 193.39439308806874, "abs erro": 1082997.3439204812, "erro comp": "True", "r2 score": -0.09762684085120421, "mape score": 8.088158659932887, "alloc missing": 862394.4614104867, "alloc surplus": 220602.88250999447, "optimal percentage": 47.8937728937729, "better allocation": 47.8937728937729, "beter percentage": 83.84844322344323}