{"name": "UNETmae", "rmse": 195.49222039111, "abs erro": 1083463.6030956388, "erro comp": "True", "r2 score": -0.12156880014819804, "mape score": 7.1421024957442985, "alloc missing": 887646.7351205468, "alloc surplus": 195816.86797509194, "optimal percentage": 45.9478021978022, "better allocation": 45.9478021978022, "beter percentage": 83.69963369963371}