name,rmse,abs erro,erro comp,r2 score,mape score,alloc missing,alloc surplus,optimal percentage,better allocation,beter percentage,epoca
StackedCNN linear exponential10epc,495.4690877063537,4091047.726867676,False,-6.204437680605963,89.4617566018844,37647.875988769534,4053399.8508789064,22.378663003663004,21.611721611721613,25.05723443223443,10
StackedCNN linear exponential20epc,440.8794560553231,3611010.15144043,True,-4.704356840053219,80.05928102928414,57285.555468750004,3553724.59597168,37.54578754578755,37.12225274725275,40.96840659340659,20
StackedCNN linear exponential30epc,457.52073873114347,3752241.9652099605,True,-5.1431133730502845,83.28110453313286,52642.154522705074,3699599.8106872556,29.83058608058608,29.212454212454215,33.150183150183146,30
