{"name": "StackedCNN_linear_exponential30epc", "rmse": 457.52073873114347, "abs erro": 3752241.9652099605, "erro comp": "True", "r2 score": -5.1431133730502845, "mape score": 83.28110453313286, "alloc missing": 52642.154522705074, "alloc surplus": 3699599.8106872556, "optimal percentage": 29.83058608058608, "better allocation": 29.212454212454215, "beter percentage": 33.150183150183146, "epoca": "30"}