{"name": "StackedCNN_linear_exponential10epc", "rmse": 495.4690877063537, "abs erro": 4091047.726867676, "erro comp": "False", "r2 score": -6.204437680605963, "mape score": 89.4617566018844, "alloc missing": 37647.875988769534, "alloc surplus": 4053399.8508789064, "optimal percentage": 22.378663003663004, "better allocation": 21.611721611721613, "beter percentage": 25.05723443223443, "epoca": "10"}