{"name": "StackedCNN_linear_exponential20epc", "rmse": 440.8794560553231, "abs erro": 3611010.15144043, "erro comp": "True", "r2 score": -4.704356840053219, "mape score": 80.05928102928414, "alloc missing": 57285.555468750004, "alloc surplus": 3553724.59597168, "optimal percentage": 37.54578754578755, "better allocation": 37.12225274725275, "beter percentage": 40.96840659340659, "epoca": "20"}