{"name": "StackedLSTMA", "rmse": 217.3399529644327, "abs erro": 1179720.2854587557, "erro comp": "True", "r2 score": -0.3862644890521614, "mape score": 4.855313064826873, "alloc missing": 1091301.601965332, "alloc surplus": 88418.68349342346, "spain alloc missing": 57465.00000000001, "spain alloc surplus": 3831902.4000000004, "optimal percentage": 0.3936584249084249, "beter percentage": 0.00011446886446886447}