{"loss": [3.9350531101226807, 3.5337653160095215, 3.373016834259033, 3.3103134632110596, 3.281482696533203, 3.262153148651123, 3.2440614700317383, 3.2333121299743652, 3.2217555046081543, 3.2132411003112793, 3.205178737640381, 3.1993517875671387, 3.1935513019561768, 3.1882007122039795, 3.1837961673736572, 3.1800246238708496, 3.175854206085205, 3.170638084411621, 3.1691949367523193, 3.1656625270843506, 3.1605820655822754, 3.158682346343994, 3.1558024883270264, 3.1539878845214844, 3.1505162715911865, 3.149195909500122, 3.1470606327056885, 3.142732858657837, 3.1423027515411377, 3.141592502593994], "root_mean_squared_error": [217.01333618164062, 210.25015258789062, 207.1299591064453, 204.6858367919922, 203.3564910888672, 202.46888732910156, 201.773193359375, 201.1796875, 200.7892303466797, 200.39442443847656, 200.154541015625, 199.819580078125, 199.58827209472656, 199.4156036376953, 199.21502685546875, 199.1116180419922, 198.97239685058594, 198.8130645751953, 198.6863250732422, 198.55548095703125, 198.43460083007812, 198.41815185546875, 198.2882537841797, 198.20863342285156, 198.15182495117188, 198.09146118164062, 198.06228637695312, 197.94577026367188, 197.85533142089844, 197.84803771972656]}