{"loss": [0.25516223907470703, 0.04194403067231178, 0.03567478805780411, 0.032475922256708145, 0.029352301731705666, 0.02717197872698307, 0.02597818896174431, 0.024917274713516235, 0.024055253714323044, 0.023457461968064308, 0.02303568460047245, 0.02257532998919487, 0.022007528692483902, 0.02150437794625759, 0.02101699449121952, 0.02073276787996292, 0.020320462062954903, 0.019917257130146027, 0.019547197967767715, 0.019115056842565536, 0.018943043425679207, 0.01872437074780464, 0.018395988270640373, 0.0180921982973814, 0.017954515293240547, 0.01781621389091015, 0.01756071113049984, 0.017371343448758125, 0.017209094017744064, 0.016950467601418495], "root_mean_squared_error": [249.55392456054688, 169.65248107910156, 159.9642333984375, 158.54344177246094, 153.1310577392578, 149.35964965820312, 150.00955200195312, 145.1111297607422, 144.10281372070312, 142.5029754638672, 143.9460906982422, 143.01174926757812, 140.39122009277344, 139.87550354003906, 137.44940185546875, 137.8303985595703, 138.87344360351562, 136.4579315185547, 135.6066131591797, 132.47409057617188, 132.6785125732422, 131.78311157226562, 128.469970703125, 127.60069274902344, 128.20823669433594, 126.5066146850586, 125.16092681884766, 121.85540771484375, 121.6146240234375, 119.62395477294922]}