{"loss": [212014.296875, 187704.59375, 176549.625, 166757.015625, 159918.171875, 158147.984375, 152643.265625, 149673.515625, 148675.359375, 148037.828125, 147129.59375, 144480.078125, 142482.8125, 141304.234375, 139500.875, 138684.125, 138525.140625, 137209.359375, 137365.59375, 136898.125, 135466.578125, 134576.609375, 134831.03125, 134270.0, 133726.109375, 134353.0, 134132.8125, 132815.265625, 133261.9375, 132993.71875], "root_mean_squared_error": [1102.568603515625, 1117.0322265625, 1121.052734375, 1125.258544921875, 1128.1572265625, 1128.8316650390625, 1128.9580078125, 1129.6356201171875, 1129.9066162109375, 1130.2103271484375, 1130.3741455078125, 1131.923095703125, 1132.2059326171875, 1132.5113525390625, 1132.9373779296875, 1133.317626953125, 1133.866943359375, 1133.9615478515625, 1134.2109375, 1134.203369140625, 1134.181884765625, 1134.783447265625, 1134.8214111328125, 1134.9239501953125, 1135.022705078125, 1134.7176513671875, 1134.7479248046875, 1135.183837890625, 1135.0799560546875, 1135.3905029296875]}