{"name": "StackedCNNmsde", "rmse": 5336.242042270132, "abs erro": 398519619.28393555, "erro comp": "False", "r2 score": -1067.885567775927, "mape score": 1.2913489186886047, "alloc missing": 369105911.513916, "alloc surplus": 29413707.77001953, "spain alloc missing": 0.0, "spain alloc surplus": 0.0, "optimal percentage": 0.0, "beter percentage": 0.0}