{"name": "StackedCNN_softsign_exponential", "rmse": 178.68058951821865, "abs erro": 14024300.390625, "erro comp": "False", "r2 score": -0.19843622026046503, "mape score": 0.04439918311745538, "alloc missing": 5691616.534912109, "alloc surplus": 8332683.855712891, "optimal percentage": 0.0, "better allocation": 0.0, "beter percentage": 0.0}