{"loss": [0.16697128117084503, 0.03150102496147156, 0.027204928919672966, 0.024524539709091187, 0.022486411035060883, 0.02102518267929554, 0.020134801045060158, 0.01943436823785305, 0.01876116916537285, 0.01837296597659588, 0.01767663285136223, 0.017326176166534424, 0.01686953753232956, 0.01669638231396675, 0.016448499634861946, 0.01633811742067337, 0.01610478386282921, 0.016102243214845657, 0.015775229781866074, 0.015788238495588303, 0.015676550567150116, 0.015536099672317505, 0.015506431460380554, 0.015374278649687767, 0.015435117296874523, 0.015295295044779778, 0.015343934297561646, 0.015120858326554298, 0.015127433463931084, 0.015132423490285873], "root_mean_squared_error": [280.72186279296875, 135.53477478027344, 121.99248504638672, 114.09312438964844, 109.12434387207031, 105.05355072021484, 103.48857116699219, 101.6708755493164, 99.7431869506836, 98.9521255493164, 96.24322509765625, 95.32899475097656, 93.67921447753906, 94.38704681396484, 93.63675689697266, 94.05199432373047, 93.16677856445312, 93.873291015625, 91.78826141357422, 92.11285400390625, 91.30401611328125, 90.93862915039062, 90.96548461914062, 90.85662078857422, 91.4831314086914, 90.45716094970703, 91.15066528320312, 89.77940368652344, 89.82032775878906, 90.09951782226562]}