{"loss": [5.5495147705078125, 4.818622589111328, 4.786212921142578, 4.767319202423096, 4.748854637145996, 4.737685680389404, 4.727019786834717, 4.71642541885376, 4.710412979125977, 4.701558589935303, 4.693933486938477, 4.690180778503418, 4.684115409851074, 4.68010950088501, 4.675343990325928, 4.672757625579834, 4.668056964874268, 4.664187431335449, 4.662075996398926, 4.658092498779297, 4.6528778076171875, 4.650717258453369, 4.647439479827881, 4.642520427703857, 4.639998435974121, 4.638576984405518, 4.636814117431641, 4.634459972381592, 4.631745338439941, 4.628632068634033], "reshape_loss": [3.9868361949920654, 3.279662847518921, 3.251631259918213, 3.23557710647583, 3.2193968296051025, 3.20992374420166, 3.2008612155914307, 3.1909797191619873, 3.1860008239746094, 3.1776888370513916, 3.170832633972168, 3.167466640472412, 3.16194748878479, 3.1579272747039795, 3.1536002159118652, 3.151235342025757, 3.1466963291168213, 3.143261432647705, 3.1411452293395996, 3.1377005577087402, 3.1326069831848145, 3.1307079792022705, 3.127868175506592, 3.1230270862579346, 3.120774984359741, 3.1193811893463135, 3.1176490783691406, 3.1154158115386963, 3.113487720489502, 3.1103179454803467], "reshape_1_loss": [1.5626752376556396, 1.5389564037322998, 1.5345805883407593, 1.5317456722259521, 1.5294634103775024, 1.5277608633041382, 1.5261659622192383, 1.5254467725753784, 1.5244085788726807, 1.5238673686981201, 1.523098349571228, 1.5227112770080566, 1.5221667289733887, 1.522182822227478, 1.521738886833191, 1.5215178728103638, 1.5213596820831299, 1.5209242105484009, 1.520931363105774, 1.5203882455825806, 1.5202711820602417, 1.5200133323669434, 1.5195705890655518, 1.5194904804229736, 1.51922607421875, 1.5191905498504639, 1.519163966178894, 1.5190472602844238, 1.5182582139968872, 1.5183117389678955], "reshape_root_mean_squared_error": [205.011962890625, 199.2826385498047, 198.34304809570312, 197.88873291015625, 197.45901489257812, 197.20928955078125, 196.9429168701172, 196.70909118652344, 196.54444885253906, 196.34991455078125, 196.151611328125, 196.1033935546875, 195.93605041503906, 195.8828887939453, 195.809326171875, 195.7344970703125, 195.6317138671875, 195.62576293945312, 195.54103088378906, 195.4741973876953, 195.4183349609375, 195.31747436523438, 195.23931884765625, 195.25994873046875, 195.1839599609375, 195.12213134765625, 195.11485290527344, 195.06243896484375, 195.0226287841797, 195.0425262451172], "reshape_1_categorical_accuracy": [0.31335046887397766, 0.32568392157554626, 0.32795295119285583, 0.32923462986946106, 0.330606073141098, 0.33129289746284485, 0.33209067583084106, 0.33258405327796936, 0.33284664154052734, 0.3331839144229889, 0.3335251212120056, 0.3338696360588074, 0.3341461718082428, 0.3336014747619629, 0.334031879901886, 0.33390143513679504, 0.3342537581920624, 0.33421361446380615, 0.3343552350997925, 0.33430448174476624, 0.3345102071762085, 0.33464622497558594, 0.33445224165916443, 0.3346746563911438, 0.3344310522079468, 0.3347248435020447, 0.3344583511352539, 0.33443495631217957, 0.3351825475692749, 0.33500805497169495]}