{"name": "StackedCNN_elu_linear", "rmse": 776.3814769875441, "abs erro": 71186586.17944336, "erro comp": "False", "r2 score": -21.626141752622043, "mape score": 0.22882540973170082, "alloc missing": 71186586.17944336, "alloc surplus": 0.0, "optimal percentage": 0.0, "better allocation": 0.0, "beter percentage": 0.0}