{"loss": [0.2740674316883087, 0.04604379087686539, 0.035353194922208786, 0.031075041741132736, 0.028675824403762817, 0.027293728664517403, 0.02602224424481392, 0.024743450805544853, 0.023993872106075287, 0.023391762748360634, 0.02294260449707508, 0.022149648517370224, 0.021774280816316605, 0.021134624257683754, 0.02081846445798874, 0.020436706021428108, 0.020082537084817886, 0.019803106784820557, 0.01956578530371189, 0.01926947385072708, 0.01914435811340809, 0.018827373161911964, 0.018607106059789658, 0.018272435292601585, 0.018109556287527084, 0.01791221834719181, 0.017706487327814102, 0.017434217035770416, 0.017248105257749557, 0.017156917601823807], "root_mean_squared_error": [274.8773193359375, 176.74122619628906, 158.95632934570312, 153.29193115234375, 152.3477783203125, 152.04263305664062, 148.10301208496094, 143.5927734375, 139.204345703125, 136.5753936767578, 134.89288330078125, 127.49459075927734, 126.02861022949219, 122.42130279541016, 121.35565948486328, 120.36344146728516, 119.57330322265625, 117.74986267089844, 116.03377532958984, 114.71040344238281, 115.35421752929688, 112.15472412109375, 113.38690185546875, 110.82905578613281, 111.08328247070312, 111.3773193359375, 109.54743194580078, 107.57367706298828, 105.80560302734375, 106.6321029663086]}