{"name": "VanillaDense", "rmse": 201.23493241051472, "abs erro": 1321263.4934584498, "erro comp": "True", "r2 score": -0.18843027075133678, "mape score": 19.709551713183806, "alloc missing": 668097.9900392175, "alloc surplus": 653165.5034192322, "spain alloc missing": 57465.00000000001, "spain alloc surplus": 3831902.4000000004, "optimal percentage": 0.5834478021978022, "beter percentage": 0.00011446886446886447}