{"loss": [3.5415124893188477, 3.2788898944854736, 3.2542471885681152, 3.232860803604126, 3.2180471420288086, 3.2056782245635986, 3.1948728561401367, 3.1852164268493652, 3.1744191646575928, 3.1662142276763916, 3.1583056449890137, 3.15380597114563, 3.1471686363220215, 3.1425111293792725, 3.136120319366455, 3.1311628818511963, 3.1272335052490234, 3.1235158443450928, 3.1200919151306152, 3.113954544067383, 3.110285997390747, 3.107571601867676, 3.104034662246704, 3.1021487712860107, 3.0967321395874023, 3.094567060470581, 3.094144105911255, 3.0910587310791016, 3.0873780250549316, 3.0854673385620117], "root_mean_squared_error": [203.50436401367188, 199.08457946777344, 198.28309631347656, 197.70651245117188, 197.29258728027344, 196.9678497314453, 196.68382263183594, 196.49742126464844, 196.22994995117188, 196.0758819580078, 195.9027099609375, 195.84185791015625, 195.73036193847656, 195.62718200683594, 195.53160095214844, 195.47573852539062, 195.42872619628906, 195.294921875, 195.2890625, 195.19204711914062, 195.09078979492188, 195.0744171142578, 195.03550720214844, 194.9617919921875, 194.8946075439453, 194.8303985595703, 194.87452697753906, 194.85549926757812, 194.7307891845703, 194.79107666015625]}