{"loss": [0.33170926570892334, 0.07329384237527847, 0.05160270631313324, 0.04164380207657814, 0.03552820533514023, 0.03032023459672928, 0.027061911299824715, 0.024892015382647514, 0.024303121492266655, 0.023310916498303413, 0.022357294335961342, 0.022028282284736633, 0.021282291039824486, 0.02123165689408779, 0.020609501749277115, 0.02045523375272751, 0.01991872861981392, 0.019513428211212158, 0.019331322982907295, 0.018889227882027626, 0.018953554332256317, 0.018427260220050812, 0.01820148155093193, 0.01797334849834442, 0.017794176936149597, 0.017669780179858208, 0.01743509992957115, 0.017302144318819046, 0.01725950837135315, 0.01694195531308651], "root_mean_squared_error": [9559.515625, 290.27337646484375, 247.64764404296875, 215.4125213623047, 204.05812072753906, 185.2904815673828, 181.38414001464844, 169.6424102783203, 174.1791229248047, 163.48431396484375, 149.98501586914062, 150.87789916992188, 149.0688018798828, 149.0768585205078, 143.30181884765625, 144.37078857421875, 137.4932098388672, 135.48008728027344, 139.5678253173828, 136.34835815429688, 258.5951843261719, 129.26174926757812, 130.76791381835938, 127.99169158935547, 131.36328125, 141.78106689453125, 127.5692138671875, 125.42985534667969, 144.81832885742188, 123.43517303466797]}