{"name": "StackedCNN_exponential_softplus", "rmse": 1573.4390310019655, "abs erro": 147520567.3244629, "erro comp": "False", "r2 score": -91.93087176255294, "mape score": 0.47619162700257583, "alloc missing": 147520567.3244629, "alloc surplus": 0.0, "optimal percentage": 0.0, "better allocation": 0.0, "beter percentage": 0.0}