{"loss": [33.60398483276367, 33.4605598449707, 33.431060791015625, 33.41446304321289, 33.403846740722656, 33.39689254760742, 33.392311096191406, 33.38926315307617, 33.38737487792969, 33.38617706298828, 33.38535690307617, 33.384803771972656, 33.38444900512695, 33.38417434692383, 33.383975982666016, 33.38383102416992, 33.38368606567383, 33.38359451293945, 33.383445739746094, 33.383399963378906, 33.38336181640625, 33.383235931396484, 33.38322830200195, 33.38315963745117, 33.38307189941406, 33.38309860229492, 33.38298797607422, 33.38296127319336, 33.3829460144043, 33.38287353515625], "root_mean_squared_error": [779.2560424804688, 779.2349853515625, 779.231201171875, 779.2284545898438, 779.2261962890625, 779.2252197265625, 779.2247924804688, 779.2247924804688, 779.2243041992188, 779.223876953125, 779.22412109375, 779.223876953125, 779.2234497070312, 779.2235717773438, 779.2234497070312, 779.2238159179688, 779.2234497070312, 779.2235717773438, 779.223388671875, 779.223876953125, 779.2233276367188, 779.2235717773438, 779.223388671875, 779.2234497070312, 779.2236938476562, 779.2232666015625, 779.2234497070312, 779.2236938476562, 779.2239379882812, 779.2232666015625]}