{"name": "StackedCNN_softsign_softsign", "rmse": 3277.760550728173, "abs erro": 309010545.36108506, "erro comp": "False", "r2 score": -402.28736976139066, "mape score": 0.9996940922233936, "alloc missing": 309010545.36108506, "alloc surplus": 0.0, "optimal percentage": 0.0, "better allocation": 0.0, "beter percentage": 0.0}