{"loss": [4.040614128112793, 3.3885738849639893, 3.349604845046997, 3.3264687061309814, 3.312593698501587, 3.3006296157836914, 3.291672468185425, 3.2836902141571045, 3.277815103530884, 3.272519826889038, 3.2677316665649414, 3.262228012084961, 3.2578115463256836, 3.2539563179016113, 3.2512667179107666, 3.2470924854278564, 3.2433393001556396, 3.2406816482543945, 3.2390079498291016, 3.2354393005371094, 3.2328336238861084, 3.2299818992614746, 3.2281229496002197, 3.226259708404541, 3.224717378616333, 3.2227189540863037, 3.2201926708221436, 3.218703269958496, 3.216825485229492, 3.2143499851226807], "root_mean_squared_error": [211.2848358154297, 203.82345581054688, 202.3956298828125, 201.64657592773438, 201.0775604248047, 200.60220336914062, 200.26060485839844, 199.8918914794922, 199.6727752685547, 199.44227600097656, 199.23867797851562, 199.0603485107422, 198.91441345214844, 198.79237365722656, 198.68946838378906, 198.57493591308594, 198.4122772216797, 198.33551025390625, 198.24713134765625, 198.2144775390625, 198.16021728515625, 197.96206665039062, 197.9308624267578, 197.81890869140625, 197.8036346435547, 197.72427368164062, 197.6771697998047, 197.60939025878906, 197.5626220703125, 197.50038146972656]}