name,rmse,abs erro,erro comp,r2 score,mape score,alloc missing,alloc surplus,optimal percentage,better allocation,beter percentage,epoca
StackedCNN RMSprop1epc,1355.8820529577529,11248092.422192384,False,-52.95240210737472,216.9130358998887,121537.40532226562,11126555.016870117,0.4922161172161172,0.3891941391941392,6.41025641025641,1
StackedCNN RMSprop10epc,979.3837705980255,7927477.379223633,False,-27.149634934054152,162.06703920676034,123287.82170410157,7804189.557519531,3.9377289377289375,3.2280219780219785,10.027472527472527,10
StackedCNN RMSprop20epc,555.7821834794055,4401484.682263183,False,-8.065175203498583,96.55475699600193,160939.4194519043,4240545.26281128,28.66300366300366,28.010531135531135,36.275183150183146,20
StackedCNN RMSprop29epc,501.81936796356007,3995286.6035522465,False,-6.390295417718024,87.47284976745709,165111.97842407227,3830174.6251281737,30.895146520146522,30.17399267399267,38.94230769230769,29
StackedCNN RMSprop30epc,501.81936796356007,3995286.6035522465,False,-6.390295417718024,87.47284976745709,165111.97842407227,3830174.6251281737,30.895146520146522,30.17399267399267,38.94230769230769,30
