{"name": "StackedCNN_RMSprop1epc", "rmse": 1355.8820529577529, "abs erro": 11248092.422192384, "erro comp": "False", "r2 score": -52.95240210737472, "mape score": 216.9130358998887, "alloc missing": 121537.40532226562, "alloc surplus": 11126555.016870117, "optimal percentage": 0.4922161172161172, "better allocation": 0.3891941391941392, "beter percentage": 6.41025641025641, "epoca": "1"}