{"name": "StackedCNN_RMSprop20epc", "rmse": 555.7821834794055, "abs erro": 4401484.682263183, "erro comp": "False", "r2 score": -8.065175203498583, "mape score": 96.55475699600193, "alloc missing": 160939.4194519043, "alloc surplus": 4240545.26281128, "optimal percentage": 28.66300366300366, "better allocation": 28.010531135531135, "beter percentage": 36.275183150183146, "epoca": "20"}