{"name": "StackedCNN_RMSprop10epc", "rmse": 979.3837705980255, "abs erro": 7927477.379223633, "erro comp": "False", "r2 score": -27.149634934054152, "mape score": 162.06703920676034, "alloc missing": 123287.82170410157, "alloc surplus": 7804189.557519531, "optimal percentage": 3.9377289377289375, "better allocation": 3.2280219780219785, "beter percentage": 10.027472527472527, "epoca": "10"}