{"loss": [53796.8984375, 53380.8984375, 53217.921875, 53063.20703125, 52938.640625, 52827.7265625, 52703.0703125, 52577.6953125, 52446.7734375, 52312.5546875, 52196.65234375, 52050.52734375, 51902.14453125, 51774.58203125, 51617.8671875, 51481.109375, 51321.8671875, 51187.69140625, 51070.1875, 50960.11328125, 50818.4453125, 50716.859375, 50586.73828125, 50501.26171875, 50398.8046875, 50325.75390625, 50237.546875, 50121.20703125, 50051.46875, 49960.73828125], "root_mean_squared_error": [187.8386993408203, 185.3967742919922, 184.92970275878906, 184.4733123779297, 184.0804901123047, 183.8080291748047, 183.5048065185547, 183.35659790039062, 183.151123046875, 182.99407958984375, 182.85899353027344, 182.62380981445312, 182.6129608154297, 182.50357055664062, 182.14881896972656, 182.2900390625, 182.07510375976562, 182.1089324951172, 181.85537719726562, 181.81849670410156, 181.55667114257812, 181.572509765625, 181.31031799316406, 181.35948181152344, 181.27169799804688, 181.19210815429688, 181.1396026611328, 180.77801513671875, 180.88967895507812, 180.7380828857422]}