{"loss": [195141.03125, 162340.390625, 152786.5625, 145249.8125, 135947.265625, 129286.046875, 122831.71875, 115493.046875, 111132.53125, 107610.34375, 105464.0, 102755.6171875, 101440.515625, 99444.21875, 98642.8203125, 97283.859375, 96681.875, 95907.03125, 94617.0234375, 94575.9921875], "root_mean_squared_error": [198.67999267578125, 143.96580505371094, 136.7056121826172, 130.78233337402344, 122.40641021728516, 118.06590270996094, 113.68816375732422, 109.23944091796875, 106.6213607788086, 103.88442993164062, 102.62799072265625, 101.41255187988281, 99.62554168701172, 98.06436157226562, 97.6531982421875, 96.19153594970703, 96.67692565917969, 95.17701721191406, 95.01979064941406, 94.68492889404297]}