{"name": "VanillaCNNmsde", "rmse": 177.7360855737596, "abs erro": 12006570.433484593, "erro comp": "True", "r2 score": -0.22849934268498173, "mape score": 3.905802435523634, "alloc missing": 6987010.724688953, "alloc surplus": 5019559.7087956425, "optimal percentage": 52.899610136452246, "better allocation": 52.899610136452246, "beter percentage": 99.98304941096703}