name,rmse,abs erro,erro comp,r2 score,mape score,alloc missing,alloc surplus,optimal percentage,better allocation,beter percentage,epoca
StackedCNN 168X 24Y10epc,425.21249840796116,3459508.0388488774,True,-4.306143656018347,77.08082981486392,64310.89301757813,3395197.145831299,48.92399267399267,48.431776556776555,52.117673992674,10
StackedCNN 168X 24Y20epc,408.2800570084366,3115022.689205933,True,-3.8919644728167713,73.13649740743557,181492.25323791505,2933530.435968017,52.300824175824175,52.01465201465202,58.333333333333336,20
StackedCNN 168X 24Y30epc,352.2847742602116,2757367.0998504637,True,-2.642123831807103,65.61350213003703,155940.3904144287,2601426.7094360352,70.7760989010989,70.65018315018315,75.40064102564102,30
