{"name": "StackedCNN_168X_24Y10epc", "rmse": 425.21249840796116, "abs erro": 3459508.0388488774, "erro comp": "True", "r2 score": -4.306143656018347, "mape score": 77.08082981486392, "alloc missing": 64310.89301757813, "alloc surplus": 3395197.145831299, "optimal percentage": 48.92399267399267, "better allocation": 48.431776556776555, "beter percentage": 52.117673992674, "epoca": "10"}