{"name": "StackedCNN_168X_24Y20epc", "rmse": 408.2800570084366, "abs erro": 3115022.689205933, "erro comp": "True", "r2 score": -3.8919644728167713, "mape score": 73.13649740743557, "alloc missing": 181492.25323791505, "alloc surplus": 2933530.435968017, "optimal percentage": 52.300824175824175, "better allocation": 52.01465201465202, "beter percentage": 58.333333333333336, "epoca": "20"}