name,rmse,abs erro,erro comp,r2 score,mape score,alloc missing,alloc surplus,optimal percentage,better allocation,beter percentage,epoca
StackedCNN selu selu10epc,206.7908738318767,1113487.1294886707,True,-0.25495946300989725,4.47356334198915,1015584.9627533556,97902.16673531533,40.16712454212454,40.16712454212454,82.37179487179486,10
StackedCNN selu selu20epc,206.50114958213922,1109361.0787064005,True,-0.25144540577117946,4.2333315924075245,1015824.166887169,93536.9118192315,39.99542124542125,39.99542124542125,82.49771062271061,20
StackedCNN selu selu30epc,204.45715045281986,1098083.9767728262,True,-0.22679378809611905,4.349791974820988,998568.2330996684,99515.7436731577,40.647893772893774,40.647893772893774,82.5091575091575,30
