{"name": "StackedCNN_selu_selu20epc", "rmse": 206.50114958213922, "abs erro": 1109361.0787064005, "erro comp": "True", "r2 score": -0.25144540577117946, "mape score": 4.2333315924075245, "alloc missing": 1015824.166887169, "alloc surplus": 93536.9118192315, "optimal percentage": 39.99542124542125, "better allocation": 39.99542124542125, "beter percentage": 82.49771062271061, "epoca": "20"}