{"name": "StackedCNN_selu_selu10epc", "rmse": 206.7908738318767, "abs erro": 1113487.1294886707, "erro comp": "True", "r2 score": -0.25495946300989725, "mape score": 4.47356334198915, "alloc missing": 1015584.9627533556, "alloc surplus": 97902.16673531533, "optimal percentage": 40.16712454212454, "better allocation": 40.16712454212454, "beter percentage": 82.37179487179486, "epoca": "10"}