name,rmse,abs erro,erro comp,r2 score,mape score,alloc missing,alloc surplus,optimal percentage,better allocation,beter percentage,epoca
StackedCNN linear relu10epc,753.2474951787336,6232101.554089355,False,-15.651077923319903,123.35710476436398,52968.002551269536,6179133.5515380865,8.848443223443224,8.0242673992674,12.396978021978022,10
StackedCNN linear relu20epc,771.375214567959,6367300.77664795,False,-16.462174400567434,125.19960829180155,52675.80407714843,6314624.9725708,8.058608058608058,7.280219780219781,11.59569597069597,20
StackedCNN linear relu30epc,614.1469774410548,4962488.829388428,False,-10.069081840530393,100.79438820994507,66478.0503112793,4896010.779077149,19.196428571428573,18.280677655677653,23.603479853479854,30
