{"name": "StackedCNN_linear_relu20epc", "rmse": 771.375214567959, "abs erro": 6367300.77664795, "erro comp": "False", "r2 score": -16.462174400567434, "mape score": 125.19960829180155, "alloc missing": 52675.80407714843, "alloc surplus": 6314624.9725708, "optimal percentage": 8.058608058608058, "better allocation": 7.280219780219781, "beter percentage": 11.59569597069597, "epoca": "20"}