{"name": "StackedCNN_linear_relu10epc", "rmse": 753.2474951787336, "abs erro": 6232101.554089355, "erro comp": "False", "r2 score": -15.651077923319903, "mape score": 123.35710476436398, "alloc missing": 52968.002551269536, "alloc surplus": 6179133.5515380865, "optimal percentage": 8.848443223443224, "better allocation": 8.0242673992674, "beter percentage": 12.396978021978022, "epoca": "10"}