name,rmse,abs erro,erro comp,r2 score,mape score,alloc missing,alloc surplus,optimal percentage,better allocation,beter percentage,epoca
StackedCNN exponential selu10epc,224.99112092643406,1753951.1870544432,True,-0.4855857321594912,40.49111438248181,322986.7854492187,1430964.4016052247,79.48717948717949,79.48717948717949,89.97252747252747,10
StackedCNN exponential selu20epc,354.11012478365575,2859755.0938049313,True,-2.6799646736959115,66.03232274860943,110124.53847656249,2749630.555328369,91.5521978021978,91.5521978021978,94.18498168498168,20
StackedCNN exponential selu30epc,481.5626169849283,3968215.083557129,False,-5.805695165881741,87.26664124146015,42512.94544677735,3925702.1381103517,30.80357142857143,30.11675824175824,33.64239926739927,30
