{"name": "StackedCNN_exponential_selu10epc", "rmse": 224.99112092643406, "abs erro": 1753951.1870544432, "erro comp": "True", "r2 score": -0.4855857321594912, "mape score": 40.49111438248181, "alloc missing": 322986.7854492187, "alloc surplus": 1430964.4016052247, "optimal percentage": 79.48717948717949, "better allocation": 79.48717948717949, "beter percentage": 89.97252747252747, "epoca": "10"}