{"name": "StackedCNN_exponential_selu20epc", "rmse": 354.11012478365575, "abs erro": 2859755.0938049313, "erro comp": "True", "r2 score": -2.6799646736959115, "mape score": 66.03232274860943, "alloc missing": 110124.53847656249, "alloc surplus": 2749630.555328369, "optimal percentage": 91.5521978021978, "better allocation": 91.5521978021978, "beter percentage": 94.18498168498168, "epoca": "20"}