{"name": "StackedCNN_exponential_selu30epc", "rmse": 481.5626169849283, "abs erro": 3968215.083557129, "erro comp": "False", "r2 score": -5.805695165881741, "mape score": 87.26664124146015, "alloc missing": 42512.94544677735, "alloc surplus": 3925702.1381103517, "optimal percentage": 30.80357142857143, "better allocation": 30.11675824175824, "beter percentage": 33.64239926739927, "epoca": "30"}