{"name": "UNET", "rmse": 2338772.720563094, "abs erro": 16475956678.74375, "erro comp": "False", "r2 score": -160525117.82546973, "mape score": 287783.793912874, "alloc missing": 0.0, "alloc surplus": 16475956678.74375, "spain alloc missing": 57465.00000000001, "spain alloc surplus": 3831902.4000000004, "optimal percentage": 0.0, "beter percentage": 0.0}