{"name": "StackedCNN_softsign_softplus", "rmse": 1046.9633412793864, "abs erro": 97615248.5756836, "erro comp": "False", "r2 score": -40.14557384804803, "mape score": 0.314415196628502, "alloc missing": 97615248.5756836, "alloc surplus": 0.0, "optimal percentage": 0.0, "better allocation": 0.0, "beter percentage": 0.0}