{"loss": [5.641078472137451, 1.7554627656936646, 0.7362457513809204, 0.28686416149139404, 0.12673886120319366, 0.09683388471603394, 0.09554512053728104, 0.09178771078586578, 0.07767483592033386, 0.0689329206943512, 0.06170640513300896, 0.05112149193882942, 0.04518468677997589, 0.04212420806288719, 0.0393550880253315, 0.03686622157692909, 0.034470632672309875, 0.032550327479839325, 0.03067305125296116, 0.02921835333108902, 0.027860647067427635, 0.02697835862636566, 0.025964615866541862, 0.025138940662145615, 0.024367086589336395, 0.023947488516569138, 0.023286735638976097, 0.022921500727534294, 0.02248607762157917, 0.022206541150808334], "root_mean_squared_error": [715.3236694335938, 628.75244140625, 543.9834594726562, 461.4476013183594, 402.7644348144531, 381.2580261230469, 378.6182861328125, 375.58758544921875, 356.679443359375, 337.4795837402344, 320.2073974609375, 301.58056640625, 286.4516296386719, 274.6334533691406, 263.4740295410156, 253.5038299560547, 243.87771606445312, 235.64117431640625, 227.3036346435547, 220.15478515625, 213.00914001464844, 207.5557861328125, 200.96778869628906, 195.27394104003906, 189.48471069335938, 185.37100219726562, 179.925537109375, 176.13723754882812, 171.6958770751953, 168.68556213378906]}