{"loss": [3.4875147342681885, 3.3431882858276367, 3.320643901824951, 3.309204578399658, 3.297522783279419, 3.2887771129608154, 3.289273500442505, 3.278367757797241, 3.2781524658203125, 3.275618076324463, 3.2710180282592773, 3.274451494216919, 3.2671988010406494, 3.265784978866577, 3.269364356994629, 3.2625021934509277, 3.2562625408172607, 3.2623703479766846, 3.2599987983703613, 3.26013445854187, 3.2559683322906494, 3.256011724472046, 3.2530274391174316, 3.247603416442871, 3.2510955333709717, 3.248863458633423, 3.24767804145813, 3.2539570331573486, 3.2471818923950195, 3.2511796951293945], "root_mean_squared_error": [204.67601013183594, 200.41043090820312, 199.7220001220703, 199.36390686035156, 199.0087127685547, 198.6943359375, 198.71432495117188, 198.4082489013672, 198.27664184570312, 198.29092407226562, 198.0959930419922, 198.26316833496094, 198.00747680664062, 197.86798095703125, 197.8923797607422, 197.96595764160156, 197.70631408691406, 197.8398895263672, 197.8777313232422, 197.78114318847656, 197.66180419921875, 197.6803436279297, 197.55758666992188, 197.4731903076172, 197.52493286132812, 197.4911651611328, 197.40481567382812, 197.61521911621094, 197.4550018310547, 197.5372314453125]}