{"loss": [31194.96875, 30347.13671875, 30181.611328125, 30075.8203125, 29953.109375, 29880.771484375, 29823.169921875, 29768.791015625, 29749.341796875, 29694.8046875, 29655.537109375, 29639.830078125, 29598.541015625, 29573.669921875, 29546.50390625, 29507.62890625, 29501.44921875, 29479.494140625, 29447.685546875, 29435.673828125, 29418.986328125, 29386.5078125, 29368.265625, 29379.5234375, 29345.326171875, 29336.541015625, 29337.779296875, 29331.697265625, 29330.39453125, 29321.435546875], "root_mean_squared_error": [176.62091064453125, 174.2042694091797, 173.72848510742188, 173.42376708984375, 173.0697784423828, 172.86065673828125, 172.69390869140625, 172.5364532470703, 172.4800262451172, 172.32186889648438, 172.20774841308594, 172.1621856689453, 172.0421600341797, 171.9698486328125, 171.89097595214844, 171.7777862548828, 171.7598114013672, 171.69606018066406, 171.60317993164062, 171.56814575195312, 171.51968383789062, 171.42483520507812, 171.37184143066406, 171.40464782714844, 171.30479431152344, 171.2791748046875, 171.28271484375, 171.26510620117188, 171.2611541748047, 171.23497009277344]}