{"name": "StackedCNNmse", "rmse": 157.77631708263914, "abs erro": 10570043.466509245, "erro comp": "True", "r2 score": 0.031928722831579326, "mape score": 4.237648957078913, "alloc missing": 5708934.078623963, "alloc surplus": 4861109.387885284, "spain alloc missing": 0.0, "spain alloc surplus": 294440672.50000006, "optimal percentage": 0.6164399525383507, "beter percentage": 1.059411814560556e-05}