{"loss": [8.416021347045898, 8.105843544006348, 8.048323631286621, 8.008988380432129, 7.980223655700684, 7.953739166259766, 7.935518741607666, 7.920118808746338, 7.904117107391357, 7.887383937835693, 7.876065254211426, 7.866753101348877, 7.8592963218688965, 7.847724437713623, 7.838765621185303, 7.832152366638184, 7.819950103759766, 7.812983989715576, 7.8056721687316895, 7.802046298980713, 7.792822360992432, 7.785898208618164, 7.779548645019531, 7.774877548217773, 7.765091896057129, 7.7631516456604, 7.756507873535156, 7.756347179412842, 7.748979091644287, 7.742399215698242], "reshape_loss": [3.423577070236206, 3.282245397567749, 3.256129503250122, 3.2378878593444824, 3.2242941856384277, 3.212005615234375, 3.203278064727783, 3.195969343185425, 3.1882684230804443, 3.1801726818084717, 3.1745522022247314, 3.1703877449035645, 3.1664154529571533, 3.160391092300415, 3.156470537185669, 3.1529479026794434, 3.1477720737457275, 3.143894910812378, 3.140062093734741, 3.139096736907959, 3.1346123218536377, 3.1306679248809814, 3.127821207046509, 3.1249160766601562, 3.1207756996154785, 3.119586944580078, 3.116523027420044, 3.116110324859619, 3.1128687858581543, 3.108823299407959], "reshape_1_loss": [1.56465744972229, 1.5416879653930664, 1.5369110107421875, 1.5338753461837769, 1.5318551063537598, 1.5296927690505981, 1.5288677215576172, 1.5281565189361572, 1.527121901512146, 1.5265687704086304, 1.5257588624954224, 1.525302529335022, 1.5253652334213257, 1.525158405303955, 1.52460777759552, 1.524377703666687, 1.5240464210510254, 1.523665428161621, 1.5237480401992798, 1.523598074913025, 1.5229899883270264, 1.5230612754821777, 1.5227724313735962, 1.5227692127227783, 1.5224214792251587, 1.5222582817077637, 1.5220125913619995, 1.5220433473587036, 1.5218088626861572, 1.5219779014587402], "reshape_2_loss": [3.427791118621826, 3.281900405883789, 3.2552945613861084, 3.237239360809326, 3.2240777015686035, 3.212038040161133, 3.203376531600952, 3.195991039276123, 3.1887245178222656, 3.180649995803833, 3.1757447719573975, 3.171062469482422, 3.167512893676758, 3.1621742248535156, 3.1576786041259766, 3.1548190116882324, 3.14813232421875, 3.1454293727874756, 3.141862154006958, 3.1393609046936035, 3.1352217197418213, 3.132169246673584, 3.128957509994507, 3.1271867752075195, 3.121894359588623, 3.12129807472229, 3.117973566055298, 3.118194103240967, 3.11429762840271, 3.111600637435913], "reshape_root_mean_squared_error": [203.049560546875, 199.22975158691406, 198.3541259765625, 197.8873748779297, 197.3878173828125, 197.11122131347656, 196.85414123535156, 196.6854705810547, 196.4790496826172, 196.26998901367188, 196.17926025390625, 196.0732421875, 196.0030517578125, 195.88320922851562, 195.80123901367188, 195.72605895996094, 195.642578125, 195.55642700195312, 195.5527801513672, 195.4540252685547, 195.3743438720703, 195.2981719970703, 195.3247528076172, 195.21533203125, 195.16961669921875, 195.15557861328125, 195.105712890625, 195.0791015625, 195.0522918701172, 194.97607421875], "reshape_1_categorical_accuracy": [0.3128771483898163, 0.32535111904144287, 0.32731127738952637, 0.328936368227005, 0.3304655849933624, 0.33138322830200195, 0.33128342032432556, 0.3320460617542267, 0.33255285024642944, 0.3323058784008026, 0.33262085914611816, 0.33325472474098206, 0.3328031599521637, 0.3327752947807312, 0.3329966068267822, 0.3334425985813141, 0.3331120014190674, 0.33350393176078796, 0.3341260850429535, 0.333473265171051, 0.33390700817108154, 0.33376428484916687, 0.33361318707466125, 0.3335914611816406, 0.33415284752845764, 0.3340854048728943, 0.33364441990852356, 0.3340553045272827, 0.3339298665523529, 0.33367228507995605], "reshape_2_root_mean_squared_error": [203.1935272216797, 199.27047729492188, 198.40672302246094, 197.9190216064453, 197.3958740234375, 197.1315460205078, 196.8997039794922, 196.6858367919922, 196.5240020751953, 196.30722045898438, 196.19297790527344, 196.1145782470703, 196.0773162841797, 195.93032836914062, 195.87001037597656, 195.7554473876953, 195.65093994140625, 195.60118103027344, 195.60325622558594, 195.45785522460938, 195.43125915527344, 195.34996032714844, 195.3218994140625, 195.279541015625, 195.1773681640625, 195.21841430664062, 195.1016387939453, 195.16131591796875, 195.0940704345703, 195.01942443847656]}