{"name": "VanillaCNNmae", "rmse": 181.8215399776951, "abs erro": 994893.6845317959, "erro comp": "True", "r2 score": 0.02980814456575931, "mape score": 6.096194915315655, "alloc missing": 812734.4407625914, "alloc surplus": 182159.24376920462, "optimal percentage": 42.43360805860806, "better allocation": 42.43360805860806, "beter percentage": 84.75274725274726}