{"loss": [0.24050027132034302, 0.04481058567762375, 0.03558880463242531, 0.03138118237257004, 0.028883887454867363, 0.027722856029868126, 0.026704180985689163, 0.025985609740018845, 0.025643499568104744, 0.025014761835336685, 0.024620629847049713, 0.024004904553294182, 0.023675041273236275, 0.023281387984752655, 0.02291981689631939, 0.02266508899629116, 0.022467002272605896, 0.02219115011394024, 0.021973956376314163, 0.021855978295207024, 0.02178865671157837, 0.0216351505368948, 0.021429870277643204, 0.021290913224220276, 0.021129118278622627, 0.02097935788333416, 0.020962607115507126, 0.020816123113036156, 0.020657869055867195, 0.02046019770205021], "root_mean_squared_error": [262.11181640625, 175.57530212402344, 158.6265106201172, 153.93548583984375, 147.88711547851562, 149.56027221679688, 146.48773193359375, 146.16729736328125, 147.86512756347656, 143.84967041015625, 143.9383087158203, 141.6382598876953, 140.02670288085938, 136.82716369628906, 133.37445068359375, 130.96994018554688, 128.59524536132812, 126.77542877197266, 126.14813232421875, 125.13468170166016, 126.27725219726562, 125.29309844970703, 123.24395751953125, 122.56192016601562, 122.42660522460938, 122.26235961914062, 122.25480651855469, 122.65489196777344, 122.35035705566406, 120.03765869140625]}