{"name": "StackedCNN_linear_elu", "rmse": 1201.908803746256, "abs erro": 110865437.4407959, "erro comp": "False", "r2 score": -53.2254550846703, "mape score": 0.3575358874761882, "alloc missing": 110865437.4407959, "alloc surplus": 0.0, "optimal percentage": 0.0, "better allocation": 0.0, "beter percentage": 0.0}