{"name": "VanillaCNN", "rmse": 174.96359451802178, "abs erro": 1124205.7220406057, "erro comp": "True", "r2 score": 0.10161530264492369, "mape score": 16.45138935388933, "alloc missing": 614355.8974720478, "alloc surplus": 509849.8245685577, "optimal percentage": 61.790293040293044, "better allocation": 61.790293040293044, "beter percentage": 86.18360805860806}