{"loss": [33.39109802246094, 33.381351470947266, 33.38138198852539, 33.38132858276367, 33.38132858276367, 33.38132095336914, 33.38135528564453, 33.381351470947266, 33.38134002685547, 33.381309509277344, 33.38134765625, 33.38137435913086, 33.38134765625, 33.38138198852539, 33.381351470947266, 33.38135528564453, 33.38132858276367, 33.38132858276367, 33.381385803222656, 33.38134765625, 33.38136291503906, 33.38135528564453, 33.38135528564453, 33.38132095336914, 33.38134765625, 33.38135528564453, 33.38140106201172, 33.3813591003418, 33.381324768066406, 33.38137435913086], "root_mean_squared_error": [779.2246704101562, 779.2230834960938, 779.223388671875, 779.2236328125, 779.2230224609375, 779.2233276367188, 779.2232666015625, 779.2230224609375, 779.2232666015625, 779.2235107421875, 779.223388671875, 779.2233276367188, 779.22314453125, 779.2237548828125, 779.2230224609375, 779.2229614257812, 779.2237548828125, 779.22314453125, 779.22314453125, 779.2230224609375, 779.2234497070312, 779.2232666015625, 779.2236328125, 779.2238159179688, 779.22314453125, 779.2234497070312, 779.2233276367188, 779.2234497070312, 779.2232666015625, 779.2230224609375]}