{"loss": [3.4256348609924316, 3.2792389392852783, 3.256312847137451, 3.2393436431884766, 3.224882125854492, 3.2127792835235596, 3.2028086185455322, 3.1935245990753174, 3.1869096755981445, 3.1812596321105957, 3.172609329223633, 3.16746187210083, 3.1634225845336914, 3.157867908477783, 3.152269124984741, 3.1492464542388916, 3.146782875061035, 3.141641616821289, 3.137883424758911, 3.1352286338806152, 3.131174087524414, 3.127690076828003, 3.1256117820739746, 3.122690200805664, 3.1206889152526855, 3.1195614337921143, 3.116594076156616, 3.1135880947113037, 3.111328363418579, 3.108569860458374], "root_mean_squared_error": [203.16355895996094, 199.0510711669922, 198.33364868164062, 197.83526611328125, 197.481689453125, 197.19375610351562, 196.85910034179688, 196.6398468017578, 196.53289794921875, 196.3972930908203, 196.197998046875, 196.07740783691406, 195.989990234375, 195.9184112548828, 195.77413940429688, 195.7384490966797, 195.6446533203125, 195.55604553222656, 195.52532958984375, 195.47740173339844, 195.4178466796875, 195.29234313964844, 195.2508544921875, 195.2236785888672, 195.1728057861328, 195.19334411621094, 195.19534301757812, 195.09034729003906, 195.03976440429688, 194.99185180664062]}