name,rmse,abs erro,erro comp,r2 score,mape score,alloc missing,alloc surplus,optimal percentage,better allocation,beter percentage,epoca
StackedCNN softsign relu10epc,205.63359487580246,1110968.0413884101,True,-0.24095232394207766,4.989393920124466,999211.42519961,111756.61618880034,41.506410256410255,41.506410256410255,82.48626373626374,10
StackedCNN softsign relu20epc,205.26281024599123,1108345.8265710592,True,-0.23648115555935267,4.830642951865422,999774.4850687324,108571.34150232673,41.334706959706956,41.334706959706956,82.57783882783882,20
StackedCNN softsign relu30epc,203.70043208140635,1100693.2789674401,True,-0.2177295958583041,4.9216222789885,986235.3788855552,114457.90008188486,41.6437728937729,41.6437728937729,82.6923076923077,30
