{"name": "StackedCNN_softsign_relu10epc", "rmse": 205.63359487580246, "abs erro": 1110968.0413884101, "erro comp": "True", "r2 score": -0.24095232394207766, "mape score": 4.989393920124466, "alloc missing": 999211.42519961, "alloc surplus": 111756.61618880034, "optimal percentage": 41.506410256410255, "better allocation": 41.506410256410255, "beter percentage": 82.48626373626374, "epoca": "10"}