{"name": "StackedCNN_softsign_relu30epc", "rmse": 203.70043208140635, "abs erro": 1100693.2789674401, "erro comp": "True", "r2 score": -0.2177295958583041, "mape score": 4.9216222789885, "alloc missing": 986235.3788855552, "alloc surplus": 114457.90008188486, "optimal percentage": 41.6437728937729, "better allocation": 41.6437728937729, "beter percentage": 82.6923076923077, "epoca": "30"}