{"name": "StackedCNN_softsign_relu20epc", "rmse": 205.26281024599123, "abs erro": 1108345.8265710592, "erro comp": "True", "r2 score": -0.23648115555935267, "mape score": 4.830642951865422, "alloc missing": 999774.4850687324, "alloc surplus": 108571.34150232673, "optimal percentage": 41.334706959706956, "better allocation": 41.334706959706956, "beter percentage": 82.57783882783882, "epoca": "20"}