{"loss": [0.3176659643650055, 0.06680332869291306, 0.04944450035691261, 0.04100221022963524, 0.03496420383453369, 0.03322016820311546, 0.02714705280959606, 0.024973079562187195, 0.025239288806915283, 0.024008050560951233, 0.022645585238933563, 0.022073425352573395, 0.021397899836301804, 0.020988859236240387, 0.0207270048558712, 0.02019469626247883, 0.019820399582386017, 0.01950189098715782, 0.019267739728093147, 0.018817352131009102, 0.018971314653754234, 0.018350236117839813, 0.018061356619000435, 0.017928965389728546, 0.017586752772331238, 0.01749531738460064, 0.017361165955662727, 0.01712474413216114, 0.017011605203151703, 0.016953647136688232], "root_mean_squared_error": [2130.22216796875, 274.3178405761719, 237.68919372558594, 222.1461944580078, 205.87246704101562, 228.52967834472656, 174.87379455566406, 175.66184997558594, 211.85617065429688, 163.45755004882812, 160.15538024902344, 154.53677368164062, 145.6756591796875, 147.48583984375, 150.83157348632812, 151.61109924316406, 140.36505126953125, 143.66725158691406, 151.29217529296875, 134.8463897705078, 435.030517578125, 132.69419860839844, 131.45303344726562, 134.1175079345703, 124.42642974853516, 129.7182159423828, 132.56089782714844, 127.27993774414062, 126.50724029541016, 133.088134765625]}