{"name": "StackedCNN_exponential_selu", "rmse": 1403.3637172623617, "abs erro": 129736114.84075928, "erro comp": "False", "r2 score": -72.92658777412677, "mape score": 0.4187540884065981, "alloc missing": 129736114.84075928, "alloc surplus": 0.0, "optimal percentage": 0.0, "better allocation": 0.0, "beter percentage": 0.0}