name,rmse,abs erro,erro comp,r2 score,mape score,alloc missing,alloc surplus,optimal percentage,better allocation,beter percentage,acc,acc aloc
StackedCNNClusterLinear 4 arch,207.47350625161218,1111659.960739422,True,-0.26325857191524116,3.813502675717881,1027024.2092306733,84635.75150874854,38.65613553113553,38.65613553113553,82.3374542124542,0.39732142857142855,0.2873168498168498
StackedCNNClusterLinear 4 interpr,207.4470568376501,1111808.5944309412,True,-0.2629365036208533,3.8394073780904523,1027318.2379777251,84490.35645321608,38.770604395604394,38.770604395604394,82.38324175824175,,
StackedCNNClusterLinear 6 arch,208.03148685789787,1113342.3857178807,True,-0.27006254069843494,3.719682574654456,1032371.2593094945,80971.12640838623,38.484432234432234,38.484432234432234,82.28021978021978,0.3321886446886447,0.09512362637362637
StackedCNNClusterLinear 6 interpr,208.23083281596575,1114478.1580943945,True,-0.27249777916568196,3.7246136462229833,1034020.0944743872,80458.06362000703,38.553113553113555,38.553113553113555,82.257326007326,,
StackedCNNClusters 4 arch,206.55942834584016,1106934.653601408,True,-0.25215187140363593,4.112488173925543,1017487.3575144291,89447.29608697892,39.571886446886445,39.571886446886445,82.4290293040293,0.4007554945054945,0.2873168498168498
StackedCNNClusters 6 arch,206.94470437203142,1109766.6926057637,True,-0.25682727171234454,4.115447164560078,1019180.7653949738,90585.92721078993,39.49175824175824,39.49175824175824,82.45192307692307,0.3318452380952381,0.09512362637362637
