{"name": "VanillaLSTM", "rmse": 236.86319783678692, "abs erro": 1296623.5999999999, "erro comp": "True", "r2 score": -0.6465015257286457, "mape score": 1.0, "alloc missing": 1296623.5999999999, "alloc surplus": 0.0, "spain alloc missing": 57465.00000000001, "spain alloc surplus": 3831902.4000000004, "optimal percentage": 0.0637591575091575, "beter percentage": 0.00011446886446886447}