{"loss": [0.22424130141735077, 0.033645812422037125, 0.029576756060123444, 0.02601739950478077, 0.023529991507530212, 0.022829074412584305, 0.021685155108571053, 0.021191319450736046, 0.020439527928829193, 0.01988791674375534, 0.019682627171278, 0.019418470561504364, 0.018839377909898758, 0.018781432881951332, 0.01848645508289337, 0.018256932497024536, 0.018246164545416832, 0.018160192295908928, 0.017987020313739777, 0.018055258318781853, 0.017738893628120422, 0.017736459150910378, 0.01745588891208172, 0.017542170360684395, 0.017352396622300148, 0.01732117496430874, 0.017407244071364403, 0.017005540430545807, 0.01718493178486824, 0.01705450750887394], "root_mean_squared_error": [91029.3046875, 232.2640838623047, 205.31338500976562, 172.34335327148438, 142.74887084960938, 180.6895294189453, 134.9353790283203, 138.60450744628906, 134.01904296875, 131.9481658935547, 133.7701873779297, 131.8939208984375, 125.17913818359375, 133.14952087402344, 124.19963836669922, 121.2697525024414, 121.39754486083984, 128.5297393798828, 123.70771026611328, 139.71197509765625, 120.68109893798828, 120.3569564819336, 119.71595764160156, 122.45045471191406, 119.401123046875, 122.83778381347656, 131.69015502929688, 116.62617492675781, 162.42901611328125, 115.01319122314453]}