{"loss": [3.9108448028564453, 3.534857988357544, 3.372567892074585, 3.310619592666626, 3.283047676086426, 3.2647111415863037, 3.2492809295654297, 3.2384111881256104, 3.227410316467285, 3.2171006202697754, 3.2101922035217285, 3.201434373855591, 3.195612668991089, 3.1891884803771973, 3.1843645572662354, 3.1798079013824463, 3.1746160984039307, 3.1705965995788574, 3.167746067047119, 3.1640026569366455, 3.161051034927368, 3.15679669380188, 3.1545283794403076, 3.1514716148376465, 3.1502809524536133, 3.1496191024780273, 3.145966053009033, 3.141773223876953, 3.142444610595703, 3.1379754543304443], "root_mean_squared_error": [216.70062255859375, 210.0761260986328, 207.10130310058594, 204.66488647460938, 203.37164306640625, 202.4172821044922, 201.78440856933594, 201.23403930664062, 200.81687927246094, 200.46047973632812, 200.13748168945312, 199.8966064453125, 199.68882751464844, 199.43673706054688, 199.2841796875, 199.08494567871094, 198.96421813964844, 198.75296020507812, 198.6385498046875, 198.4824981689453, 198.44622802734375, 198.34791564941406, 198.19854736328125, 198.1240234375, 198.0680694580078, 198.0030517578125, 197.8897705078125, 197.8452911376953, 197.78131103515625, 197.8056640625]}