{"loss": [3.931767463684082, 3.573174238204956, 3.4105825424194336, 3.327819347381592, 3.296649932861328, 3.2799079418182373, 3.2640254497528076, 3.2528231143951416, 3.2452170848846436, 3.236288547515869, 3.2291605472564697, 3.22373366355896, 3.218256711959839, 3.2132773399353027, 3.208962917327881, 3.2045726776123047, 3.2009050846099854, 3.199159860610962, 3.1942858695983887, 3.1934709548950195, 3.1906230449676514, 3.1888341903686523, 3.1861658096313477, 3.1847004890441895, 3.182779312133789, 3.180706262588501, 3.1784744262695312, 3.177994728088379, 3.1744203567504883, 3.1744561195373535], "root_mean_squared_error": [216.82669067382812, 210.24505615234375, 207.5956268310547, 205.0483856201172, 203.63705444335938, 202.87728881835938, 202.1560516357422, 201.65887451171875, 201.31072998046875, 201.0102081298828, 200.70663452148438, 200.4658966064453, 200.32542419433594, 200.12673950195312, 199.87911987304688, 199.74559020996094, 199.63156127929688, 199.4393310546875, 199.36669921875, 199.32260131835938, 199.16224670410156, 199.0828857421875, 199.034912109375, 198.951416015625, 198.80697631835938, 198.7615509033203, 198.6741485595703, 198.62596130371094, 198.7570037841797, 198.5355682373047]}