{"loss": [0.29365649819374084, 0.045128289610147476, 0.03601100668311119, 0.03238454833626747, 0.028670789673924446, 0.026766326278448105, 0.025470154359936714, 0.024558240547776222, 0.023914093151688576, 0.023617224767804146, 0.023111287504434586, 0.022611485794186592, 0.022226177155971527, 0.021652651950716972, 0.02114751935005188, 0.02073901705443859, 0.020448673516511917, 0.02008807472884655, 0.01991603523492813, 0.019555171951651573, 0.01934077963232994, 0.018904680386185646, 0.01878378726541996, 0.018553344532847404, 0.018389059230685234, 0.018205024302005768, 0.01806766726076603, 0.018002863973379135, 0.01789899542927742, 0.017739197239279747], "root_mean_squared_error": [268.19378662109375, 175.88226318359375, 160.1271209716797, 157.4366455078125, 153.4508514404297, 148.01565551757812, 147.4329071044922, 142.1059112548828, 141.65969848632812, 141.8311767578125, 140.5518341064453, 138.69052124023438, 140.6414031982422, 135.61651611328125, 133.3192901611328, 132.47869873046875, 132.27279663085938, 128.40628051757812, 127.03251647949219, 122.81806945800781, 119.36865234375, 113.56446838378906, 112.3781509399414, 110.36597442626953, 107.91255187988281, 106.58599853515625, 106.12943267822266, 106.61946105957031, 106.13063049316406, 104.42509460449219]}