{"loss": [53364320.0, 12777652.0, 10369188.0, 8868713.0, 8402066.0, 8053832.5, 7486170.5, 7442651.5, 6720066.0, 6849861.5, 6341317.5, 6068303.5, 5847154.5, 5396590.5, 5312153.0, 5464738.0, 5166603.5, 5637297.5, 4840988.5, 4513162.0, 4820075.0, 4691392.0, 4310920.5, 4440195.5, 4797633.0, 4387823.5, 4092855.5, 4316366.0, 4101096.0, 4391202.0, 4134062.0, 4213725.0, 4058029.5, 4104795.5, 4277639.5, 3913518.25, 3916484.25, 3934394.25, 3865734.75, 3848373.0, 3646795.75, 4400851.0, 3711844.25, 3588447.5, 3640424.25, 3816694.0, 3426113.0, 3525149.75, 3609542.5, 3549048.0, 3438722.25, 3994404.25, 3727582.25, 3400816.0, 3807181.0, 3409706.0, 3414703.5, 3543762.5, 3145133.75, 3545380.5, 3638009.0, 3374699.75, 3510927.75, 3307507.0, 3441132.5, 3871533.5, 3242196.0, 3180655.25, 3284243.0, 2931781.5], "root_mean_squared_error": [257.5190734863281, 173.898681640625, 165.83067321777344, 161.01609802246094, 158.99679565429688, 157.48907470703125, 155.975341796875, 155.54945373535156, 152.65235900878906, 150.1162872314453, 145.40951538085938, 143.3806610107422, 140.68272399902344, 138.7912139892578, 137.4739227294922, 137.35333251953125, 136.1923370361328, 137.77268981933594, 134.1454620361328, 132.96392822265625, 133.6558837890625, 133.10687255859375, 131.5042724609375, 131.96693420410156, 132.65036010742188, 130.45953369140625, 129.53176879882812, 130.05471801757812, 128.65757751464844, 129.95712280273438, 128.7523956298828, 128.76927185058594, 128.43023681640625, 127.90089416503906, 128.77647399902344, 126.55728912353516, 127.3504409790039, 126.44120788574219, 126.5867691040039, 126.1134262084961, 125.54894256591797, 127.83710479736328, 126.36614990234375, 124.8011245727539, 124.96968078613281, 125.22985076904297, 123.80123138427734, 124.01611328125, 124.58138275146484, 124.10271453857422, 123.4114761352539, 126.19161987304688, 124.49652099609375, 123.23634338378906, 124.8011703491211, 123.3332290649414, 123.61153411865234, 124.23893737792969, 122.4365005493164, 123.40715026855469, 124.02271270751953, 122.95075225830078, 122.633056640625, 122.05496215820312, 122.46746063232422, 125.13033294677734, 121.60728454589844, 120.7884292602539, 121.0624771118164, 119.43569946289062]}