{"loss": [3.420259475708008, 3.27616286277771, 3.248939275741577, 3.2310779094696045, 3.214606761932373, 3.2032315731048584, 3.1915297508239746, 3.183720588684082, 3.1766300201416016, 3.168464183807373, 3.1626439094543457, 3.156064033508301, 3.150681734085083, 3.1457090377807617, 3.1391725540161133, 3.138340711593628, 3.1322996616363525, 3.1274845600128174, 3.123656749725342, 3.120466470718384, 3.1178855895996094, 3.1141650676727295, 3.109112024307251, 3.1055355072021484, 3.103820562362671, 3.104527235031128, 3.0986640453338623, 3.0960757732391357, 3.0951199531555176, 3.0909647941589355], "root_mean_squared_error": [203.38095092773438, 199.22740173339844, 198.24972534179688, 197.8218536376953, 197.35182189941406, 197.0841827392578, 196.76707458496094, 196.5930938720703, 196.48806762695312, 196.3123779296875, 196.1986541748047, 196.0586395263672, 195.90567016601562, 195.82846069335938, 195.7209014892578, 195.74017333984375, 195.62086486816406, 195.4903106689453, 195.47242736816406, 195.45562744140625, 195.40576171875, 195.2993621826172, 195.26712036132812, 195.17018127441406, 195.17543029785156, 195.2649383544922, 195.0763397216797, 195.1146240234375, 195.1086883544922, 195.01622009277344]}