{"loss": [7.334934711456299, 3.5048604011535645, 2.493238687515259, 2.0390336513519287, 1.8713221549987793, 1.8375108242034912, 1.8357692956924438, 1.8260862827301025, 1.8142038583755493, 0.26708412170410156, 0.12463489174842834, 0.08632197231054306, 0.0677417740225792, 0.05849974602460861, 0.05046263337135315, 0.04445292428135872, 0.04146914184093475, 0.03944826126098633, 0.03771602362394333, 0.03624090924859047, 0.03472841531038284, 0.03335020691156387, 0.031939662992954254, 0.03067619353532791, 0.029523303732275963, 0.028366077691316605, 0.027406560257077217, 0.026535792276263237, 0.025760000571608543, 0.025024456903338432], "root_mean_squared_error": [720.2481689453125, 639.8882446289062, 560.9324340820312, 483.9134216308594, 427.8428955078125, 406.40863037109375, 403.5596923828125, 394.9242858886719, 376.3044738769531, 354.955810546875, 338.6998596191406, 324.7400817871094, 311.9063415527344, 299.50115966796875, 285.8590393066406, 273.0985107421875, 262.8265075683594, 254.2653045654297, 246.43736267089844, 239.5726776123047, 232.65811157226562, 226.33522033691406, 220.45364379882812, 215.02871704101562, 209.7179412841797, 204.26763916015625, 199.62710571289062, 194.86830139160156, 190.59996032714844, 186.47518920898438]}