{"name": "StackedCNN_softsign_linear", "rmse": 1194.0044604247537, "abs erro": 111522931.96057129, "erro comp": "False", "r2 score": -52.5145738337599, "mape score": 0.3594996532374309, "alloc missing": 111522931.96057129, "alloc surplus": 0.0, "optimal percentage": 0.0, "better allocation": 0.0, "beter percentage": 0.0}