{"loss": [5.996365547180176, 1.940948247909546, 0.8394776582717896, 0.3342646360397339, 0.14057020843029022, 0.09822559356689453, 0.09348039329051971, 0.0800517126917839, 0.06986434757709503, 0.05808493494987488, 0.049883708357810974, 0.045233357697725296, 0.04090237617492676, 0.03715132549405098, 0.03387780487537384, 0.03105117566883564, 0.02892710454761982, 0.02726241946220398, 0.025982271879911423, 0.024960896000266075, 0.024179842323064804, 0.02350088581442833, 0.02291032485663891, 0.022357195615768433, 0.02196182869374752, 0.02149352803826332, 0.02113834023475647, 0.020716385915875435, 0.020557556301355362, 0.02011905424296856], "root_mean_squared_error": [719.919921875, 638.252197265625, 556.391845703125, 473.2852478027344, 409.60174560546875, 382.81036376953125, 377.4582214355469, 361.5955505371094, 343.0555114746094, 323.425048828125, 306.21844482421875, 291.908203125, 278.4512634277344, 266.0796203613281, 254.65049743652344, 244.03005981445312, 234.55372619628906, 225.59703063964844, 217.47311401367188, 210.01138305664062, 203.4813995361328, 197.08497619628906, 191.4429931640625, 186.05776977539062, 181.10589599609375, 176.2982940673828, 172.17141723632812, 167.6358184814453, 164.54542541503906, 160.1018524169922]}