{"name": "StackedCNN", "rmse": 426.0310028650423, "abs erro": 3439562.6349670407, "erro comp": "True", "r2 score": -4.3265912314464465, "mape score": 77.66240928604057, "alloc missing": 77918.15982666015, "alloc surplus": 3361644.4751403807, "spain alloc missing": 57465.00000000001, "spain alloc surplus": 3831902.4000000004, "optimal percentage": 0.4728708791208791, "beter percentage": 0.00011446886446886447}