name,rmse,abs erro,erro comp,r2 score,mape score,alloc missing,alloc surplus,optimal percentage,better allocation,beter percentage,epoca
StackedCNN exponential elu10epc,295.88285249741637,2317745.7099426268,True,-1.569251121312082,55.0556585267329,206331.65190429686,2111414.05803833,83.43635531135531,83.42490842490842,89.68635531135531,10
StackedCNN exponential elu20epc,438.2468125626507,3575674.626715088,True,-4.636434870650671,80.71828596814142,59617.155364990234,3516057.4713500976,40.05265567765568,39.629120879120876,43.23489010989011,20
StackedCNN exponential elu30epc,500.05078751688364,4126375.7638305663,False,-6.3382954325514325,90.43238983401011,36655.87469482422,4089719.889135742,22.561813186813186,21.657509157509157,25.19459706959707,30
