{"name": "StackedCNN_exponential_elu20epc", "rmse": 438.2468125626507, "abs erro": 3575674.626715088, "erro comp": "True", "r2 score": -4.636434870650671, "mape score": 80.71828596814142, "alloc missing": 59617.155364990234, "alloc surplus": 3516057.4713500976, "optimal percentage": 40.05265567765568, "better allocation": 39.629120879120876, "beter percentage": 43.23489010989011, "epoca": "20"}