{"name": "StackedCNN_exponential_elu10epc", "rmse": 295.88285249741637, "abs erro": 2317745.7099426268, "erro comp": "True", "r2 score": -1.569251121312082, "mape score": 55.0556585267329, "alloc missing": 206331.65190429686, "alloc surplus": 2111414.05803833, "optimal percentage": 83.43635531135531, "better allocation": 83.42490842490842, "beter percentage": 89.68635531135531, "epoca": "10"}