{"loss": [133.0118865966797, 97.47724914550781, 93.39788818359375, 91.41477966308594, 89.39195251464844, 88.39727020263672, 87.61285400390625, 87.5565414428711, 86.85527801513672, 86.48445129394531, 86.73886108398438, 86.39344787597656, 85.9556884765625, 85.9283447265625, 86.61307525634766], "root_mean_squared_error": [223.16981506347656, 151.25721740722656, 151.31666564941406, 151.3472137451172, 148.6856231689453, 151.65057373046875, 147.16329956054688, 149.81175231933594, 148.54739379882812, 146.34506225585938, 148.2751922607422, 147.9014434814453, 145.27403259277344, 148.06280517578125, 147.59671020507812]}