{"name": "VanillaDense", "rmse": 571.182032056399, "Absolute Error": 52431629.47216797, "r2 score": -11.246422747318038, "mape score": 0.17149275250952056, "erro_per_mean score": 0.17174573097714507, "alloc_erro": 193.120361328125, "spain_alloc_erro": 0.0, "alloc_erro_comp_bool": 94385.0, "alloc_erro_comp_value": 0.0}