{"loss": [20336.037109375, 11149.3935546875, 10565.0771484375, 10272.423828125, 10000.583984375, 9815.97265625, 9588.9345703125, 9369.94140625, 9202.4423828125, 9057.9736328125, 8965.4150390625, 8877.2158203125, 8793.6640625, 8723.6806640625, 8686.314453125, 8626.8857421875, 8605.8564453125, 8557.6435546875, 8489.98828125, 8445.2646484375, 8404.52734375, 8353.587890625, 8294.6484375, 8263.46875, 8187.52099609375, 8131.64453125, 8085.0390625, 8022.92431640625, 7981.53271484375, 7939.7255859375, 7898.31005859375, 7869.2568359375, 7853.890625, 7816.80029296875, 7819.94873046875, 7792.787109375, 7785.07177734375, 7777.2080078125, 7774.32568359375, 7768.7900390625, 7751.9140625, 7742.71728515625, 7744.43115234375, 7750.0341796875, 7733.591796875, 7727.06494140625, 7721.97021484375, 7718.720703125, 7709.60205078125, 7710.34765625, 7717.76318359375, 7706.2578125, 7692.44580078125, 7701.10546875, 7681.875, 7678.3095703125, 7669.73828125, 7673.22998046875, 7686.04931640625, 7674.048828125, 7669.63134765625, 7667.3525390625, 7662.74365234375, 7666.12109375, 7659.40625, 7646.73388671875, 7652.58056640625, 7645.5888671875, 7652.25927734375, 7655.8056640625, 7640.84375, 7645.18701171875, 7634.75146484375, 7645.3828125, 7635.1435546875, 7638.72314453125, 7629.1923828125, 7631.39892578125, 7617.5126953125, 7626.0146484375, 7626.37646484375, 7613.27392578125, 7625.2294921875, 7626.46923828125, 7613.48583984375, 7620.78564453125, 7600.35498046875, 7605.908203125, 7613.875, 7612.53173828125, 7605.51708984375, 7603.91552734375, 7593.97265625, 7589.53466796875, 7605.64501953125, 7611.12744140625, 7587.20458984375, 7588.3984375, 7589.60595703125, 7574.93408203125], "root_mean_squared_error": [142.60443115234375, 105.5907211303711, 102.78656768798828, 101.35289764404297, 100.00296783447266, 99.0755386352539, 97.9230728149414, 96.7984619140625, 95.9293441772461, 95.17343139648438, 94.68585205078125, 94.21897888183594, 93.7745590209961, 93.4006118774414, 93.20036315917969, 92.88101196289062, 92.76780700683594, 92.50756072998047, 92.14110565185547, 91.89808654785156, 91.67626953125, 91.39791107177734, 91.07499694824219, 90.90353393554688, 90.48499298095703, 90.17556762695312, 89.9168701171875, 89.57074737548828, 89.33940124511719, 89.10517120361328, 88.8724365234375, 88.70882415771484, 88.6221923828125, 88.41264343261719, 88.43051147460938, 88.27681732177734, 88.23311614990234, 88.18848419189453, 88.172119140625, 88.14073944091797, 88.04493713378906, 87.99272155761719, 88.00248718261719, 88.03430938720703, 87.94083404541016, 87.90379333496094, 87.87477111816406, 87.85625457763672, 87.80435943603516, 87.80850982666016, 87.85078430175781, 87.78534698486328, 87.7065658569336, 87.75599670410156, 87.64630126953125, 87.62596893310547, 87.57698059082031, 87.59691619873047, 87.67005157470703, 87.60162353515625, 87.5765151977539, 87.56340026855469, 87.53706359863281, 87.5563735961914, 87.51800537109375, 87.44559478759766, 87.47897338867188, 87.43904876708984, 87.47724914550781, 87.49750518798828, 87.41189575195312, 87.4367904663086, 87.37713623046875, 87.43790435791016, 87.37925720214844, 87.39983367919922, 87.34530639648438, 87.35792541503906, 87.27840423583984, 87.32703399658203, 87.3291244506836, 87.25405883789062, 87.32259368896484, 87.32967376708984, 87.25527954101562, 87.29708862304688, 87.17998504638672, 87.21186828613281, 87.25747680664062, 87.24986267089844, 87.2095947265625, 87.20047760009766, 87.14337158203125, 87.11798858642578, 87.2103271484375, 87.24177551269531, 87.10462951660156, 87.11141967773438, 87.11830139160156, 87.03411865234375]}