{"loss": [32333320.0, 20433566.0, 19955916.0, 18667394.0, 19153616.0, 19736060.0, 18943312.0, 18360722.0, 17448108.0, 17464916.0, 16816816.0, 15192655.0, 11621809.0, 10612606.0, 10610068.0, 9508677.0, 9436801.0, 8913919.0, 8572252.0, 8672659.0, 8255255.5, 8718388.0, 8142098.5, 8558442.0, 8027959.5, 8162474.0, 8006977.0, 7974808.5, 7957700.0, 8004016.0], "root_mean_squared_error": [232.4429168701172, 191.53521728515625, 182.5614776611328, 177.3905487060547, 176.34596252441406, 176.2779083251953, 174.85040283203125, 171.29798889160156, 167.36434936523438, 167.61209106445312, 164.85281372070312, 161.50405883789062, 154.03250122070312, 149.12655639648438, 147.95106506347656, 144.7274627685547, 144.28150939941406, 142.02249145507812, 141.50926208496094, 142.10165405273438, 139.8231964111328, 140.925537109375, 140.82130432128906, 140.8115997314453, 140.12669372558594, 140.31585693359375, 140.52171325683594, 139.27920532226562, 140.25631713867188, 139.8488006591797]}